Date,ZF=F
2012-03-30,
2012-04-02,-0.001653312984865818
2012-04-03,-0.0035668789808916967
2012-04-04,0.0023651240092048553
2012-04-05,0.0016580575218416715
2012-04-09,0.003756287005793668
2012-04-10,0.0021565393885576434
2012-04-11,-0.0008227848101265423
2012-04-12,-0.000253373028441084
2012-04-13,0.0013939048343154514
2012-04-16,0.0005061689338816677
2012-04-17,-0.0008221083918295014
2012-04-18,0.0004430379746835911
2012-04-19,0.0005061048902386123
2012-04-20,-0.00025292443882385385
2012-04-23,0.001201695022452709
2012-04-24,-0.0008843967150978793
2012-04-25,0.00018968133535657294
2012-04-26,0.0009482268158542695
2012-04-27,0.0005052418845521434
2012-04-30,0.000252493372048912
2012-05-01,-0.0008835037233371201
2012-05-02,0.0005684689236988838
2012-05-03,0.00018938198346063473
2012-05-04,0.0012623074981066296
2012-05-07,6.303580433675293e-05
2012-05-08,0.0008824456350458032
2012-05-09,6.297625795070871e-05
2012-05-10,-0.00031486146095716094
2012-05-11,0.0008818897637794532
2012-05-14,0.0008181760966705642
2012-05-15,-0.0006917368884417074
2012-05-16,-0.00031464350890442194
2012-05-17,-6.294850812038622e-05
2012-05-18,-0.00012590494176900613
2012-05-21,0.0
2012-05-22,-0.0011962475602845801
2012-05-23,0.0015758951084214878
2012-05-24,-0.0011957958335955254
2012-05-25,0.0001890359168241762
2012-05-29,-0.0001890001890001436
2012-05-30,0.002835538752362865
2012-05-31,0.00031416902293424087
2012-06-01,0.001633165829145744
2012-06-04,-0.0021949078138717715
2012-06-05,0.0003770976054302544
2012-06-06,-0.002136080919771355
2012-06-07,0.0005036831832776478
2012-06-08,0.0
2012-06-11,0.000881001824932337
2012-06-12,-0.0020748192392329168
2012-06-13,0.0015751008064515126
2012-06-14,-0.0007548594074353598
2012-06-15,0.0016997167138810276
2012-06-18,-0.00018853695324283493
2012-06-19,-0.0007542900245144368
2012-06-20,-0.0015097188148707197
2012-06-21,0.0006300006300006267
2012-06-22,-0.0006925643770068213
2012-06-25,0.0018271169354837635
2012-06-26,-0.0005031130117603144
2012-06-27,0.00031460391367277296
2012-06-28,0.0011322178890427192
2012-06-29,-0.0018848957024377722
2012-07-02,0.0013848671786478306
2012-07-03,-0.0013829519738496332
2012-07-05,0.0010071761299257354
2012-07-06,0.001320588605206785
2012-07-09,0.0006280223575958477
2012-07-10,0.00018828845791762916
2012-07-11,-0.00031375502008035294
2012-07-12,0.00012554139727583014
2012-07-13,0.0
2012-07-16,0.001506307663340145
2012-07-17,-0.0009400263207369752
2012-07-18,0.0011290929619871548
2012-07-19,-0.0006265664160400863
2012-07-20,0.0013793103448276334
2012-07-23,0.0007513148009015147
2012-07-24,0.0003128128128129237
2012-07-25,6.254299831143229e-05
2012-07-26,-0.0005628517823639267
2012-07-27,-0.0030035667354983975
2012-07-30,0.001820121759869453
2012-07-31,0.0006264879087833908
2012-08-01,-0.0018782870022538978
2012-08-02,0.0011918203487641943
2012-08-03,-0.00250610863980949
2012-08-06,0.0011933923748508324
2012-08-07,-0.0020702634880802595
2012-08-08,-0.0006286540516753369
2012-08-09,-0.00012580990123922664
2012-08-10,0.0013211701793016672
2012-08-13,-0.00012565971349587368
2012-08-14,-0.0016337815759708274
2012-08-15,-0.0018252769385700418
2012-08-16,-0.0007566681379658213
2012-08-17,0.0005679308386445925
2012-08-20,0.00044147325933407977
2012-08-21,6.303977810007133e-05
2012-08-22,0.0030887544125062227
2012-08-23,0.0009426255262992012
2012-08-24,-0.0005022601707684871
2012-08-27,0.000753768844221181
2012-08-28,0.0003138337936228197
2012-08-29,-0.0001882411997239375
2012-08-30,0.0014434542487762325
2012-08-31,0.0023187315911512574
2012-09-04,-0.001000375140677745
2012-09-05,0.00012517211165352649
2012-09-06,-0.0023779724655820234
2012-09-07,0.0014427298958725743
2012-09-10,-0.0005637331663013168
2012-09-11,-0.00018801704687887444
2012-09-12,-0.001002946154328388
2012-09-13,0.0016941707975153264
2012-09-14,-0.0021297920320721975
2012-09-17,-0.00012554927809160787
2012-09-18,0.0005650426921144369
2012-09-19,0.00025098826629865734
2012-09-20,-0.00018819396524683007
2012-09-21,0.0009411469444096099
2012-09-24,0.00043878894251858647
2012-09-25,0.00043859649122812705
2012-09-26,0.0013152126260411734
2012-09-27,-0.0002501876407305925
2012-09-28,-6.256256256254034e-05
2012-10-01,-0.0016267283989238601
2012-10-02,0.0003133421069123621
2012-10-03,0.00043854153614830693
2012-10-04,-0.0008766986035443347
2012-10-05,-0.0015042306486994228
2012-10-08,0.0015692674659468775
2012-10-09,-0.0015041363750313286
2012-10-10,6.276675872451953e-05
2012-10-11,-6.276281930583938e-05
2012-10-12,0.0001255335174492611
2012-10-15,0.00012551776076308307
2012-10-16,-0.0012550200803213007
2012-10-17,-0.003329982407640153
2012-10-18,-0.00031519889049991257
2012-10-19,0.0008828351620633335
2012-10-22,-0.0010080645161290036
2012-10-23,0.0008198789101916404
2012-10-24,0.0005671434873022463
2012-10-25,-0.00220430784733594
2012-10-26,0.002272296913463423
2012-10-31,0.001574406448768828
2012-11-01,-6.287726358145118e-05
2012-11-02,-6.288121738040608e-05
2012-11-05,0.0011948182618537473
2012-11-06,-0.0020727341247409603
2012-11-07,0.0034617321248742172
2012-11-08,0.0006899579752870366
2012-11-09,0.00025072082236432536
2012-11-12,0.00018799348289255668
2012-11-13,0.0006265271599523725
2012-11-14,-6.261348694514002e-05
2012-11-15,6.261740763924273e-05
2012-11-16,0.000500907895560676
2012-11-19,-0.0008135678077476616
2012-11-20,-0.0010021295252411466
2012-11-21,-0.0010031347962382586
2012-11-23,-0.00025103552152627717
2012-11-26,0.0008788449466414772
2012-11-27,0.0005017561465128217
2012-11-28,0.0010030090270811698
2012-11-29,0.00012525050100209434
2012-11-30,0.0006261740763933155
2012-12-03,-0.0005632040050063125
2012-12-04,0.00012522697389028004
2012-12-05,0.0006886621173229912
2012-12-06,6.256256256254034e-05
2012-12-07,-0.0006255864873319084
2012-12-10,0.0001877934272300763
2012-12-11,-0.0005632745024408692
2012-12-12,-0.0003131066441229846
2012-12-13,-0.0015033826108744597
2012-12-14,0.00012547051442912682
2012-12-17,-0.0013172751223183843
2012-12-18,-0.0015074429998115368
2012-12-19,0.0007548594074353598
2012-12-20,0.0
2012-12-21,0.0006914325224716134
2012-12-24,-0.0006909547738693789
2012-12-26,0.00031428751021445045
2012-12-27,0.0016337815759708274
2012-12-28,0.00012547051442912682
2012-12-31,0.00012545477355407897
2013-01-02,-0.0030105368790768194
2013-01-03,-0.001950176144942084
2013-01-04,-0.0004412228175229016
2013-01-07,0.0001261193088661905
2013-01-08,0.001008827238335508
2013-01-09,0.0010707986898463862
2013-01-10,-0.0011954948719562486
2013-01-11,0.00037797656545301983
2013-01-14,0.0005667506297228897
2013-01-15,0.0008811127194914281
2013-01-16,0.0001886436521409962
2013-01-17,-0.0019489500817301275
2013-01-18,0.0010708661417322407
2013-01-22,0.0005663226780769914
2013-01-23,-6.288912647001155e-05
2013-01-24,-0.0002515723270439807
2013-01-25,-0.003522898842476141
2013-01-28,-0.0010732323232323093
2013-01-29,0.00031599570245854913
2013-01-30,0.00031589588071767594
2013-01-31,0.0003157961220237038
2013-02-01,0.00025255714105321125
2013-02-04,0.001262466860245004
2013-02-05,-0.0011978312949186831
2013-02-06,0.0014517452502682548
2013-02-07,0.0004411950081937288
2013-02-08,-6.300006300008487e-05
2013-02-11,-0.0004410282258064946
2013-02-12,-0.0010715411282697929
2013-02-13,-0.0012619888944976898
2013-02-14,0.0017058377558756277
2013-02-15,-0.0003784295175023322
2013-02-19,-0.0005678591709256109
2013-02-20,0.0006313131313131493
2013-02-21,0.0011356466876970561
2013-02-22,0.0005041593143433332
2013-02-25,0.0019526329050139068
2013-02-26,0.00044005783617273586
2013-02-27,-6.283775292192928e-05
2013-02-28,0.00043989191227300495
2013-03-01,0.0006281407035175768
2013-03-04,-0.0005021971123666535
2013-03-05,-0.0005652556211531712
2013-03-06,-0.0010054672280525034
2013-03-07,-0.0018242435679688418
2013-03-08,-0.0013864381144441662
2013-03-11,6.31074088097705e-05
2013-03-12,0.0008203445447088065
2013-03-13,-0.0001891551071878661
2013-03-14,-6.30636312038968e-05
2013-03-15,0.0015766902119072057
2013-03-18,0.0008815565770416978
2013-03-19,0.0010066058508964026
2013-03-20,-0.0002513984036200956
2013-03-21,-0.00031432702583766847
2013-03-22,0.00031442585838248327
2013-03-25,0.0001257308103350674
2013-03-26,0.0005657175183857444
2013-03-27,0.0015077271013945737
2013-03-28,-0.0008154560281018464
2013-04-01,-0.0023228074580953217
2013-04-02,-0.00044047319405993157
2013-04-03,0.0016997167138810276
2013-04-04,0.0012569130216188995
2013-04-05,0.0004393673110720808
2013-04-08,-0.0006901311249137843
2013-04-09,6.278252134594986e-05
2013-04-10,-0.0013811287588674226
2013-04-11,0.00031432702583766847
2013-04-12,0.0013826043237807895
2013-04-15,6.275888038165256e-05
2013-04-16,-0.0003137747097583521
2013-04-17,-6.277463904580394e-05
2013-04-18,-6.277857994851921e-05
2013-04-19,-0.0003139126067303044
2013-04-22,0.0005024178860766337
2013-04-23,-0.00018831209591363418
2013-04-24,0.00043947764942231515
2013-04-25,-0.00012550988390336304
2013-04-26,0.0011297307475051088
2013-04-29,0.0002507679769292448
2013-04-30,-6.267627702916112e-05
2013-05-01,0.0008775228782751388
2013-05-02,0.00018787575150303049
2013-05-03,-0.0028802203994739983
2013-05-06,-0.0006907378335949677
2013-05-07,-0.00018851325876589886
2013-05-08,0.00031424800452506396
2013-05-09,-0.00025131942699174736
2013-05-10,-0.002576671694318744
2013-05-13,-0.00025203200806500625
2013-05-14,-0.0007562866326337181
2013-05-15,0.00037842951750244325
2013-05-16,0.002143622722400762
2013-05-17,-0.0020132117017930273
2013-05-20,-0.00018911933429999195
2013-05-21,0.00025220680958382147
2013-05-22,-0.002458396369137694
2013-05-23,-6.319115323849545e-05
2013-05-24,0.0003159757330637447
2013-05-28,-0.004169562195969423
2013-05-29,-0.0003171985028230795
2013-05-30,0.00012691965985522913
2013-05-31,-0.001142131979695482
2013-06-03,0.0006987676280014732
2013-06-04,-0.000507839776550445
2013-06-05,0.000698634487138694
2013-06-06,0.0005077430820004114
2013-06-07,-0.0028546054300938595
2013-06-10,-0.0013995801259621965
2013-06-11,0.0004459450850480273
2013-06-12,-0.0010825267447783782
2013-06-13,0.0017849174475681462
2013-06-14,0.002990773146675174
2013-06-17,-0.0008247684304022451
2013-06-18,0.0
2013-06-19,-0.006222617309035505
2013-06-20,-0.002875215641173101
2013-06-21,-0.00397283096245038
2013-06-24,-0.0010293360782295258
2013-06-25,-0.0010947964966512291
2013-06-26,0.0020630520275932707
2013-06-27,0.002573505758219241
2013-06-28,-0.001219277417698783
2013-07-01,-0.0048188126445644075
2013-07-02,0.0005810575246949501
2013-07-03,-0.0014195380049039086
2013-07-05,-0.0072370121478417815
2013-07-08,0.0038401457953658458
2013-07-09,0.0008428969720546409
2013-07-10,-0.0009069707178025466
2013-07-11,0.004992867332382245
2013-07-12,-0.001613007290792945
2013-07-15,0.0016802378182758648
2013-07-16,0.000967741935483879
2013-07-17,0.0021914276506607155
2013-07-18,-0.000514502540356343
2013-07-19,0.00135126439740052
2013-07-22,-0.00025703637064644624
2013-07-23,-0.00032137806916054945
2013-07-24,-0.00212177714910311
2013-07-25,-0.0003865979381443285
2013-07-26,0.002449400541446378
2013-07-29,-0.000643004115226331
2013-07-30,-0.0005790760519881477
2013-07-31,0.00012875812785684282
2013-08-01,-0.004312841969745684
2013-08-02,0.005818463925523654
2013-08-05,-0.001349787890474352
2013-08-06,6.436248954111434e-05
2013-08-07,0.0007079418200539589
2013-08-08,0.00045018972281174463
2013-08-09,0.0
2013-08-12,-0.0005785548984315048
2013-08-13,-0.0037949443622563583
2013-08-14,0.0003228305785123453
2013-08-15,-0.001871813076873452
2013-08-16,-0.0017459906880497034
2013-08-19,-0.001489926799248531
2013-08-20,0.0024004152069547757
2013-08-21,-0.002524108471943509
2013-08-22,-0.0032442252790033654
2013-08-23,0.0019528707199583106
2013-08-26,0.0011694386694387493
2013-08-27,0.0027255029201818104
2013-08-28,-0.0019414962464405772
2013-08-29,0.0009726364933211329
2013-08-30,-0.00025911770421715996
2013-09-03,-0.0027862372837426097
2013-09-04,-0.0029889538661468373
2013-09-05,-0.004040667361835282
2013-09-06,0.0028792042926317762
2013-09-09,0.0028056896776720297
2013-09-10,-0.002147179387077869
2013-09-11,0.0022822117892540295
2013-09-12,0.0
2013-09-13,6.505757595465234e-05
2013-09-16,0.0030575071558678335
2013-09-17,0.0007782605875867876
2013-09-18,0.006804484479294937
2013-09-19,-0.0014160659114315077
2013-09-20,0.0
2013-09-23,0.0005156632718834597
2013-09-24,0.0016750418760469454
2013-09-25,0.0014149729868793148
2013-09-26,-0.0003853564547205979
2013-09-27,0.0011565150346954933
2013-09-30,-0.0005134129123347542
2013-10-01,-0.006549377167073378
2013-10-02,0.0015511892450879028
2013-10-03,0.0009034589571501606
2013-10-04,-0.0017408123791102792
2013-10-07,0.0
2013-10-08,-0.000775043596202285
2013-10-09,0.0005817335660267542
2013-10-10,-0.0004521963824289932
2013-10-11,0.0010340593291540134
2013-10-14,-0.0013558008909548835
2013-10-15,0.0006464959917249491
2013-10-16,0.0015505879312571746
2013-10-17,0.002773835634111821
2013-10-18,-0.0005789642972017228
2013-10-21,-0.0006436663233779782
2013-10-22,0.0028983640345228157
2013-10-23,0.0001926658531885561
2013-10-24,-0.0010273532811095887
2013-10-25,0.001092685435145846
2013-10-28,0.0001284109149277679
2013-10-29,0.0005777749245683417
2013-10-30,-0.0007057615809059614
2013-10-31,6.420545746399497e-05
2013-11-01,-0.0020544427324088455
2013-11-04,0.0009006690684507657
2013-11-05,-0.0009641342074816484
2013-11-06,0.0019301293186644308
2013-11-07,0.0009632055480639501
2013-11-08,-0.0037208108801641826
2013-11-11,-0.0004507405022536881
2013-11-12,-0.001030728596276509
2013-11-13,0.0022570452053911616
2013-11-14,0.0024449877750611915
2013-11-15,-0.0003209242618742447
2013-11-18,0.0010272873194221432
2013-11-19,-0.0014752100570841753
2013-11-20,0.0
2013-11-21,0.00019270298047269208
2013-11-22,0.0003211097553144082
2013-11-25,0.00038520801232655444
2013-11-26,0.00166859196508784
2013-11-27,-0.0008329062019477584
2013-11-29,-0.0003206155819173162
2013-12-02,-0.002052597819114821
2013-12-03,0.0012212366628101545
2013-12-04,-0.0021827052705912786
2013-12-05,-0.0011580775911985697
2013-12-06,-0.0010305958132045268
2013-12-09,0.0002579147591721398
2013-12-10,0.0018693998581833515
2013-12-11,-0.0014155192381932746
2013-12-12,-0.0017396907216494784
2013-12-13,-6.454527851285086e-05
2013-12-16,0.00019364833462431896
2013-12-17,0.001484349790255024
2013-12-18,-0.0005155303518494803
2013-12-19,-0.0034816247582205584
2013-12-20,-0.0009057971014492239
2013-12-23,-0.0009066183136899886
2013-12-24,-0.001879699248120259
2013-12-26,0.00012987856354307326
2013-12-27,0.0001298616972924549
2013-12-30,0.001103681101084275
2013-12-31,-0.0009079118028534339
2014-01-02,-0.007918992600285613
2014-01-03,-0.00045799528919132637
2014-01-06,0.0013091575571120284
2014-01-07,0.0009152121330979757
2014-01-08,-0.003788126183789431
2014-01-09,0.0007211696059792327
2014-01-10,0.005044549266247422
2014-01-13,0.001303695978097874
2014-01-14,-0.0021482976368726314
2014-01-15,-0.0011743215031315701
2014-01-16,0.0012410189418681217
2014-01-17,0.0005871224476483583
2014-01-21,-0.00045638284000526497
2014-01-22,-0.002087274150414209
2014-01-23,0.004444734949996754
2014-01-24,0.001041192165028848
2014-01-27,-0.000845088734317101
2014-01-28,0.0014313597918023113
2014-01-29,0.0025337837837837718
2014-01-30,-0.0006480461408852056
2014-01-31,0.0012320861163348518
2014-02-03,0.0028497409326424528
2014-02-04,-0.0007749935417205034
2014-02-05,-0.000969493278179967
2014-02-06,-0.0009057385003558016
2014-02-07,0.0022016447581427734
2014-02-10,-0.0006461200491051367
2014-02-11,-0.001939613370401494
2014-02-12,-0.0015547062253028487
2014-02-13,0.002660092130020164
2014-02-14,-0.0007117898278762302
2014-02-18,0.00181311921258831
2014-02-19,-0.0013573783207291301
2014-02-20,-0.0011650485436893732
2014-02-21,0.0005184033177811909
2014-02-24,-0.0005181347150259308
2014-02-25,0.0016200103680663602
2014-02-26,0.0012939121433654943
2014-02-27,0.0009691800736577605
2014-02-28,-0.0010327911179963678
2014-03-03,0.0016154044972860326
2014-03-04,-0.0023869427778853147
2014-03-05,-0.00019399896533889294
2014-03-06,-0.0011642196494405788
2014-03-07,-0.0027844330764748015
2014-03-10,0.0006493506493505663
2014-03-11,0.0006489292667100077
2014-03-12,0.0011024643320363126
2014-03-13,0.0023968387640085353
2014-03-14,-6.462453147215719e-05
2014-03-17,-0.001938861242163803
2014-03-18,0.0010360681214789391
2014-03-19,-0.006274662009185583
2014-03-20,-0.0006509569066527332
2014-03-21,-0.0002605523710266233
2014-03-24,-0.0007818608287725182
2014-03-25,0.000717266562336949
2014-03-26,0.001759301492148202
2014-03-27,-6.50448809678128e-05
2014-03-28,-0.001040785793273935
2014-03-31,0.00026046753923303356
2014-04-01,-0.009244189831391192
2014-04-02,-0.002299756882843784
2014-04-03,0.0001317175974711038
2014-04-04,0.0035559067562227487
2014-04-07,0.001246719160104881
2014-04-08,0.0003276754702143947
2014-04-09,0.0016378406708594806
2014-04-10,0.002420040552030933
2014-04-11,0.00039149158293105835
2014-04-14,-0.0014349073832506942
2014-04-15,-0.00071848465055524
2014-04-16,-0.0014380024838224204
2014-04-17,-0.002880146625646396
2014-04-21,0.00045952865489407024
2014-04-22,-0.0009186351706036433
2014-04-23,0.0015762511493497833
2014-04-24,-0.0001311475409836449
2014-04-25,0.00045907660020994
2014-04-28,0.0003933136676499416
2014-04-29,-0.0006552650547145822
2014-04-30,0.0025572093633203785
2014-05-01,0.00104643557880979
2014-05-02,-0.000980007840062691
2014-05-05,0.0
2014-05-06,-6.539794650450848e-05
2014-05-07,0.0015696533682145741
2014-05-08,0.00130599451482305
2014-05-09,-0.0001304291117777412
2014-05-12,-0.0011740151317506387
2014-05-13,0.001632493143528757
2014-05-14,0.0023469587326423458
2014-05-15,0.00104065040650414
2014-05-16,-0.00038983821713989286
2014-05-19,0.0004549886252842583
2014-05-20,0.0014293139293140023
2014-05-21,-0.0007136369534189724
2014-05-22,-0.001103681101084164
2014-05-23,0.0011698947094760381
2014-05-27,0.0
2014-05-28,0.0024019735133731235
2014-05-29,-0.0007123890939706445
2014-05-30,-0.0004536616979908814
2014-06-02,-0.002917720287881731
2014-06-03,-0.0013005592404734534
2014-06-04,-0.0002604505795025247
2014-06-05,0.0008466849029569179
2014-06-06,-0.0011062666753433037
2014-06-09,-0.0013029315960911836
2014-06-10,-0.0009132420091324533
2014-06-11,0.0005876207887176577
2014-06-12,0.001500815660685051
2014-06-13,-0.0014334115194162278
2014-06-16,-0.00032624298577577093
2014-06-17,-0.0020886365119769934
2014-06-18,0.0013081300281247987
2014-06-19,0.001306421059507512
2014-06-20,-0.0004566507926152541
2014-06-23,-0.0002610625244746645
2014-06-24,0.001044522783653301
2014-06-25,0.0012390765618885968
2014-06-26,0.001563212401485048
2014-06-27,0.0002601287637380434
2014-06-30,0.00013003055718097123
2014-07-01,-0.007280764480270374
2014-07-02,-0.0024228930652870906
2014-07-03,-0.001312852829197797
2014-07-07,6.572893387679635e-05
2014-07-08,0.0015116661189615854
2014-07-09,0.0009187557422234427
2014-07-10,0.001311303435614919
2014-07-11,0.00032739654269242635
2014-07-14,-0.001374615434967641
2014-07-15,-0.0009176717357105568
2014-07-16,-0.0004592573153129331
2014-07-17,0.002034788316376712
2014-07-18,-0.0006550504388838085
2014-07-21,-0.0007865757734661916
2014-07-22,0.0012463920230909586
2014-07-23,0.0003931075149052887
2014-07-24,-0.002030257384242562
2014-07-25,0.0009843811523821966
2014-07-28,-0.001048973972333278
2014-07-29,0.0009188160399029588
2014-07-30,-0.002885056717592316
2014-07-31,0.00026303675938721405
2014-08-01,0.003944513838669339
2014-08-04,0.0005238687708728484
2014-08-05,-0.00032724654754889837
2014-08-06,0.0006547073458165187
2014-08-07,0.0020282648521330326
2014-08-08,-0.00032647730982693357
2014-08-11,-0.0001306335728281649
2014-08-12,0.00013065064018813466
2014-08-13,0.0016329196603526164
2014-08-14,0.0003260515161396249
2014-08-15,0.0011734028683181297
2014-08-18,-0.0009115770282588365
2014-08-19,-0.0005213764337852478
2014-08-20,-0.002151799687010958
2014-08-21,0.00026138665621111556
2014-08-22,-0.0013719213431763189
2014-08-25,-0.00039251602773782146
2014-08-26,0.0007853403141360182
2014-08-27,0.0009809050483913229
2014-08-28,0.0009146142287841386
2014-08-29,0.0001958096729979264
2014-09-02,-0.0022839989558861573
2014-09-03,-6.540650140618443e-05
2014-09-04,-0.0008503401360544505
2014-09-05,0.001309328968903456
2014-09-08,-0.0011768551814318462
2014-09-09,-0.001767362702101205
2014-09-10,-0.0006557377049180024
2014-09-11,6.561679790029196e-05
2014-09-12,-0.0011154123745160671
2014-09-15,0.0010509721492379942
2014-09-16,0.0009186351706036433
2014-09-17,-0.001311131506490093
2014-09-18,-0.0017067086779571916
2014-09-19,0.0007890583903209514
2014-09-22,0.0015768725361366975
2014-09-23,0.0010495932826029009
2014-09-24,-0.0011795543905636086
2014-09-25,0.0022306783886629766
2014-09-26,-0.0015056297460067647
2014-09-29,0.0011800957188750072
2014-09-30,6.548359635916157e-05
2014-10-01,-0.004714510214772094
2014-10-02,-0.0006578947368420796
2014-10-03,-0.00157998683344307
2014-10-06,0.002175919820651462
2014-10-07,0.002368576880057871
2014-10-08,0.0029537249753857076
2014-10-09,0.00013089005235600304
2014-10-10,0.0005234916895693331
2014-10-13,0.003597122302158251
2014-10-14,0.0009775171065493637
2014-10-15,0.0059244791666666075
2014-10-16,-0.002394667011843876
2014-10-17,-0.0018165304268846771
2014-10-20,0.0011698947094760381
2014-10-21,-0.00032459101532067436
2014-10-22,-0.0012987856354308436
2014-10-23,-0.001950712009883615
2014-10-24,0.0001954524724738782
2014-10-27,0.0007165190203231031
2014-10-28,-0.0007810974419059091
2014-10-29,-0.004038824832258481
2014-10-30,0.0012427235267185033
2014-10-31,-0.001371831721975414
2014-11-03,-0.000915810819650642
2014-11-04,0.0
2014-11-05,0.00013095004255880838
2014-11-06,-0.0010474631751227204
2014-11-07,0.0030146143259714986
2014-11-10,-0.0020254818686703535
2014-11-11,-0.0006547073458164077
2014-11-12,0.0009171907756813091
2014-11-13,0.0009163503076319301
2014-11-14,0.0008501177086057687
2014-11-17,-0.00084939562234565
2014-11-18,0.0008501177086057687
2014-11-19,-0.0009800718719372714
2014-11-20,0.0009156311314584276
2014-11-21,0.0007187663355985308
2014-11-24,0.0005223636957232269
2014-11-25,0.0013704888076746524
2014-11-26,0.001173096976016641
2014-11-28,0.0015622965759667373
2014-12-01,-0.0003899649031586794
2014-12-02,-0.002600780234070177
2014-12-03,-0.00071707953063882
2014-12-04,0.0009133015852305082
2014-12-05,-0.004366812227074246
2014-12-08,0.0005891594658287147
2014-12-09,0.0017010140660778106
2014-12-10,0.0023512507347658307
2014-12-11,-0.001498664234052205
2014-12-12,0.0030670843121900493
2014-12-15,-0.0017565545507773894
2014-12-16,0.002085505735140769
2014-12-17,-0.0039021852237253185
2014-12-18,-0.0013711151736746086
2014-12-19,0.0
2014-12-22,-0.0006538084341287664
2014-12-23,-0.0026169447170428795
2014-12-24,6.559527714000701e-05
2014-12-26,0.000131181949363679
2014-12-29,0.001836306400839538
2014-12-30,0.0010473946059177397
2014-12-31,0.001111692388176877
2015-01-02,-0.004245868443399359
2015-01-05,0.001836788244555132
2015-01-06,0.003208486118386533
2015-01-07,0.0008485085829905703
2015-01-08,-0.0007825746706664471
2015-01-09,0.0023495627202714253
2015-01-12,0.0023440552155229444
2015-01-13,0.0014291282317786536
2015-01-14,0.002464971458225218
2015-01-15,0.0032354083085286423
2015-01-16,-0.002708978328173406
2015-01-20,-0.00038804811796666616
2015-01-21,-0.0016821946169772728
2015-01-22,-0.0015554115359689424
2015-01-23,0.002206932364013925
2015-01-26,-0.0012305699481864885
2015-01-27,0.0007781596524221168
2015-01-28,0.0038229767381585678
2015-01-29,-0.0012264394526206868
2015-01-30,0.003813093776255494
2015-02-02,6.438320885915338e-05
2015-02-03,-0.0037339857078477756
2015-02-04,-0.00038772213247173504
2015-02-05,-0.00025858167948800137
2015-02-06,-0.007048173294535998
2015-02-09,-0.0008465746288095488
2015-02-10,-0.001042820830346125
2015-02-11,0.0
2015-02-12,0.0011091537809095886
2015-02-13,-0.0006517205422315042
2015-02-17,-0.004043302465110199
2015-02-18,0.004387113672079668
2015-02-19,-0.0021513788382554466
2015-02-20,-0.0012413432640794309
2015-02-23,0.002551187283312606
2015-02-24,0.003719170037844277
2015-02-25,-0.00019502047715014292
2015-02-26,-0.002405721716514986
2015-02-27,0.001042820830346125
2015-03-02,-0.0027996614362914007
2015-03-03,-0.0015016975711673597
2015-03-04,0.000980840907604863
2015-03-05,0.0012411810817873903
2015-03-06,-0.004762836823905547
2015-03-09,0.0017044709584370654
2015-03-10,0.001636125654450371
2015-03-11,-6.533812479581069e-05
2015-03-12,0.0013721902770518213
2015-03-13,6.525285481240317e-05
2015-03-16,0.0005872373743964765
2015-03-17,0.0003260515161396249
2015-03-18,0.0059322033898305815
2015-03-19,-0.002268161493098275
2015-03-20,0.002663029358274782
2015-03-23,0.0006477942605429554
2015-03-24,0.001165274810642769
2015-03-25,-0.0014225670869705276
2015-03-26,-0.0022016447581428844
2015-03-27,0.0022065026932311937
2015-03-30,-0.00012950851518489515
2015-03-31,0.0020724046370053095
2015-04-01,-0.003748465068183271
2015-04-02,-0.00045410314628613335
2015-04-06,0.0018821391484942218
2015-04-07,-0.0009716913908143221
2015-04-08,-0.00012968486577613625
2015-04-09,-0.0023346303501945442
2015-04-10,-0.000455018200728019
2015-04-13,0.00110554724588674
2015-04-14,0.001494088605950461
2015-04-15,0.0009080884737626693
2015-04-16,0.0014257015099474746
2015-04-17,-0.00019413706076487625
2015-04-20,-0.000970873786407811
2015-04-21,-0.0007126660187884992
2015-04-22,-0.00188018672199175
2015-04-23,0.0014290354011041728
2015-04-24,0.0016215865602906554
2015-04-27,-0.0006475845097785315
2015-04-28,-0.0014256091238984414
2015-04-29,-0.0012978585334199044
2015-04-30,-0.0008447043534762777
2015-05-01,-0.0024712232555115232
2015-05-04,0.0003259664906447579
2015-05-05,-0.0018248175182481452
2015-05-06,-0.0011752415774353153
2015-05-07,0.000653680219636632
2015-05-08,0.002939639404233141
2015-05-11,-0.0037777633035889213
2015-05-12,0.0010460934946061595
2015-05-13,0.0007837502449219436
2015-05-14,0.0022188866409971197
2015-05-15,0.0018232727746305688
2015-05-18,-0.0027949301267468085
2015-05-19,-0.0022161387042106684
2015-05-20,0.001567807682257616
2015-05-21,0.0017610226976259025
2015-05-22,-0.0027996614362914007
2015-05-26,0.0023504831548706306
2015-05-27,-0.0001954142782699675
2015-05-28,0.0014333181314742927
2015-05-29,0.0014312666710039057
2015-06-01,-0.003443123497693712
2015-06-02,-0.0017601043024771945
2015-06-03,-0.002677463593025564
2015-06-04,0.0018334206390779872
2015-06-05,-0.0037908496732026453
2015-06-08,0.0016402046975463325
2015-06-09,-0.0009170105456213218
2015-06-10,-0.0017701435783125108
2015-06-11,0.002364376724024675
2015-06-12,-0.0002620888481195127
2015-06-15,0.0012452483942848591
2015-06-16,0.0012436996792564159
2015-06-17,0.0023535564853556235
2015-06-18,-0.0007826767545003888
2015-06-19,0.0026109660574411553
2015-06-22,-0.002799479166666674
2015-06-23,-0.0015015995299340057
2015-06-24,0.0011769321302470548
2015-06-25,-0.0005877742946708286
2015-06-26,-0.0020257465856368118
2015-06-29,0.0050419067574647425
2015-06-30,0.0001954524724738782
2015-07-01,-0.008923918707660294
2015-07-02,0.0026289845547158297
2015-07-06,0.003998688954441221
2015-07-07,0.0012405327761817464
2015-07-08,0.0015650472774697555
2015-07-09,-0.0029298782472817475
2015-07-10,-0.004375081624657162
2015-07-13,-0.0009838000918213075
2015-07-14,0.0017069327731091821
2015-07-15,0.0016384847293222649
2015-07-16,-0.0015049401295557097
2015-07-17,-0.0007208387942332362
2015-07-20,-0.0013771394845563112
2015-07-21,0.001838718150774854
2015-07-22,-0.0002621919244887305
2015-07-23,0.0013768686073958314
2015-07-24,0.0008511752766320324
2015-07-27,0.0023550961664267067
2015-07-28,-0.0005873906800678563
2015-07-29,-0.0007183438908117123
2015-07-30,-0.0006535093451836005
2015-07-31,0.0031388961548521888
2015-08-03,0.0012385919165580628
2015-08-04,-0.0035158538967380304
2015-08-05,-0.0020254818686703535
2015-08-06,0.001178473222469556
2015-08-07,0.001177086058069543
2015-08-10,-0.0013063357282822041
2015-08-11,0.003924133420536213
2015-08-12,0.00097719869706836
2015-08-13,-0.0027985681744223667
2015-08-14,-0.0009789844667797976
2015-08-17,0.0017638988697981084
2015-08-18,-0.0007825746706664471
2015-08-19,0.0033938128181698612
2015-08-20,0.00026017952387147325
2015-08-21,0.0022759786708284047
2015-08-24,0.0029844936092908725
2015-08-25,-0.004463419367358834
2015-08-26,0.00032488628979865375
2015-08-27,-0.0005846053913608484
2015-08-28,-0.002079812816846438
2015-08-31,-0.0011723329425556983
2015-09-01,0.001434533124673898
2015-09-02,-0.0007162390936319429
2015-09-03,0.001498664234052205
2015-09-04,0.0009759271307743234
2015-09-08,-0.0020799480012999583
2015-09-09,0.000521070800495016
2015-09-10,-0.000846299069071077
2015-09-11,0.001954652071931129
2015-09-14,0.0
2015-09-15,-0.003901677721420249
2015-09-16,-0.00039169604386990464
2015-09-17,0.004898119122257016
2015-09-18,0.0023396373562096784
2015-09-21,-0.002399014458924986
2015-09-22,0.0027947484726373872
2015-09-23,-0.0005833171300797524
2015-09-24,0.0006485084306095956
2015-09-25,-0.001166558651976679
2015-09-28,0.002076304178562083
2015-09-29,0.0018777518777519653
2015-09-30,-0.0003877722484327828
2015-10-01,-0.002780112497575482
2015-10-02,0.003825207468879599
2015-10-05,-0.0024543047213072544
2015-10-06,0.0007122045969569779
2015-10-07,-0.0014880952380952328
2015-10-08,-0.0011663318862178418
2015-10-09,-0.0003243593902043651
2015-10-12,0.0012329656067489037
2015-10-13,0.00071294315898629
2015-10-14,0.0034326424870465555
2015-10-15,-0.0024527205834893318
2015-10-16,-0.0005176318343578235
2015-10-19,0.00025894995792064
2015-10-20,-0.0019416219014950498
2015-10-21,0.0009726995655274795
2015-10-22,0.0005182689816014552
2015-10-23,-0.002784252784252761
2015-10-26,0.0006493084864618304
2015-10-27,0.0017519953280125122
2015-10-28,-0.00459904132659672
2015-10-29,-0.002277607861000841
2015-10-30,-6.522306287504165e-05
2015-11-02,-0.001565455612810629
2015-11-03,-0.0013065917554060391
2015-11-04,-0.0018970366978477982
2015-11-05,-0.0004587757242102697
2015-11-06,-0.0037374598386991087
2015-11-09,0.0
2015-11-10,0.0017112017901803611
2015-11-11,-0.00111695137976342
2015-11-12,0.00046043544037366324
2015-11-13,0.0019723865877712132
2015-11-16,0.0009186351706036433
2015-11-17,-0.0001966697259735417
2015-11-18,-0.0005901252376893096
2015-11-19,0.00019682456370562207
2015-11-20,-0.00045916693998027114
2015-11-23,0.0003281270507939915
2015-11-24,0.0006560388374992066
2015-11-25,0.00013112174654161812
2015-11-27,0.0005244182235333295
2015-11-30,-0.0002620716766035258
2015-12-01,0.0024247984795857658
2015-12-02,-0.0016997907949790614
2015-12-03,-0.003863785199738068
2015-12-04,0.0010518703569784016
2015-12-07,0.0016418204505155298
2015-12-08,0.0
2015-12-09,0.0020980854969840923
2015-12-10,-0.0018319811567651945
2015-12-11,0.004522810697430435
2015-12-14,-0.0032626427406199365
2015-12-15,-0.0016366612111292644
2015-12-16,-0.0019016393442622403
2015-12-17,0.00019709611720641895
2015-12-18,0.001970572779821378
2015-12-21,0.0004588960272715603
2015-12-22,-0.0018347421532010078
2015-12-23,-0.0004595286548939592
2015-12-24,0.00045973991856040897
2015-12-28,6.564695069921633e-05
2015-12-29,-0.0026913482998556226
2015-12-30,0.00026327914171009326
2015-12-31,0.0009870369151805392
2016-01-04,-0.0031554036287141374
2016-01-05,0.0006594566077551267
2016-01-06,0.003229207855542482
2016-01-07,0.0017736320042041065
2016-01-08,0.0017049180327868285
2016-01-11,0.0002618486514793794
2016-01-12,0.001505235602094146
2016-01-13,0.0010455466248449063
2016-01-14,6.527841242909282e-05
2016-01-15,0.002937336814621494
2016-01-19,-0.0005206638464041458
2016-01-20,0.002344207853096414
2016-01-21,-0.0005197167543689041
2016-01-22,-0.0016899577510561814
2016-01-25,0.0003906504329709293
2016-01-26,0.0012365766352098184
2016-01-27,0.0003250130005201246
2016-01-28,0.001039703684449833
2016-01-29,0.00266147354754942
2016-02-01,-0.0022012171435970007
2016-02-02,0.004217492862704342
2016-02-03,0.0003876720294631042
2016-02-04,0.0009688044952529395
2016-02-05,-0.00032262227384183273
2016-02-08,0.004259988381849933
2016-02-09,-0.00019281444822927263
2016-02-10,0.0005142710208279055
2016-02-11,0.001734772552043129
2016-02-12,-0.0040407927650567554
2016-02-16,-0.0006439979392065531
2016-02-17,-0.0019332388194355232
2016-02-18,0.001936983471074294
2016-02-19,-0.0007732955277741649
2016-02-22,-0.0008383851412356869
2016-02-23,0.0009036338991803561
2016-02-24,0.0003224350293415945
2016-02-25,0.0023207839092316274
2016-02-26,-0.0037947002829945564
2016-02-29,0.0007747433662599335
2016-03-01,-0.0037416940842526225
2016-03-02,-0.0010360681214789391
2016-03-03,0.0007130355869580107
2016-03-04,-0.0023319082782743417
2016-03-07,-0.0014283859239060392
2016-03-08,0.0026657997399219813
2016-03-09,-0.001361779391738538
2016-03-10,-0.002077922077922123
2016-03-11,-0.0014966163456533454
2016-03-14,6.516780710330572e-05
2016-03-15,-0.0004561449237586723
2016-03-16,0.003911597887737095
2016-03-17,0.001233846353659418
2016-03-18,0.0017511998962251862
2016-03-21,-0.0014891550663644892
2016-03-22,-0.0013616910906497637
2016-03-23,0.0025972339458477656
2016-03-24,-0.0008419143837834486
2016-03-28,0.0009722582317863715
2016-03-29,0.003172958622029487
2016-03-30,0.0012909888974954598
2016-03-31,0.0012893243940175214
2016-04-01,-0.002575328354365136
2016-04-04,0.0007100438936225029
2016-04-05,0.0018061020447655007
2016-04-06,-0.0005794861889124592
2016-04-07,0.002512562814070307
2016-04-08,-0.0007711586658954994
2016-04-11,0.00012862563508897473
2016-04-12,-0.0023792682142627086
2016-04-13,0.0
2016-04-14,-0.00090241072579611
2016-04-15,0.0012258064516128542
2016-04-18,-0.000773245698820757
2016-04-19,-0.0010317920938930358
2016-04-20,-0.003098573365179824
2016-04-21,-0.0005180340607394696
2016-04-22,-0.0007126660187884992
2016-04-25,-0.000389004149377592
2016-04-26,-0.0010377480866519129
2016-04-27,0.0025321386832879433
2016-04-28,0.0015543034777540932
2016-04-29,0.0007759456838021261
2016-05-02,-0.0016799121276732665
2016-05-03,0.002782991392142886
2016-05-04,0.0007099522395765945
2016-05-05,0.0012899064817801786
2016-05-06,-0.0009017713365538915
2016-05-09,0.0014183482689704707
2016-05-10,-6.437906392842141e-05
2016-05-11,6.438320885915338e-05
2016-05-12,-0.0018026137899954664
2016-05-13,0.0013544018058690988
2016-05-16,-0.0022542831379621653
2016-05-17,-0.0010328577883932377
2016-05-18,-0.00516962843295643
2016-05-19,0.0014290354011041728
2016-05-20,6.48634624116351e-05
2016-05-23,0.0
2016-05-24,-0.0009080295758204793
2016-05-25,-0.0002596728122565839
2016-05-26,0.002337662337662305
2016-05-27,-0.000647836227001819
2016-05-31,0.000259302476338652
2016-06-01,-0.001166558651976679
2016-06-02,0.0012328056060213477
2016-06-03,0.00531397835525893
2016-06-06,-0.00019338619222586395
2016-06-07,0.0005802707930366857
2016-06-08,-0.00012887428313679283
2016-06-09,0.0007733453631499909
2016-06-10,0.002060660699336747
2016-06-13,0.0014137908874751748
2016-06-14,0.00019251748700499505
2016-06-15,0.0014756833055304952
2016-06-16,0.0007687872381318961
2016-06-17,-0.0017284424812752386
2016-06-20,-0.0014107990252660851
2016-06-21,-0.0012201387105060801
2016-06-22,0.00045007394071894247
2016-06-23,-0.0022493573264781297
2016-06-24,0.006505636070853527
2016-06-27,0.0035197747344168917
2016-06-28,-0.00019131432944330395
2016-06-29,-0.001084321979844316
2016-06-30,0.00044697018070372074
2016-07-01,-0.00217002808271638
2016-07-05,0.0028143789177432765
2016-07-06,-0.001084321979844316
2016-07-07,0.00012770576591525362
2016-07-08,0.0002553789184702726
2016-07-11,-0.002999936171570794
2016-07-12,-0.0023687580025608668
2016-07-13,0.0009625874350254193
2016-07-14,-0.001538658802410553
2016-07-15,-0.0025041736227044975
2016-07-18,0.0008368200836819106
2016-07-19,0.0005145356315925387
2016-07-20,-0.0012213936744664977
2016-07-21,0.0016734247280685288
2016-07-22,-0.0007710595643513063
2016-07-25,-0.0007716545559770527
2016-07-26,0.00019306261664198132
2016-07-27,0.0021876206408442123
2016-07-28,0.00012840267077551815
2016-07-29,0.0025677237129284602
2016-08-01,-0.0006402868485081425
2016-08-02,-0.0007688364941056403
2016-08-03,0.0002564760194920801
2016-08-04,0.0016025641025640969
2016-08-05,-0.0044159999999999755
2016-08-08,-0.00025713551041395277
2016-08-09,0.0011574074074074403
2016-08-10,0.0016698779704560351
2016-08-11,-0.0033983072582713936
2016-08-12,0.0021874798944863105
2016-08-15,-0.0012197470629774498
2016-08-16,-0.0012212366628101545
2016-08-17,0.0003217710277365615
2016-08-18,0.0016083376222335577
2016-08-19,-0.002055366433296957
2016-08-22,0.001158524811739614
2016-08-23,-0.0004500160720025681
2016-08-24,6.43169539491506e-05
2016-08-25,-0.0008360666280790019
2016-08-26,-0.0036688980432544316
2016-08-29,0.0027133535758123717
2016-08-30,-0.0001932865150441332
2016-08-31,6.444129398119891e-05
2016-09-01,0.00012887428313690386
2016-09-02,-6.442883834800739e-05
2016-09-06,0.0027061855670102997
2016-09-07,0.0
2016-09-08,-0.0028274000771109087
2016-09-09,-0.0011599432916612473
2016-09-12,0.000967741935483879
2016-09-13,-0.0020625201417983074
2016-09-14,0.0025188916876575096
2016-09-15,0.0004509728127819468
2016-09-16,-0.0009015390559597991
2016-09-19,6.445375443120405e-05
2016-09-20,0.00012889920082503892
2016-09-21,-6.444129398119891e-05
2016-09-22,0.0009666817039375442
2016-09-23,0.0010945145506051634
2016-09-26,0.0010933178982570624
2016-09-27,0.0007709109597842101
2016-09-28,-0.0003209654641160853
2016-09-29,0.0005137096256340179
2016-09-30,-0.0017970605224311154
2016-10-03,-0.0013502218221564943
2016-10-04,-0.0017383466391964753
2016-10-05,-0.0013544018058690988
2016-10-06,-0.0013562386980108254
2016-10-07,0.00051736403026581
2016-10-11,-0.0010341930062698346
2016-10-12,-0.0003235198964736119
2016-10-13,0.001941747572815622
2016-10-14,-0.0009043927648578753
2016-10-17,0.0012285012285011554
2016-10-18,0.0007749434937036614
2016-10-19,0.0
2016-10-20,-0.0003226430922114165
2016-10-21,0.00019364833462431896
2016-10-24,-0.000838980316231086
2016-10-25,-6.45911380958708e-05
2016-10-26,-0.0009043343453265518
2016-10-27,-0.0016163444753345413
2016-10-28,0.000777101411734149
2016-10-31,0.0005176653293645916
2016-11-01,0.0011641443538998875
2016-11-02,0.001033591731266048
2016-11-03,6.453278265361462e-05
2016-11-04,0.000903400658191833
2016-11-07,-0.0019985816517310573
2016-11-08,-0.0018733850129198926
2016-11-09,-0.005695424244385516
2016-11-10,-0.0020178350582568116
2016-11-14,-0.0050873989042525825
2016-11-15,-0.0012455749311656161
2016-11-16,-0.00013127666557266604
2016-11-17,-0.0013785859646819887
2016-11-18,-0.00223507757033925
2016-11-21,-0.0003953089998682824
2016-11-22,0.0009227524387027675
2016-11-23,-0.00250230475437907
2016-11-25,-0.0003300765777660697
2016-11-28,0.0017830020471505392
2016-11-29,0.0008569545154910596
2016-11-30,-0.0021734835012843234
2016-12-01,-0.002112211221122151
2016-12-02,0.0029104378886095628
2016-12-05,-0.0007254979554148777
2016-12-06,0.00019800673222891696
2016-12-07,0.0017817077999207065
2016-12-08,-0.0004611026941572227
2016-12-09,-0.0022406748385396247
2016-12-12,0.0003963011889036583
2016-12-13,-0.0009903604912188113
2016-12-14,-0.0036349216839600684
2016-12-15,-0.0030512072167683257
2016-12-16,0.00019960079840308786
2016-12-19,0.001862569014833948
2016-12-20,-0.0004647765752605615
2016-12-21,0.0006642752756742532
2016-12-22,-0.00013276686139140903
2016-12-23,0.0001991767361573249
2016-12-27,-0.0005974112180551217
2016-12-28,0.002324654622741784
2016-12-29,0.0019879398316877683
2016-12-30,0.0012565306527345665
2017-01-03,-0.006208718626155907
2017-01-04,-0.00013292569453671188
2017-01-05,0.0035229992023397827
2017-01-06,-0.0025832946943101787
2017-01-09,0.001793066808341015
2017-01-10,0.0
2017-01-11,6.629101756705502e-05
2017-01-12,0.0003977197401563437
2017-01-13,-0.0005300821627352015
2017-01-17,0.0026518164942985756
2017-01-18,-0.002512562814070307
2017-01-19,-0.002585178311016789
2017-01-20,0.0010633348840300982
2017-01-23,0.002987452698665516
2017-01-24,-0.002912364310299176
2017-01-25,-0.0017923526287838554
2017-01-26,0.0011970472833677803
2017-01-27,0.0009299236134174826
2017-01-30,0.00019908421262204712
2017-01-31,0.000995222929936368
2017-02-01,-0.0006628222973420472
2017-02-02,0.00026530476885322507
2017-02-03,-0.0004641602015781343
2017-02-06,0.003316969616558252
2017-02-07,0.000330600370272327
2017-02-08,0.0012558662171988644
2017-02-09,-0.0022445207288090963
2017-02-10,-0.0007278020378457262
2017-02-13,-0.0009269681520227557
2017-02-14,-0.0021207502153887114
2017-02-15,-0.0015275287241814928
2017-02-16,0.002527604097379177
2017-02-17,0.0014596602972398731
2017-02-21,-0.00013250298131706195
2017-02-22,0.00026504108136760074
2017-02-23,0.0017223105458399335
2017-02-24,0.00297579685226812
2017-02-27,-0.0028351025252192352
2017-02-28,-0.0007273208145993637
2017-03-01,-0.004631773969430264
2017-03-02,-0.0015954264441933041
2017-03-03,0.0007324056195485706
2017-03-06,0.00013306719893546592
2017-03-07,-0.0009978712080893626
2017-03-08,-0.0012652327362322469
2017-03-09,-0.0012668355780770524
2017-03-10,0.0008011215701981822
2017-03-13,-0.0007337735974918269
2017-03-14,0.0002670226969292422
2017-03-15,0.004271222637479921
2017-03-16,-0.0005980861244019309
2017-03-17,0.0005319502626504047
2017-03-20,0.0011962517445338605
2017-03-21,0.0012612014603385902
2017-03-22,0.0013922036595066523
2017-03-23,-0.0002648129758358042
2017-03-24,0.0003973246804847008
2017-03-27,0.0007281392731846026
2017-03-28,-0.00198438946950652
2017-03-29,0.001458112407211054
2017-03-30,-0.0007941760423560984
2017-03-31,0.0010597430123195917
2017-04-03,-0.0008601296810903936
2017-04-04,0.0
2017-04-05,0.0003973246804847008
2017-04-06,0.0002647779175217746
2017-04-07,-0.0020514856726887576
2017-04-10,0.000729442970822225
2017-04-11,0.003048174408587956
2017-04-12,0.00013212657726091592
2017-04-13,0.0029724552480348
2017-04-17,-0.0005268703898840821
2017-04-18,0.002833421191354768
2017-04-19,-0.000722780734608075
2017-04-20,-0.001775381378221974
2017-04-21,0.0005928463210591595
2017-04-24,-0.001711652402896613
2017-04-25,-0.0019124241624901561
2017-04-26,0.0006607201850017397
2017-04-27,0.0005942555298779073
2017-04-28,0.00013197835554978887
2017-05-01,-0.001187648456057011
2017-05-02,0.0014532963403355303
2017-05-03,-0.0014511873350923077
2017-05-04,-0.001519355264896327
2017-05-05,0.00019847833278197058
2017-05-08,-0.0006614631565021734
2017-05-09,-0.0013899920571882607
2017-05-10,-6.628222973426023e-05
2017-05-11,0.000530292986875347
2017-05-12,0.003180071551609931
2017-05-15,-0.00013208294809141652
2017-05-16,0.00033025099075301156
2017-05-17,0.004159788709144907
2017-05-18,-0.0009863229879011337
2017-05-19,-0.00039491871256502886
2017-05-22,-0.00019753736748540085
2017-05-23,-0.0014488935721812535
2017-05-24,0.0011871784724970524
2017-05-25,0.00026350461133062275
2017-05-26,0.0
2017-05-30,0.001185458377239268
2017-05-31,0.00039468490988037175
2017-06-01,-0.000591793792740658
2017-06-02,0.0017764326600433478
2017-06-05,-0.0008538027058978548
2017-06-06,0.0012489318346151634
2017-06-07,-0.0012473739495798553
2017-06-08,-0.0005258660356274314
2017-06-09,-0.00039460703715887835
2017-06-12,-0.0005263504177905887
2017-06-13,0.0
2017-06-14,0.0019748535316963522
2017-06-15,-0.0013796728204454878
2017-06-16,0.0009210526315790446
2017-06-19,-0.0017089522807940405
2017-06-20,0.001185146168027451
2017-06-21,-0.0002630540576088469
2017-06-22,0.00019734245494018587
2017-06-23,0.0002630713581059929
2017-06-26,0.0002630021697678231
2017-06-27,-0.001906264379149425
2017-06-28,0.0005268703898841931
2017-06-29,-0.001316482359136395
2017-06-30,-0.0001318217769575858
2017-07-03,-0.0077125906394198696
2017-07-05,0.00019929582143096702
2017-07-06,-0.0005977683315622206
2017-07-07,-0.0005316674420150491
2017-07-10,0.001130394308132221
2017-07-11,0.00046493092454835683
2017-07-12,0.0016596959437031877
2017-07-13,-0.0003976670201484289
2017-07-14,0.0012597798700437757
2017-07-17,0.00033110390040391735
2017-07-18,0.0011253806434530222
2017-07-19,-0.00013224889241547633
2017-07-20,6.613319224912928e-05
2017-07-21,0.0009919322840894473
2017-07-24,-0.0008588227521966196
2017-07-25,-0.0024464427400158195
2017-07-26,0.0027838536488367094
2017-07-27,-0.000793178663493932
2017-07-28,0.00046305483892306043
2017-07-31,-6.612007405448761e-05
2017-08-01,0.0012563644779475247
2017-08-02,-0.0007924976885483881
2017-08-03,0.001189689358889634
2017-08-04,-0.0012542909955109982
2017-08-07,0.0005948839976204212
2017-08-08,-0.0007266481701677652
2017-08-09,0.0014543531433859336
2017-08-10,0.0005940986203709642
2017-08-11,0.0019131811584642833
2017-08-14,-0.0012510699940738723
2017-08-15,-0.001977848101265778
2017-08-16,0.0015854141894569018
2017-08-17,0.0007254979554147667
2017-08-18,0.0
2017-08-21,0.0005931589006789029
2017-08-22,-0.0013832169674614647
2017-08-23,0.001517050326495628
2017-08-24,-0.001119599578503716
2017-08-25,0.0006593261686556051
2017-08-28,0.0007247809184951493
2017-08-29,0.0010534632604688454
2017-08-30,-0.0006577216521967966
2017-08-31,0.0006581545346846518
2017-09-01,-0.00105235464351483
2017-09-05,0.0035554385040821312
2017-09-06,-0.0016402046975462214
2017-09-07,0.0018400473155024688
2017-09-08,-6.559527714000701e-05
2017-09-11,-0.0022303857255313586
2017-09-12,-0.0014464168310321934
2017-09-13,-0.0010534632604688454
2017-09-14,-0.00046137621935138373
2017-09-15,-0.0006594131223210953
2017-09-18,-0.0008578027053777193
2017-09-19,-0.00039624884427424956
2017-09-20,-0.00184989429175475
2017-09-21,-0.00033095048980669173
2017-09-22,0.0006621201085876827
2017-09-25,0.0014557003903923338
2017-09-26,-0.0003964321110010438
2017-09-27,-0.0019829466587348854
2017-09-28,0.0008609841711371136
2017-09-29,-0.0007278983589200649
2017-10-02,-0.004436792265412937
2017-10-03,0.00046561128109612326
2017-10-04,0.0
2017-10-05,-0.000997274117412461
2017-10-06,-0.0008651670437908043
2017-10-09,0.0003330446945979393
2017-10-10,0.0006658676255160145
2017-10-11,-0.00046579717859995817
2017-10-12,0.0005325877105386567
2017-10-13,0.0013972985561248041
2017-10-16,-0.001993355481727521
2017-10-17,0.0
2017-10-18,-0.0011318242343542062
2017-10-19,0.0005332266879958247
2017-10-20,-0.0015322097128772638
2017-10-23,0.0007339204697089929
2017-10-24,-0.0007333822254816935
2017-10-25,-0.0011342407259140597
2017-10-26,-0.0005343664417875038
2017-10-27,0.001136135801643956
2017-10-30,0.0019359145527368948
2017-10-31,-0.000599640215870445
2017-11-01,-0.0005333333333333856
2017-11-02,0.0008671291355388799
2017-11-03,-0.0002665778073975833
2017-11-06,0.0006666222251849874
2017-11-07,6.661781360328689e-05
2017-11-08,-0.0007327471356248783
2017-11-09,0.00013332444503699747
2017-11-10,-0.001799640071985631
2017-11-13,-0.000934829059829112
2017-11-14,0.000401015906964286
2017-11-15,0.0009353287012292544
2017-11-16,-0.001001201441730104
2017-11-17,6.681365671146189e-05
2017-11-20,-0.0014698022447888759
2017-11-21,-0.0007359828716713146
2017-11-22,0.0026113157013725186
2017-11-24,-0.000734606651529357
2017-11-27,0.0008019782129251585
2017-11-28,-0.0006677796327212437
2017-11-29,-0.0008018710324089184
2017-11-30,-0.0020731625760717076
2017-12-01,0.0008711968904973055
2017-12-04,-0.0012721794442585033
2017-12-05,-0.0002681684097612935
2017-12-06,0.00147532188841204
2017-12-07,-0.0008035355564484092
2017-12-08,0.00013403029084568807
2017-12-11,-0.0005360493165371683
2017-12-12,-0.00046929471708234693
2017-12-13,0.0025487960292440714
2017-12-14,-0.000936642804576171
2017-12-15,-0.0010044867072925845
2017-12-18,-0.0002010993430754393
2017-12-19,-0.002011397921555469
2017-12-20,-0.0006718172657037558
2017-12-21,-0.00026890756302522245
2017-12-22,-0.0003362248671912038
2017-12-26,0.0006054083142741362
2017-12-27,0.0014117647058824456
2017-12-28,-0.0006041890440386943
2017-12-29,0.0005373816081144511
2018-01-02,-0.0033568311513930693
2018-01-03,6.736274840002388e-05
2018-01-04,-0.0010103731644887093
2018-01-05,-0.000606837030544094
2018-01-08,-6.746727837003696e-05
2018-01-09,-0.0012819647797044365
2018-01-10,-0.0001351168760977961
2018-01-11,0.0004729729729728849
2018-01-12,-0.001283176875802039
2018-01-16,-0.000270489586150946
2018-01-17,-0.0016233766233766378
2018-01-18,-0.00040650406504061376
2018-01-19,-0.0010166734444896353
2018-01-22,-0.0009498609132234659
2018-01-23,0.0016298811544992464
2018-01-24,-0.0008814156891993052
2018-01-25,0.00074647122692717
2018-01-26,-0.002102122465586276
2018-01-29,-0.0008154389779831961
2018-01-30,-0.00034004352557126527
2018-01-31,-0.001088509422409678
2018-02-01,-0.0014302254307703155
2018-02-02,-0.0011594598281271518
2018-02-05,0.0032775691362239012
2018-02-06,0.00034029810113667125
2018-02-07,-0.0022452034290380007
2018-02-08,-0.00013637913399244805
2018-02-09,0.0023187615085589197
2018-02-12,-0.0017690685173844534
2018-02-13,0.00020448503851144828
2018-02-14,-0.003816273681341187
2018-02-15,0.00013681762210970838
2018-02-16,0.0007523939808482538
2018-02-20,-0.0008201763379126481
2018-02-21,-0.0010944661057528116
2018-02-22,0.0011641443538998875
2018-02-23,0.0014363885088919393
2018-02-26,0.0004781094187555901
2018-02-27,-0.0025259421081376132
2018-02-28,0.0006844158510710407
2018-03-01,0.003214554408043302
2018-03-02,-0.0017725661303518159
2018-03-05,-0.0006829668078131013
2018-03-06,-0.00013668671405142607
2018-03-07,-0.00013670539986332386
2018-03-08,0.0006152584085314938
2018-03-09,-0.0006832001093119988
2018-03-12,0.0006153004717304178
2018-03-13,0.00034162339437004974
2018-03-14,0.0007513148009015147
2018-03-15,-0.00040950040950038513
2018-03-16,-0.0009558923938276509
2018-03-19,6.834335702565753e-05
2018-03-20,-0.0013667737306088945
2018-03-21,-0.00047902552521728037
2018-03-22,0.002533205531973115
2018-03-23,0.0008877962166222719
2018-03-26,-0.0010234716157204726
2018-03-27,0.0025271497848506908
2018-03-28,-0.0003406458645591748
2018-03-29,0.0008859810536359092
2018-04-02,-0.0014299332697806921
2018-04-03,-0.002318445277872505
2018-04-04,-6.834802815935959e-05
2018-04-05,-0.0013670539986329056
2018-04-06,0.00219028062970561
2018-04-09,-0.0006829668078131013
2018-04-10,-0.0008884636413341029
2018-04-11,0.00027361652643809187
2018-04-12,-0.0022567188675374217
2018-04-13,-0.00020562028786841324
2018-04-16,-0.00013710838417768656
2018-04-17,0.00020569077819687642
2018-04-18,-0.002193583767480134
2018-04-19,-0.0010992030777685624
2018-04-20,-0.0013067400275103003
2018-04-23,-0.0009641209283107743
2018-04-24,0.0004825256772591491
2018-04-25,-0.0008267879288962332
2018-04-26,0.0006895600606813268
2018-04-27,0.0006201764057331971
2018-04-30,0.0005509262447489505
2018-05-01,-0.0013765572303668927
2018-05-02,0.0007581501137225999
2018-05-03,0.0008264462809917106
2018-05-04,-6.881365262867423e-05
2018-05-07,-6.881838827332842e-05
2018-05-08,-0.000963523743978012
2018-05-09,-0.0011711215210802317
2018-05-10,6.897027381191911e-05
2018-05-11,6.896551724144828e-05
2018-05-14,-0.00041376456796082817
2018-05-15,-0.0029665401862711827
2018-05-16,-0.00027677830058125963
2018-05-17,0.00020764119601324182
2018-05-18,0.00159158535741466
2018-05-21,-0.00013817880337152477
2018-05-22,6.909894969586716e-05
2018-05-23,0.0026255786637185974
2018-05-24,0.0007580456205638075
2018-05-25,0.0020658311527337325
2018-05-29,0.00783397471137981
2018-05-30,-0.004159279967271279
2018-05-31,6.846970215690362e-05
2018-06-01,-0.002875530603861476
2018-06-04,-0.001785223839604555
2018-06-05,0.0010317787866280792
2018-06-06,-0.001992716278430562
2018-06-07,0.0013081795648581807
2018-06-08,0.0002750464140823805
2018-06-11,-0.0010311404413281267
2018-06-12,-0.0002752546105146969
2018-06-13,-0.001376651982378907
2018-06-14,0.0008960573476701761
2018-06-15,0.0006886578059361881
2018-06-18,0.0
2018-06-19,0.0013075493771936841
2018-06-20,-0.0010309278350515427
2018-06-21,0.0012383900928791824
2018-06-22,-0.00013742870885724567
2018-06-25,0.0012370283829290507
2018-06-26,-6.863889079555818e-05
2018-06-27,0.001990664470071346
2018-06-28,-0.0009591011851750597
2018-06-29,0.00013714599190839394
2018-07-02,-0.0038395611930065465
2018-07-03,0.0009635900612567916
2018-07-05,-0.0006188544316853006
2018-07-06,0.0008256501995320686
2018-07-09,-0.0011687061735184967
2018-07-10,-0.0008947621997384969
2018-07-11,0.0013089005235602524
2018-07-12,-0.0006191950464395912
2018-07-13,0.0013079994492632974
2018-07-16,-0.0011000343760741993
2018-07-17,-0.0003441393075916954
2018-07-18,-0.0002065546681354613
2018-07-19,0.0012395840506851385
2018-07-20,-0.000962927298988947
2018-07-23,-0.002616179001721175
2018-07-24,0.00034513701939675734
2018-07-25,0.00027601435274626773
2018-07-26,-0.0015176600441501042
2018-07-27,0.00041453641011468534
2018-07-30,-6.906077348067807e-05
2018-07-31,6.906554320051939e-05
2018-08-01,-0.001035911602209949
2018-08-02,0.0010369858278602706
2018-08-03,0.0015193370165746956
2018-08-06,0.0003447800303406634
2018-08-07,-0.001516509271386246
2018-08-08,0.00020711080428026385
2018-08-09,0.0010353395913860197
2018-08-10,0.003516513824725953
2018-08-13,-0.000755805963996159
2018-08-14,-0.0007563776387264909
2018-08-15,0.0016515276630884035
2018-08-16,-0.001030502885408069
2018-08-17,-0.00013754212227490292
2018-08-20,0.002063415640690458
2018-08-21,-0.0010295833619328176
2018-08-22,0.000824515597086739
2018-08-23,-0.000411918165591052
2018-08-24,-0.00048076923076922906
2018-08-27,-0.0007558578987150177
2018-08-28,-0.0011690276440654568
2018-08-29,-0.0005507745266781772
2018-08-30,0.0011021560928565766
2018-08-31,0.0007568980939929304
2018-09-04,-0.001581408140814089
2018-09-05,0.00027546312237447523
2018-09-06,0.0009638554216866435
2018-09-07,-0.003095123461035798
2018-09-10,-6.899406651028617e-05
2018-09-11,-0.0017249706754984828
2018-09-12,0.00027647221454252247
2018-09-13,-0.00020729684908793455
2018-09-14,-0.001244038979888007
2018-09-17,0.0
2018-09-18,-0.0012455885405854294
2018-09-19,-0.0009699993071433655
2018-09-20,6.93529370969781e-05
2018-09-21,0.0004160887656032841
2018-09-24,-0.00013863856925000473
2018-09-25,-0.0008319467554076532
2018-09-26,0.001179572578406951
2018-09-27,-6.930487213252512e-05
2018-09-28,0.0009703354588299629
2018-10-01,-0.0033928818723168996
2018-10-02,0.0006947821857847813
2018-10-03,-0.0032632090536693914
2018-10-04,-0.0011841738645862465
2018-10-05,-0.0006276588325545562
2018-10-08,0.0006280530355897707
2018-10-09,-6.973987028380257e-05
2018-10-10,0.0
2018-10-11,0.0028595341051751433
2018-10-12,-0.00013909173099657668
2018-10-15,-0.0009737775613827271
2018-10-16,0.00013924667548570469
2018-10-17,-0.0009745910198398766
2018-10-18,0.0006968155529232245
2018-10-19,-0.0011837615764919152
2018-10-22,0.00020914668153926286
2018-10-23,0.0016031226040287283
2018-10-24,0.0019485038274182909
2018-10-25,-0.0005556327267676187
2018-10-26,0.0029881862404448345
2018-10-29,-0.0004849996535716272
2018-10-30,-0.0009011507001247532
2018-10-31,-0.0019426906265177513
2018-11-01,0.0009037191518943555
2018-11-02,-0.0029170718155299147
2018-11-05,0.0004179437169127276
2018-11-06,-0.0009747945968527905
2018-11-07,-0.0004878728742682137
2018-11-08,-0.0011854124538037691
2018-11-09,0.0018849483384528742
2018-11-12,0.0017420388823079502
2018-11-13,0.0005564830272677401
2018-11-14,0.0014599555061178826
2018-11-15,0.0003471017007983246
2018-11-16,0.0021512838306732007
2018-11-19,0.001107956512706787
2018-11-20,-0.0002766825759147329
2018-11-21,-0.0007610876634608355
2018-11-23,0.0004846974103309698
2018-11-26,-0.0009689251851339176
2018-11-27,0.0006927606511950568
2018-11-28,0.0008999653859467216
2018-11-29,-6.916585973160139e-05
2018-11-30,0.0002766825759148439
2018-12-03,0.00013830302192108235
2018-12-04,0.001175413123141844
2018-12-06,0.0022790055248618213
2018-12-07,0.0023427272100875474
2018-12-10,-0.0006874269608854178
2018-12-11,-0.0011694297310311796
2018-12-12,-0.0008264462809917106
2018-12-13,0.00027570995312919955
2018-12-14,0.0011714443219403847
2018-12-17,0.0014453850918851874
2018-12-18,0.0014432989690722486
2018-12-19,0.0011667009814013696
2018-12-20,-0.0010282423910062954
2018-12-21,0.0006175804570094368
2018-12-24,0.0024002194486352213
2018-12-26,-0.0014366833139495272
2018-12-27,0.0024664291586735665
2018-12-28,0.0008201202843083344
2018-12-31,0.0017754711827369096
2019-01-02,0.0006816632583503957
2019-01-03,0.005381471389645842
2019-01-04,-0.0047428687580459705
2019-01-07,-0.001497719381850393
2019-01-08,-0.0021817685961682542
2019-01-09,0.00040997608472848057
2019-01-10,6.830134553648115e-05
2019-01-11,0.0012293402540637377
2019-01-14,-0.00013642564802185397
2019-01-15,0.0001364442625186868
2019-01-16,-0.0008185538881310128
2019-01-17,-0.0012288367012561752
2019-01-18,-0.0021189336978810758
2019-01-22,0.0021234331118569205
2019-01-23,-0.000956937799043045
2019-01-24,0.001847290640394128
2019-01-25,-0.0018438844499077955
2019-01-28,0.00041050903119876914
2019-01-29,0.0012994118451647996
2019-01-30,0.001775834983949176
2019-01-31,0.0023863094020590836
2019-02-01,-0.002856754183104382
2019-02-04,-0.0010914051841746097
2019-02-05,0.0008194482381862489
2019-02-06,0.00013646288209612223
2019-02-07,0.002046663937781412
2019-02-08,0.0005446623093681158
2019-02-11,-0.0014970059880239361
2019-02-12,-0.0005451819544772807
2019-02-13,-0.0015000681849175468
2019-02-14,0.002185195301830145
2019-02-15,-0.000953938402834531
2019-02-19,0.0010230527895238595
2019-02-20,-0.00027253525924919586
2019-02-21,-0.0014312001635656824
2019-02-22,0.0017062517062516047
2019-02-25,-0.0007494719629351776
2019-02-26,0.0014318832674211635
2019-02-27,-0.0017021856063185181
2019-02-28,-0.0006820351930159063
2019-03-01,-0.0019110019110019083
2019-03-04,0.0011624726477024172
2019-03-05,-6.830134553648115e-05
2019-03-06,0.0012295081967212962
2019-03-07,0.0023877745940783512
2019-03-08,0.0004764173415912065
2019-03-11,-0.0006802721088435826
2019-03-12,0.001089176310415274
2019-03-13,6.799945600444168e-05
2019-03-14,-0.0006799483239273707
2019-03-15,0.0012247397428046813
2019-03-18,-0.0005436629289840011
2019-03-19,-0.00040796899435646683
2019-03-20,0.0034011291748861083
2019-03-21,-0.0002711680564029262
2019-03-22,0.0033905201057842227
2019-03-25,0.0022977630600797827
2019-03-26,0.00020227901018143868
2019-03-27,0.0014830794121611923
2019-03-28,-0.0011443187937533184
2019-03-29,-0.0014151897028101823
2019-04-01,-0.002159535699824522
2019-04-02,0.000879210063573721
2019-04-03,-0.0012162983985404274
2019-04-04,6.765442121636767e-05
2019-04-05,6.764984440543742e-05
2019-04-08,-0.0006088074139214417
2019-04-09,0.0008799241911465749
2019-04-10,0.0009467775748968066
2019-04-11,-0.0014863860549962915
2019-04-12,-0.0024358887610799185
2019-04-15,0.00013565760021694295
2019-04-16,-0.0014920311970159084
2019-04-17,0.0004075256401547822
2019-04-18,0.0012220788919818926
2019-04-22,-0.0007459144232725423
2019-04-23,0.0011536373507057274
2019-04-24,0.0018979190673082957
2019-04-25,-0.0005412353697313854
2019-04-26,0.0015568943342585406
2019-04-29,-0.0009462016761286884
2019-04-30,0.001352996888107194
2019-05-01,-0.0009458181326847948
2019-05-02,-0.00229916148228293
2019-05-03,0.0008811169852243061
2019-05-06,0.0013543712331549607
2019-05-07,0.0016906742408873132
2019-05-08,-0.0012152308938698786
2019-05-09,0.001284304447749074
2019-05-10,0.0001350165395261893
2019-05-13,0.0025649679379007306
2019-05-14,-0.0006059381943042119
2019-05-15,0.001818916734033893
2019-05-16,-0.001412144442202945
2019-05-17,0.00013468013468020956
2019-05-20,-0.000942633988688435
2019-05-21,-0.0010109179134654145
2019-05-22,0.0015516427173987157
2019-05-23,0.004041492657955059
2019-05-24,-0.0018784382128002042
2019-05-28,0.0023524667293990387
2019-05-29,0.0013411117816670703
2019-05-30,0.0002678631219446004
2019-05-31,0.00428466224810875
2019-06-03,0.003533097793480433
2019-06-04,-0.0014614056064833347
2019-06-05,0.0008648217136775216
2019-06-06,-0.0010634762379527762
2019-06-07,0.0011311464501961854
2019-06-10,-0.002259736807124768
2019-06-11,6.661337596591821e-05
2019-06-12,0.0011323519616333044
2019-06-13,0.0019294743845641449
2019-06-14,-0.0007304601899196239
2019-06-17,-6.645401382243676e-05
2019-06-18,0.000465209011763168
2019-06-19,0.0023913909924273558
2019-06-20,0.0014579191517560819
2019-06-21,-0.0026469031233457008
2019-06-24,0.0022558386411890563
2019-06-25,0.0007943863365549308
2019-06-26,-0.0029104378886095628
2019-06-27,0.0020565211622660673
2019-06-28,6.620324395889554e-05
2019-07-01,-0.0003971931682774654
2019-07-02,0.001920529801324511
2019-07-03,0.00013219644391559981
2019-07-05,-0.004494084991077951
2019-07-08,-6.638783774814971e-05
2019-07-09,-0.0010622759261718073
2019-07-10,0.001661571181709398
2019-07-11,-0.001990577931126003
2019-07-12,0.0007313343527690641
2019-07-15,0.00033218176986449244
2019-07-16,-0.001394700139469962
2019-07-17,0.002061718542165414
2019-07-18,0.0017256255392579245
2019-07-19,-0.0008613264427217437
2019-07-22,0.0003315649867374759
2019-07-23,-0.0011269472986410456
2019-07-24,0.00033182904167783356
2019-07-25,-0.0014595634578384864
2019-07-26,-0.0003986446083317219
2019-07-29,0.0011964107676969427
2019-07-30,-0.0005311027019849757
2019-07-31,-0.0005313849219528155
2019-08-01,0.007111052036950838
2019-08-02,6.598917777478341e-05
2019-08-05,0.00541075552622905
2019-08-06,-0.0004594080199514794
2019-08-07,0.0017071569271174258
2019-08-08,-0.0014420555846880179
2019-08-09,-0.0011815675462780728
2019-08-12,0.0029574132492113936
2019-08-13,-0.0038660638228162902
2019-08-14,0.0030916984607287645
2019-08-15,0.002557544757033181
2019-08-16,0.0005232862375719183
2019-08-19,-0.002026673640167398
2019-08-20,0.0010481493612839454
2019-08-21,-0.001505137098357423
2019-08-22,-0.0011141696159391312
2019-08-23,0.003215012138311213
2019-08-26,-0.0009156311314584276
2019-08-27,0.0015056297460067647
2019-08-28,0.0009804562389699178
2019-08-29,-0.001632493143528757
2019-08-30,0.0007194715154685838
2019-09-03,0.002156862745098076
2019-09-04,0.0010435009456726263
2019-09-05,-0.0048863118118444016
2019-09-06,0.0005237658766530373
2019-09-09,-0.002552021986650943
2019-09-10,-0.0034114019549957852
2019-09-11,-0.0009215983147916607
2019-09-12,-0.002503788627528536
2019-09-13,-0.003765109980844228
2019-09-16,0.0018565177032223712
2019-09-17,0.0015221707478492164
2019-09-18,-6.608075067737751e-05
2019-09-19,0.0003965107057890549
2019-09-20,0.000528471396485708
2019-09-23,0.0021127690479334493
2019-09-24,0.003030702332323054
2019-09-25,-0.003744088281660507
2019-09-26,0.0013845849541769262
2019-09-27,0.001250987621806754
2019-09-30,-0.0006575918984678131
2019-10-01,0.00579061656905977
2019-10-02,0.0028786391887472007
2019-10-03,0.0035879705134058693
2019-10-04,0.00013000520020800543
2019-10-07,-0.0024697777200052284
2019-10-08,0.0011727912431587217
2019-10-09,-0.0022126773395808597
2019-10-10,-0.002804591703626347
2019-10-11,-0.004055203087186876
2019-10-14,0.0011821107243712436
2019-10-15,-0.0020334535913414387
2019-10-16,0.0013145786775339285
2019-10-17,-0.0005907837731390364
2019-10-18,0.0009852216748769127
2019-10-21,-0.0017716535433071057
2019-10-22,0.00046013278117396084
2019-10-23,0.00026281208935619027
2019-10-24,-0.0001970572779821378
2019-10-25,-0.0017081663491229637
2019-10-28,-0.0016452780519907728
2019-10-29,0.0003295978905735186
2019-10-30,0.0007907742998352063
2019-10-31,0.00467505103048671
2019-11-01,-0.001572945340149401
2019-11-04,-0.0019036366023368334
2019-11-05,-0.002696481420585317
2019-11-06,0.001714587180163596
2019-11-07,-0.004476629361422013
2019-11-08,0.00019838645681780065
2019-11-11,-0.0005289256198347525
2019-11-12,0.0010584110603955033
2019-11-13,0.001718099517610483
2019-11-14,0.002110957187149598
2019-11-15,-0.0009874267658481761
2019-11-18,0.0009225092250921829
2019-11-19,0.00019749835418036987
2019-11-20,0.0015796748502598934
2019-11-21,-0.001248603535519477
2019-11-22,-0.0006579813133307244
2019-11-25,0.0005267316302344227
2019-11-26,0.0007896814951302566
2019-11-27,-0.0017096265123619503
2019-11-29,0.0002634698985641837
2019-12-02,-0.0013828526274199948
2019-12-03,0.0048137157929442065
2019-12-04,-0.0029531434571465898
2019-12-05,-0.00046073849799244115
2019-12-06,-0.0019755037534571196
2019-12-09,0.00013196093956180377
2019-12-10,-0.0005277741126797908
2019-12-11,0.0015841584158415856
2019-12-12,-0.003492816660076392
2019-12-13,0.003174393227961092
2019-12-16,-0.0024391851803019504
2019-12-17,0.0003965107057890549
2019-12-18,-0.0009248249438499334
2019-12-19,0.0009256810367628265
2019-12-20,-0.00039635354736422546
2019-12-23,-0.0009251916468411281
2019-12-24,0.0013229263130043467
2019-12-26,6.605892456068574e-05
2019-12-27,0.0019155822709557846
2019-12-30,0.00013185654008429637
2019-12-31,-0.00046143704680290387
2020-01-02,0.001714700257205104
2020-01-03,0.0033576930673513417
2020-01-06,-0.0008530183727034624
2020-01-07,-0.00032836409010306156
2020-01-08,-0.0019051373012745065
2020-01-09,0.00039491871256491784
2020-01-10,0.0005921442200145233
2020-01-13,-0.0005260389268806342
2020-01-14,0.0009210526315790446
2020-01-15,0.0009202050742735945
2020-01-16,-0.0008536905700026187
2020-01-17,-0.00032862306933945096
2020-01-21,0.002432610124917911
2020-01-22,0.0
2020-01-23,0.0008526267462451997
2020-01-24,0.0021625163826999305
2020-01-27,0.002680965147453085
2020-01-28,-0.0012390765618885968
2020-01-29,0.0020894547828926857
2020-01-30,0.0013683456050042064
2020-01-31,0.002147319104633061
2020-02-03,-0.0007142393351080578
2020-02-04,-0.0032488628979857603
2020-02-05,-0.0014993481095175731
2020-02-06,-0.00019586080825229057
2020-02-07,0.00235079012668149
2020-02-10,0.0013680781758957927
2020-02-11,-0.001691496974822737
2020-02-12,-0.0014336917562723928
2020-02-13,0.0001305227435881573
2020-02-14,0.0010440456769984507
2020-02-18,0.0008474023857636404
2020-02-19,-0.0007815552950370952
2020-02-20,0.0015643332029722234
2020-02-21,0.002082519849017306
2020-02-24,0.004026496947655556
2020-02-25,0.002587322121604174
2020-02-26,0.0011612903225806104
2020-02-27,0.0007732955277741649
2020-02-28,0.007791371538956815
2020-03-02,0.0019807041083637067
2020-03-03,0.003698507843387322
2020-03-04,0.0015883100381195447
2020-03-05,0.0019029495718363432
2020-03-06,0.004685026907249146
2020-03-09,0.004537147898418192
2020-03-10,-0.007276833322878096
2020-03-11,-0.00139020537124801
2020-03-12,0.0015186989812061569
2020-03-13,-0.003727806912238618
2020-03-16,0.007864028411973534
2020-03-17,-0.006166624716838709
2020-03-18,-0.00645814866404959
2020-03-19,0.0058628600560795
2020-03-20,0.005638621388748044
2020-03-23,0.00648900648900641
2020-03-24,-0.0037556334501752664
2020-03-25,0.0013194269917065071
2020-03-26,0.0006902177323209191
2020-03-27,0.0006897416603963702
2020-03-30,0.004072936900808344
2020-03-31,0.00012481278082865366
2020-04-01,0.0014975664545113787
2020-04-02,-0.0006230529595016021
2020-04-03,0.0008104738154612878
2020-04-06,-0.0032392699183952933
2020-04-07,-0.0015624023498531647
2020-04-08,0.0007511266900350755
2020-04-09,0.0023142356767575922
2020-04-13,-0.0009360374414976169
2020-04-14,0.0007495315427856752
2020-04-15,0.0030582948445887492
2020-04-16,-0.00018667164457719654
2020-04-17,-0.0009335324869305106
2020-04-20,0.00043605556593773187
2020-04-21,0.0006226650062266526
2020-04-22,-0.0011823273179838445
2020-04-23,-0.0003115070712105261
2020-04-24,0.0003739249657235266
2020-04-27,-0.0015574383254423063
2020-04-28,0.0013726835964309458
2020-04-29,0.00024923671256771307
2020-04-30,0.0005606428704914013
2020-05-01,-0.0009961399576640106
2020-05-04,0.000560887448585401
2020-05-05,-0.0003737153534724147
2020-05-06,-0.00024923671256771307
2020-05-07,0.003303209722655076
2020-05-08,-0.001118151323145744
2020-05-11,-0.001368159203980146
2020-05-12,0.0009341138373395452
2020-05-13,0.0008710259441297996
2020-05-14,0.0006216199415676193
2020-05-15,-0.0002484935081070727
2020-05-18,-0.002734107997265922
2020-05-19,0.0013084927409807712
2020-05-20,0.0007467330429371533
2020-05-21,-0.00024872528292496643
2020-05-22,0.0002487871625824756
2020-05-26,-0.0006218132073124716
2020-05-27,0.0004977600796416404
2020-05-28,-0.0001865671641790856
2020-05-29,0.001741618461155614
2020-06-01,0.0
2020-06-02,-0.0008072027320707997
2020-06-03,-0.002174993785732049
2020-06-04,-0.0007473376097651974
2020-06-05,-0.002555313181676566
2020-06-08,0.0008747813046738884
2020-06-09,0.0017480334623547478
2020-06-10,0.002742116415306084
2020-06-11,0.0007458048477315682
2020-06-12,-0.0007452490373867082
2020-06-15,-6.215040397761218e-05
2020-06-16,-0.0006836969357946199
2020-06-17,0.0002487871625824756
2020-06-18,0.00037308792438750515
2020-06-19,0.00012431626056685907
2020-06-22,-0.0003107520198881719
2020-06-23,0.00043518806341302785
2020-06-24,0.0003107133979616261
2020-06-25,6.212337702682369e-05
2020-06-26,0.0010560318051930917
2020-06-29,0.0007446478436239357
2020-06-30,-6.20078129844881e-05
2020-07-01,-0.0030385712513952834
2020-07-02,0.0008086085712508684
2020-07-06,-0.0004972032318210085
2020-07-07,0.00043526924511883003
2020-07-08,0.0002486170675617405
2020-07-09,0.0006835269993163973
2020-07-10,-0.0009314456035767193
2020-07-13,0.0
2020-07-14,0.0006215426689042403
2020-07-15,-0.0001242313187154176
2020-07-16,0.0003727402621607201
2020-07-17,-0.0003105011488542253
2020-07-20,-0.000186358553857624
2020-07-21,0.0006213109661385996
2020-07-22,-6.209251785160852e-05
2020-07-23,6.209637357179609e-05
2020-07-24,-0.00012418503570321704
2020-07-27,-0.0004968018381668049
2020-07-28,0.0010562286424355971
2020-07-29,0.0005585898709037362
2020-07-30,0.0008064015879907238
2020-07-31,0.0006198090987976634
2020-08-03,-0.0003716551040634508
2020-08-04,0.0010534143016482922
2020-08-05,-0.0009285051067781103
2020-08-06,0.00024783147459728205
2020-08-07,-0.0007433102081269016
2020-08-10,-0.00012397718819734393
2020-08-11,-0.002293862368257904
2020-08-12,0.0
2020-08-13,-0.0008699434536755257
2020-08-14,0.0009328938366814921
2020-08-17,0.0004349446998881401
2020-08-18,0.0002484317744240183
2020-08-19,0.00012418503570321704
2020-08-20,0.0003104240392375335
2020-08-21,-0.0002482621648460803
2020-08-24,-0.0004345666749441257
2020-08-25,-0.0003105397180299674
2020-08-26,0.0
2020-08-27,-0.0006212723658051145
2020-08-28,0.0014919806042521522
2020-08-31,0.0004345127250156011
2020-09-01,0.00024818514611890663
2020-09-02,-6.203089138390183e-05
2020-09-03,0.0006823821339949632
2020-09-04,-0.002479697476907794
2020-09-08,0.0011807842893543086
2020-09-09,-0.00012414649286163204
2020-09-10,0.0004345666749441257
2020-09-11,0.0004964318957492164
2020-09-14,-0.0003101159833778233
2020-09-15,-0.0002481697481077072
2020-09-16,-0.00012411567580983274
2020-09-17,0.00012413108242292914
2020-09-18,-0.0001861735137147491
2020-09-21,0.00018620818074599477
2020-09-22,0.0004344048653344146
2020-09-23,-0.0004342162396873128
2020-09-24,0.00012411567580983274
2020-09-25,0.00037230081906169943
2020-09-28,-6.202704379110191e-05
2020-09-29,0.0004962471310712147
2020-09-30,-0.00068200136400276
2020-10-01,0.0008065516813500206
2020-10-02,-0.0005579319323042453
2020-10-05,-0.0015506760947773257
2020-10-06,0.0002484935081070727
2020-10-07,-0.0009937270976957402
2020-10-08,0.0008082064034815595
2020-10-09,-0.00043483662566778936
2020-10-12,0.0001242930830900324
2020-10-13,0.001304915180513344
2020-10-14,0.0
2020-10-15,-0.00037234702742960923
2020-10-16,-0.00018624286069035545
2020-10-19,-0.0004967401428127571
2020-10-20,-0.0003106168851338964
2020-10-21,-0.00037285607755410677
2020-10-22,-0.0008081561606365639
2020-10-23,6.221613886636668e-05
2020-10-26,0.0008087594873709136
2020-10-27,0.0006216199415676193
2020-10-28,6.212337702682369e-05
2020-10-29,-0.00093179276928812
2020-10-30,-0.00037306472673004354
2020-11-02,0.0
2020-11-03,-0.0004976052746159532
2020-11-04,0.0025514966706079445
2020-11-05,-0.0005586592178771221
2020-11-06,-0.0010558350413018003
2020-11-09,-0.0030465058443173154
2020-11-10,-0.0004989086373557994
2020-11-11,0.0003119735446435179
2020-11-12,0.001996007984031989
2020-11-13,-0.00018675298804782248
2020-11-16,-0.00018678787124093432
2020-11-17,0.0007472910698718138
2020-11-18,-0.00043559427504669124
2020-11-19,0.0004980389715494304
2020-11-20,0.0003733432891543931
2020-11-23,-0.00037320395596196487
2020-11-24,0.0
2020-11-25,0.00012444776305153837
2020-11-27,0.0008088098052634329
2020-11-30,0.0001864975755314635
2020-12-01,-0.0024240164087264704
2020-12-02,0.00037383177570093906
2020-12-03,0.0006851021425011705
2020-12-04,-0.00043567560838986275
2020-12-07,0.0010585305105852427
2020-12-08,0.0
2020-12-09,-0.0006220065932699415
2020-12-10,0.001058069334661127
2020-12-11,0.0009947774185525837
2020-12-14,0.0
2020-12-15,-0.000559006211180102
2020-12-16,0.00024858616617984275
2020-12-17,-0.0003106554830692998
2020-12-18,-6.215040397761218e-05
2020-12-21,-0.00012430853378087026
2020-12-22,0.0006837819357246033
2020-12-23,-0.00024847807181016535
2020-12-24,0.0002485398285074769
2020-12-28,0.00012423903590508267
2020-12-29,6.211180124227056e-05
2020-12-30,0.00018632383081795822
2020-12-31,0.00037257824143077656
2021-01-04,0.0027312228429547947
2021-01-05,-0.0009904667574595072
2021-01-06,-0.0022927252447638713
2021-01-07,-0.0006210794360598237
2021-01-08,-0.0009321981231744658
2021-01-11,-0.0006220452848967328
2021-01-12,-0.0002489729864310064
2021-01-13,0.0010583987050181154
2021-01-14,-0.000310964612227127
2021-01-15,0.0011198208286673506
2021-01-19,0.00037285607755399575
2021-01-20,6.211951795243031e-05
2021-01-21,6.211565935765329e-05
2021-01-22,0.0004968944099379424
2021-01-25,0.0009312143034516662
2021-01-26,-6.202319667558687e-05
2021-01-27,0.0005582433941198062
2021-01-28,-0.0007439092430723271
2021-01-29,-0.0004342701160121587
2021-02-01,0.000744786494538241
2021-02-02,-0.0007442322004465041
2021-02-03,-0.0005585898709036252
2021-02-04,0.00012420045954164571
2021-02-05,-0.00018627755355482556
2021-02-08,-0.00043472860514226497
2021-02-09,6.213109661379335e-05
2021-02-10,0.0008076540755466155
2021-02-11,-6.207709975791786e-05
2021-02-12,-0.0008070523963248366
2021-02-16,-0.002795899347623476
2021-02-17,0.00012461059190038704
2021-02-18,0.0005606777971591814
2021-02-19,-0.0009962019799514277
2021-02-22,-0.0006232471174820731
2021-02-23,0.000623635796694666
2021-02-24,-0.0011841695232159832
2021-02-25,-0.006926244852115349
2021-02-26,0.0006283380458687038
2021-03-01,0.002700156985871338
2021-03-02,0.0015030060120240218
2021-03-03,-0.00206353176588292
2021-03-04,-0.001817156463437608
2021-03-05,-0.00018832391713752283
2021-03-08,-0.002448672066302504
2021-03-09,0.0011329305135951984
2021-03-10,0.0011316484345529343
2021-03-11,0.00043958804320531897
2021-03-12,-0.002259745150963499
2021-03-15,0.0005033029254482013
2021-03-16,0.00037728730428221446
2021-03-17,0.0020114400653719056
2021-03-18,-0.0030111034439496143
2021-03-19,-0.00018876234820364157
2021-03-22,0.0006922592825675533
2021-03-23,0.0010691151499906404
2021-03-24,0.0006282196255811279
2021-03-25,0.0008161727774986804
2021-03-26,-0.0012546264349789782
2021-03-29,-0.0012562024998429289
2021-03-30,-0.0006917803911703491
2021-03-31,-0.000251730648206383
2021-04-01,-0.004469344076545423
2021-04-05,-0.0013910844135314182
2021-04-06,0.002722725258025749
2021-04-07,0.0007577671129073149
2021-04-08,0.000567895002524077
2021-04-09,-0.001198208992873817
2021-04-12,-0.001010228564212623
2021-04-13,0.002148906585766719
2021-04-14,-0.0008829465186680485
2021-04-15,0.0028405504355510924
2021-04-16,-0.0012588909171020735
2021-04-19,-6.30238860528376e-05
2021-04-20,0.0013235850245809644
2021-04-21,-0.0001888336375652777
2021-04-22,6.295643414766516e-05
2021-04-23,-0.0006295247088448086
2021-04-26,-0.0005669291338582516
2021-04-27,-0.0010084457330139518
2021-04-28,0.0007570977917981114
2021-04-29,-0.00018913125709241196
2021-04-30,0.00031527839081912923
2021-05-03,0.001197680282400304
2021-05-04,0.00018888119372917345
2021-05-05,0.0007553820974441905
2021-05-06,0.0003145049691786195
2021-05-07,0.0012576243476074556
2021-05-10,-0.00031401117879792384
2021-05-11,-0.0008166855132554218
2021-05-12,-0.0023263124803520885
2021-05-13,0.0011343584572724996
2021-05-14,0.0005665365730831429
2021-05-17,-0.0003145643284051536
2021-05-18,0.00037759597230957453
2021-05-19,-0.0015727226975339459
2021-05-20,0.001953248062503965
2021-05-21,-0.0003144258583825943
2021-05-24,0.0007548594074353598
2021-05-25,0.0011942925388144232
2021-05-26,-6.278252134606088e-05
2021-05-27,-0.0006906510956238288
2021-05-28,0.000565468710731265
2021-06-01,-0.0003767660910517501
2021-06-02,0.0004397261134494457
2021-06-03,-0.0017581313575285584
2021-06-04,0.0022644357780852165
2021-06-07,-0.0003137944019078187
2021-06-08,0.0008161215393307497
2021-06-09,0.0009409108016560364
2021-06-10,0.0004386789496773069
2021-06-11,-0.0007516913054372854
2021-06-14,-0.0013164493480440909
2021-06-15,0.0
2021-06-16,-0.0038290126169103766
2021-06-17,-0.0005040957781978772
2021-06-18,-0.0008195687807338592
2021-06-21,0.00012619092687238265
2021-06-22,0.0010724875402183809
2021-06-23,-0.000882278800100833
2021-06-24,-0.00025230225810524143
2021-06-25,-0.0006940063091482873
2021-06-28,0.0011364353810214833
2021-06-29,0.00018919089361157937
2021-06-30,0.0004413619167717986
2021-07-01,-0.005357030314489197
2021-07-02,0.0016474464579900872
2021-07-06,0.0022140688259109087
2021-07-07,0.0011361484567316005
2021-07-08,0.002143622722400762
2021-07-09,-0.0020132117017930273
2021-07-12,-0.0003782386685998729
2021-07-13,-0.002207227092135944
2021-07-14,0.0018960940462646736
2021-07-15,0.0006939187484229503
2021-07-16,0.0
2021-07-19,0.0035302275735988875
2021-07-20,0.0010050882593126698
2021-07-21,-0.0022591779102604237
2021-07-22,0.0008805585256934645
2021-07-23,-0.0002513668070130981
2021-07-26,0.00018857250612858145
2021-07-27,0.0008169934640522847
2021-07-28,-0.0011930926216640048
2021-07-29,0.0004400855023261041
2021-07-30,0.0010054672280526145
2021-08-02,0.0020089145583526147
2021-08-03,0.0001253054319905189
2021-08-04,-0.001127607592557811
2021-08-05,-0.0017560363750391828
2021-08-06,-0.0018219513727461
2021-08-09,-0.0011329305135951984
2021-08-10,-0.0013232514177693444
2021-08-11,0.0005047637074895306
2021-08-12,-0.0006936999432427537
2021-08-13,0.0017039000378644698
2021-08-16,0.0015750015750015667
2021-08-17,-0.0005661089445213596
2021-08-18,-0.00044055635974571405
2021-08-19,0.00025185744868405635
2021-08-20,-0.0006924335893239153
2021-08-23,0.0005669291338583626
2021-08-24,-0.0008184336439184259
2021-08-25,-0.001008128032260136
2021-08-26,-0.00044150110375273943
2021-08-27,0.0017667844522968323
2021-08-30,0.0011967750062988891
2021-08-31,0.0
2021-09-01,-0.00018873859704304774
2021-09-02,0.0002516989680343418
2021-09-03,-0.0001258178158026757
2021-09-07,-0.0012583364791745044
2021-09-08,0.00044097265969500477
2021-09-09,0.0007556199231786298
2021-09-10,-0.0009438117410180968
2021-09-13,0.0003778813452575136
2021-09-14,0.0007554772097708717
2021-09-15,-0.0007549068948162763
2021-09-16,-0.0012591286829514159
2021-09-17,-0.0011346444780635512
2021-09-20,0.0016407926290546992
2021-09-21,-0.00031502016129036914
2021-09-22,-0.0017646688094787866
2021-09-23,-0.0022097354630974397
2021-09-24,-0.001012401923563666
2021-09-27,-0.0008234101849505793
2021-09-28,-0.0007606973058637001
2021-09-29,0.0007612764067752575
2021-09-30,0.0014580031695721196
2021-10-01,-0.0029117609824028667
2021-10-04,-0.0006348400203148863
2021-10-05,-0.0011434379367297742
2021-10-06,-0.00038158229458151727
2021-10-07,-0.0014632904949739567
2021-10-08,-0.0011468620579802025
2021-10-11,-0.0019774191490719017
2021-10-12,0.0007669691934040213
2021-10-13,-0.0008941116362243262
2021-10-14,0.0015980567629763076
2021-10-15,-0.0028080924117684924
2021-10-18,-0.0017279999999999518
2021-10-19,0.0004487754840363234
2021-10-20,0.0003844921499518428
2021-10-21,-0.00288258279418363
2021-10-22,0.0
2021-10-25,0.0015418219195681981
2021-10-26,-0.00025657472738938036
2021-10-27,0.0013473630180931284
2021-10-28,-0.0016659191388479488
2021-10-29,0.00019254219883180212
2021-11-01,-0.00044917864476390346
2021-11-02,0.002246902484432267
2021-11-03,-0.001537279016141424
2021-11-04,0.003656658968437254
2021-11-05,0.001853627356983134
2021-11-08,-0.0026795967844838176
2021-11-09,0.002111054247696975
2021-11-10,-0.0062559846792211715
2021-11-11,-0.0024410612192458103
2021-11-12,0.0013523085839397542
2021-11-15,-0.0006430868167202064
2021-11-16,-0.000514800514800462
2021-11-17,0.0010945145506051634
2021-11-18,0.0005788153579007194
2021-11-19,0.0006427561383210989
2021-11-22,-0.004496402877697814
2021-11-23,0.0
2021-11-24,-0.0007097690024518988
2021-11-25,-0.0002582811390198225
2021-11-26,0.006910805399470421
2021-11-29,6.414368184737285e-05
2021-11-30,0.0008979539477904641
2021-12-01,-0.0005126561999359014
2021-12-02,-0.0025004808617041796
2021-12-03,0.0034708831469341117
2021-12-06,-0.003266717909300554
2021-12-07,-0.001992159886896716
2021-12-08,-6.439150032200303e-05
2021-12-09,0.0
2021-12-10,0.00045076952797984404
2021-12-13,0.0014804325437693944
2021-12-14,-0.001028343723889713
2021-12-15,-0.0012224152351540951
2021-12-16,0.003929399639268194
2021-12-17,-6.416426050692703e-05
2021-12-20,0.0007058521560574516
2021-12-21,-0.0026931708881051675
2021-12-22,0.0005143702179644105
2021-12-23,-0.0006426322215795643
2021-12-27,-0.0006430454633142846
2021-12-28,0.0001930377710572806
2021-12-29,-0.0009650025733402012
2021-12-30,0.0012879129370855225
2021-12-31,0.0006431281754453178
2022-01-03,-0.00919082203226429
2022-01-04,-6.486766995328352e-05
2022-01-05,-0.00259487512163481
2022-01-06,-0.002081300813008169
2022-01-07,-0.001107997132242744
2022-01-10,-0.0014354691374135475
2022-01-11,0.0011761630946158785
2022-01-12,0.0005873906800679674
2022-01-13,0.0006522731720044472
2022-01-14,-0.0028029463529104515
2022-01-18,-0.00418355340567389
2022-01-19,0.0015754233950373564
2022-01-20,-0.00019661816751870287
2022-01-21,0.0032120616191413376
2022-01-24,0.0015028750653423018
2022-01-25,-0.0020878188817120558
2022-01-26,-0.0032690421706440542
2022-01-27,-0.0011807149885207924
2022-01-28,0.0017074932685361421
2022-01-31,0.00032780436635415633
2022-02-01,-0.00039323633503740574
2022-02-02,0.0011146079202728476
2022-02-03,-0.0025541947737245385
2022-02-04,-0.00538411030860142
2022-02-07,0.0009242144177448175
2022-02-08,-0.0017807677087455787
2022-02-09,0.00013214403700034794
2022-02-10,-0.00627601241989828
2022-02-11,0.003058103975535076
2022-02-14,-0.0027173913043477826
2022-02-15,-0.0005316674420150491
2022-02-16,0.0009974067424696198
2022-02-17,0.0029228112129666695
2022-02-18,0.0011922108888593463
2022-02-22,-0.0019184969568668553
2022-02-23,-0.0008616689865447169
2022-02-24,0.001658484808279237
2022-02-25,-0.0013908205841446364
2022-02-28,0.006831144714153137
2022-03-01,0.0072458994796127385
2022-03-02,-0.008370937152573421
2022-03-03,0.0005276000791401003
2022-03-04,0.004218574912662421
2022-03-07,-0.002625533311453876
2022-03-08,-0.0046067785455742305
2022-03-09,-0.002975206611570247
2022-03-10,-0.0024535809018567667
2022-03-11,-0.0010636176294621658
2022-03-14,-0.004991016170892371
2022-03-15,-0.000936329588014928
2022-03-16,-0.0037488284910964786
2022-03-17,0.0012767101196076158
2022-03-18,0.0006710958996041239
2022-03-21,-0.008316008316008316
2022-03-22,-0.001420166362345321
2022-03-23,0.00182852498984154
2022-03-24,-0.0012843912661394397
2022-03-25,-0.008190063625287625
2022-03-28,0.0
2022-03-29,0.003207534293318881
2022-03-30,0.001224489795918382
2022-03-31,0.0012909362685147308
2022-04-01,-0.009635611047024484
2022-04-04,-6.85166152791794e-05
2022-04-05,-0.005618747430450877
2022-04-06,0.0
2022-04-07,0.0011714443219403847
2022-04-08,-0.0026842865992153797
2022-04-11,-0.0006901311249137843
2022-04-12,0.005248618784530423
2022-04-13,0.0013740038472107585
2022-04-14,-0.004871020856201946
2022-04-18,-0.0011720096518441636
2022-04-19,-0.004072335726118204
2022-04-20,0.001178182826252705
2022-04-21,-0.004914855323272849
2022-04-22,0.0012521739130435527
2022-04-25,0.0038213020218160754
2022-04-26,0.0030454042081948796
2022-04-27,-0.00048302511730613507
2022-04-28,-0.002830514325164013
2022-04-29,-0.00152312378842423
2022-05-02,-0.0036749410622659573
2022-05-03,0.00020878279629754637
2022-05-04,0.005218480378513801
2022-05-05,-0.005329826261507575
2022-05-06,-0.0003479471120390043
2022-05-09,0.002854159415245361
2022-05-10,0.0022907122032487237
2022-05-11,0.0013158806011497326
2022-05-12,0.004219117443629905
2022-05-13,-0.00413251601349951
2022-05-16,0.002835604122000124
2022-05-17,-0.005379310344827637
2022-05-18,0.0021494938288726395
2022-05-19,0.0020065038400332025
2022-05-20,0.001657229664411064
2022-05-23,-0.003033227629946178
2022-05-24,0.005255151431337257
2022-05-25,0.001994772320814464
2022-05-26,0.00020594494405168362
2022-05-27,-0.0010295126973233204
2022-05-31,-0.0027481964960495153
2022-06-01,-0.005442645539097457
2022-06-02,0.0011083402604599168
2022-06-03,-0.001453086078051502
2022-06-06,-0.0033954680895295075
2022-06-07,0.002225003476567844
2022-06-08,-0.0017344248647148675
2022-06-09,-0.001320453123914156
2022-06-10,-0.008072372999304078
2022-06-13,-0.009120246948225108
2022-06-14,-0.004743698668932317
2022-06-15,0.0055488368784235576
2022-06-16,0.003749557835160955
2022-06-17,0.0010572314632082414
2022-06-20,-0.0007040766035344426
2022-06-21,-0.0001409145353342689
2022-06-22,0.006412514974279526
2022-06-23,0.00392101946506096
2022-06-24,-0.0009764262798158674
2022-06-27,-0.003001954761239878
2022-06-28,-0.0003501155381275822
2022-06-29,0.004413000840571613
2022-06-30,0.0055791896227073146
2022-07-01,0.0016644704903252538
2022-07-05,0.0033234092640033186
2022-07-06,-0.0057967014008695195
2022-07-07,-0.004234052890955797
2022-07-08,-0.003694409591523784
2022-07-11,0.003638144546281419
2022-07-12,0.0013942140118508028
2022-07-13,-0.00034806822137134485
2022-07-14,-0.0017409470752088874
2022-07-15,0.00020927799093128918
2022-07-18,-0.0004882131399079892
