Date,HG=F
2012-03-30,
2012-04-02,0.024712360819097556
2012-04-03,-0.0007656044460182532
2012-04-04,-0.033201348101666084
2012-04-05,0.0015850064411748743
2012-04-09,-0.019912965744693478
2012-04-10,-0.018837505423124346
2012-04-11,-0.00274272921403218
2012-04-12,0.022139749092635608
2012-04-13,-0.025158115491844435
2012-04-16,0.0002760601615048319
2012-04-17,0.005518758423432191
2012-04-18,-0.004390788197155104
2012-04-19,-0.00041348668440788217
2012-04-20,0.01916454156474523
2012-04-23,-0.019751133842871305
2012-04-24,0.013386713300104658
2012-04-25,0.007898691032312
2012-04-26,0.018240744713846846
2012-04-27,0.013800437189325665
2012-04-30,0.0035340249843951455
2012-05-01,0.0016955799862479193
2012-05-02,-0.014192673384482823
2012-05-03,-0.013736638514107447
2012-05-04,-0.002544536411724696
2012-05-07,0.014366256011362433
2012-05-08,-0.02435473453865744
2012-05-09,-0.004341281891760862
2012-05-10,0.0059953223309288095
2012-05-11,-0.011648376929089821
2012-05-14,-0.025078811766487963
2012-05-15,-0.009839709918916917
2012-05-16,-0.01050544534619735
2012-05-17,-0.0015781463266194562
2012-05-18,-0.0028739733594737027
2012-05-21,0.009943762215559149
2012-05-22,-0.004708903090126615
2012-05-23,-0.025663068568500647
2012-05-24,0.00912298378255505
2012-05-25,0.005540989779915018
2012-05-29,0.004495379602764915
2012-05-30,-0.022231887003017703
2012-05-31,-0.007086942349378789
2012-06-01,-0.01561338595724826
2012-06-04,-0.0018127015303304184
2012-06-05,-0.004691232055465511
2012-06-06,0.02752010825225515
2012-06-07,-0.0028114906326334177
2012-06-08,-0.02552306504337787
2012-06-11,0.018730036028907104
2012-06-12,-0.0032884657368982273
2012-06-13,0.0017995810869855244
2012-06-14,0.00419166998299314
2012-06-15,0.009242664896938368
2012-06-18,0.003249606503692659
2012-06-19,0.010747932301477858
2012-06-20,-0.013401312555966771
2012-06-21,-0.027018989707836005
2012-06-22,0.0030348984011268065
2012-06-25,0.0027230935982267557
2012-06-26,0.00045266437806890103
2012-06-27,0.009349992071890245
2012-06-28,-0.0061257866958367435
2012-06-29,0.04930848934302623
2012-07-02,-0.007163351088572134
2012-07-03,0.02005771174718296
2012-07-05,-0.01315602464443455
2012-07-06,-0.023939194511560458
2012-07-09,0.006315203577041961
2012-07-10,-0.009632291199682452
2012-07-11,0.014736278335746977
2012-07-12,-0.00914902711995691
2012-07-13,0.026088227244810636
2012-07-16,-0.005570637728328998
2012-07-17,-0.008043630669136381
2012-07-18,0.00579205923220516
2012-07-19,0.017564028053346892
2012-07-20,-0.024193549475229448
2012-07-23,-0.01942871215178421
2012-07-24,-0.008428236007811729
2012-07-25,0.006561310729099157
2012-07-26,0.005629645453558929
2012-07-27,0.009428422023076477
2012-07-30,-0.003210786930208376
2012-07-31,0.00131776009686968
2012-08-01,-0.012575002145732261
2012-08-02,-0.024877795028084515
2012-08-03,0.02384207500992419
2012-08-06,0.006526204577848915
2012-08-07,0.01532568449779581
2012-08-08,-0.0050798037866961465
2012-08-09,0.0027717072724866565
2012-08-10,-0.008146673276995697
2012-08-13,-0.01481370409602989
2012-08-14,0.0002977303914295515
2012-08-15,-0.0023812761323658282
2012-08-16,0.010293863433782358
2012-08-17,0.010632018376679264
2012-08-20,-0.014172946694844035
2012-08-21,0.024603510304438636
2012-08-22,0.0010125805546459254
2012-08-23,0.010404628021541962
2012-08-24,-0.002288368221941006
2012-08-27,-0.0010034360164629108
2012-08-28,-0.0041612578593631655
2012-08-29,-0.0021613640290950586
2012-08-30,-0.006353811922209518
2012-08-31,0.003923841046982179
2012-09-04,0.004198003109795456
2012-09-05,0.01830767415022172
2012-09-06,-0.002406596553244933
2012-09-07,0.037604635883028426
2012-09-10,0.012035051966578392
2012-09-11,0.0039188925779332084
2012-09-12,-0.0012114449648782388
2012-09-13,0.004582199399159492
2012-09-14,0.03340489302477567
2012-09-17,-0.010775046393042276
2012-09-18,-0.0019684864449962536
2012-09-19,0.006969095748086129
2012-09-20,-0.014755799972478334
2012-09-21,0.008217335612208387
2012-09-24,-0.01524907329545755
2012-09-25,0.007475604665276414
2012-09-26,-0.01576784936014597
2012-09-27,0.00915452881356571
2012-09-28,0.00667024973074537
2012-10-01,0.005300816569415057
2012-10-02,0.003690993679990484
2012-10-03,-0.0034147653562203173
2012-10-04,0.0
2012-10-05,-0.002108565417026198
2012-10-08,-0.015583733505209585
2012-10-09,0.0005366497078365118
2012-10-10,0.0
2012-10-11,0.008045044422961833
2012-10-12,-0.011838284593891357
2012-10-15,-0.0008076513718906497
2012-10-16,-0.0009430108602346277
2012-10-17,0.012001109276533972
2012-10-18,-0.0014657103577415675
2012-10-19,-0.026287700534555203
2012-10-22,-0.006303961113821588
2012-10-23,-0.013653286181408819
2012-10-24,0.0
2012-10-25,-0.003215850621958616
2012-10-26,-0.0002805908018255199
2012-10-31,-0.01024273266569442
2012-11-01,0.007938791250910127
2012-11-02,-0.020253171687998783
2012-11-05,-0.0035888738271507847
2012-11-06,0.010229087932317249
2012-11-07,-0.017969185113051567
2012-11-08,0.0079871953368289
2012-11-09,-0.006050974929673103
2012-11-12,0.006812571414984925
2012-11-13,0.0
2012-11-14,-0.005038917902317475
2012-11-15,0.0026045617813936772
2012-11-16,-0.003175037708605055
2012-11-19,0.02142750283758499
2012-11-20,-0.003543532124530291
2012-11-21,-0.005405420437755493
2012-11-23,0.00901025806833089
2012-11-26,0.002409666729681792
2012-11-27,0.00014139246563571461
2012-11-28,-0.004100071488495116
2012-11-29,0.018881302412570022
2012-11-30,0.011425355750946942
2012-12-03,0.0028930136095988157
2012-12-04,-0.001785715806240873
2012-12-05,0.009219748236286573
2012-12-06,-0.010908088696391371
2012-12-07,0.0056520386431346825
2012-12-10,0.011788891674887392
2012-12-11,-0.005283841499872266
2012-12-12,0.007899766777140771
2012-12-13,-0.015000008054681602
2012-12-14,0.005624899050715282
2012-12-17,-0.004365629629321188
2012-12-18,-0.003425609187576728
2012-12-19,-0.01141203203181429
2012-12-20,-0.019471469453606005
2012-12-21,0.008652463638292973
2012-12-24,-0.006047000546106296
2012-12-26,0.013865315762949582
2012-12-27,0.001953661621681535
2012-12-28,-0.003481841104174266
2012-12-31,0.01774980451676411
2013-01-02,0.02293323474420661
2013-01-03,-0.006175326157197292
2013-01-04,-0.006213697767554538
2013-01-07,-0.004213627976400236
2013-01-08,-0.0016380130457851472
2013-01-09,-0.0001367141787010917
2013-01-10,0.010392415518222453
2013-01-11,-0.014887012372856168
2013-01-14,-0.005495255244144515
2013-01-15,0.0009669801952838508
2013-01-16,-0.00883241160826731
2013-01-17,0.01559453996900495
2013-01-18,0.004524265382165549
2013-01-22,0.007506459298366686
2013-01-23,-0.005418580603954282
2013-01-24,-0.0017706362613160165
2013-01-25,-0.006822239154166576
2013-01-28,0.002610256067259842
2013-01-29,0.0078103811071077445
2013-01-30,0.016995241288353613
2013-01-31,-0.0044117636746602296
2013-02-01,0.013965367420413655
2013-02-04,-0.004502704192674956
2013-02-05,0.0007981328942650023
2013-02-06,-0.007443806675517695
2013-02-07,-0.003615903358959116
2013-02-08,0.009005364482079559
2013-02-11,-0.009457852600340932
2013-02-12,0.004975817635305635
2013-02-13,-0.0006690906473620917
2013-02-14,-0.0010712234966043788
2013-02-15,0.0002680770819407652
2013-02-19,-0.02318411435708012
2013-02-20,-0.010701065756229755
2013-02-21,-0.01525449092194231
2013-02-22,-0.005773819228685473
2013-02-25,0.003116124100045914
2013-02-26,0.007201372472315004
2013-02-27,-0.0060282833360686405
2013-02-28,-0.004936575951481781
2013-03-01,-0.01304039828035819
2013-03-04,0.00043088603714891427
2013-03-05,0.0038759618286587916
2013-03-06,-0.006435017316968938
2013-03-07,0.00791592238068306
2013-03-08,-0.002855916256961022
2013-03-11,0.002434512222136309
2013-03-12,0.010857173374720919
2013-03-13,-0.008055420929403811
2013-03-14,0.003989154824995511
2013-03-15,-0.004399054580837336
2013-03-18,-0.025940662588902375
2013-03-19,-0.0062921013398258285
2013-03-20,0.011780286409845964
2013-03-21,-0.003638425150686686
2013-03-22,0.009056353499727665
2013-03-25,-0.00550088402627269
2013-03-26,-0.0007278187080363985
2013-03-27,0.0007283488139291361
2013-03-28,-0.011644821694133722
2013-04-01,-0.008100122039413571
2013-04-02,0.0013362768144786763
2013-04-03,-0.013790026057057925
2013-04-04,0.006014127456829721
2013-04-05,-0.0016440227810002872
2013-04-08,0.008383268583176173
2013-04-09,0.02078382797165257
2013-04-10,-0.006980782338883551
2013-04-11,0.004100743650865768
2013-04-12,-0.023045506651308112
2013-04-15,-0.020603166973309883
2013-04-16,0.008079264292594202
2013-04-17,-0.035838498648660955
2013-04-18,0.005175657582455084
2013-04-19,-0.01653923356516973
2013-04-22,-0.006187535220926743
2013-04-23,-0.012132780575736857
2013-04-24,0.02068516134133014
2013-04-25,0.025332464819292744
2013-04-26,-0.01636812065187976
2013-04-29,0.012715907302854879
2013-04-30,-0.011781151930913225
2013-05-01,-0.03294118245442712
2013-05-02,0.0071370882474373065
2013-05-03,0.0673215875290305
2013-05-06,-0.0010562803131942688
2013-05-07,-0.002870098751392547
2013-05-08,0.021360441513222916
2013-05-09,-0.008751114559099937
2013-05-10,0.004339339378978568
2013-05-13,0.0017878552017733806
2013-05-14,-0.021267121709068193
2013-05-15,-0.007141761494902421
2013-05-16,0.0076523096645055855
2013-05-17,0.00880924768582969
2013-05-20,0.01084011209764979
2013-05-21,-0.005361967614419982
2013-05-22,0.011530419504596212
2013-05-23,-0.023094024379896383
2013-05-24,-0.002424578581882386
2013-05-28,0.006076251061891691
2013-05-29,-0.006190603248309889
2013-05-30,0.005925256098944454
2013-05-31,-0.006494448818792686
2013-06-03,0.011553623592667206
2013-06-04,0.011421733670745393
2013-06-05,0.00059438141290169
2013-06-06,-0.015147049805618429
2013-06-07,-0.01507839340963879
2013-06-10,-0.008266977997819724
2013-06-11,-0.014201914989167341
2013-06-12,0.01002186835187957
2013-06-13,-0.012403089313450577
2013-06-14,0.006122454479267514
2013-06-17,-0.0007801707760048959
2013-06-18,-0.014053666221872096
2013-06-19,-0.0042762036513006585
2013-06-20,-0.026085578122375108
2013-06-21,0.011432254314390988
2013-06-24,-0.022767608211547108
2013-06-25,0.014871142086441358
2013-06-26,-0.00976887295325679
2013-06-27,0.0037816904246357197
2013-06-28,-0.0006552312707073238
2013-07-01,0.034256698307833844
2013-07-02,-0.004120447404747596
2013-07-03,0.010184616568361227
2013-07-05,-0.029615658587000993
2013-07-08,0.01022730580186959
2013-07-09,-0.011409303971770424
2013-07-10,0.008127469300700962
2013-07-11,0.02660431443050526
2013-07-12,-0.00408355936352911
2013-07-15,-0.0029963811962979703
2013-07-16,0.012179712245897756
2013-07-17,-0.018440385595002495
2013-07-18,0.0006367950956149837
2013-07-19,0.0023866895285495904
2013-07-22,0.012539681554531334
2013-07-23,0.002664950780524533
2013-07-24,-0.005159473552684424
2013-07-25,0.0022002104588232374
2013-07-26,-0.02493334224645727
2013-07-29,0.0024123297912570507
2013-07-30,-0.024225898875940177
2013-07-31,0.025485073240214318
2013-08-01,0.014590360794551227
2013-08-02,0.0017383306389422426
2013-08-05,-0.0007887859699302613
2013-08-06,0.0015787420066353253
2013-08-07,0.0017339465070473903
2013-08-08,0.029268272186002253
2013-08-09,0.011619051354291088
2013-08-12,-0.000604531790524554
2013-08-13,0.0036292406095959073
2013-08-14,0.006629523612599275
2013-08-15,-0.0007484080626799505
2013-08-16,0.007938881419757404
2013-08-19,-0.008322222014357394
2013-08-20,0.0008991521187740048
2013-08-21,-0.008384452266950615
2013-08-22,0.006492487313021655
2013-08-23,0.005700586174941291
2013-08-26,-0.008949872138079185
2013-08-27,0.003160732733062055
2013-08-28,-0.007651930764818182
2013-08-29,-0.01905048843367063
2013-08-30,-0.005856983246464442
2013-09-03,0.022170562808326855
2013-09-04,-0.018201105223634273
2013-09-05,0.0013903637347407738
2013-09-06,0.005245282405377916
2013-09-09,0.005371443424762479
2013-09-10,-0.004274210694763747
2013-09-11,-0.0015329989893069218
2013-09-12,-0.013511411109258686
2013-09-13,-0.0017120865487990633
2013-09-16,0.006236351986111721
2013-09-17,0.00030986288234990944
2013-09-18,0.017193318400411828
2013-09-19,0.02025276363333517
2013-09-20,-0.006716358319079241
2013-09-23,-0.005860260421148622
2013-09-24,-0.012847647504915072
2013-09-25,0.00459343627934139
2013-09-26,0.007163531819014857
2013-09-27,0.00650729760037172
2013-09-30,-0.0013531535848676501
2013-10-01,-0.014754599016001069
2013-10-02,0.01207212628198251
2013-10-03,-0.014947905019627172
2013-10-04,0.009656610012410693
2013-10-07,-0.0012144978188698419
2013-10-08,-0.0022799614674410273
2013-10-09,-0.01843392558289403
2013-10-10,0.006053086342089786
2013-10-11,0.0074051738083245056
2013-10-14,0.010719707898182884
2013-10-15,0.001212105624055937
2013-10-16,-0.0010593174474201605
2013-10-17,-0.003484284816481664
2013-10-18,0.0012161594587514202
2013-10-21,0.0009110297590264604
2013-10-22,0.009860445562079656
2013-10-23,-0.018627019869504102
2013-10-24,-0.0016837833178378059
2013-10-25,0.0013799910437666263
2013-10-28,-0.0013780892928850763
2013-10-29,0.004446532201314302
2013-10-30,0.013738310811494348
2013-10-31,-0.007830081396198785
2013-11-01,-0.0003035865549150252
2013-11-04,-0.013966905893611825
2013-11-05,0.0015396811482737416
2013-11-06,-0.005380526307996236
2013-11-07,0.0043277211243952785
2013-11-08,0.0012311321675455567
2013-11-11,0.0027666962448378296
2013-11-12,-0.007817307931254902
2013-11-13,-0.022400738423549615
2013-11-14,-0.0009481734981927614
2013-11-15,0.0037962935376949503
2013-11-18,-0.006145608751441878
2013-11-19,0.002695373568297743
2013-11-20,-0.00015811630921092057
2013-11-21,0.011387004147419999
2013-11-22,0.009069599360598257
2013-11-25,0.0038741817916336796
2013-11-26,-0.003087369623353875
2013-11-27,-0.008826286559483365
2013-11-29,0.009373526412278954
2013-12-02,-0.0040241484331128285
2013-12-03,-0.005128203988196245
2013-12-04,0.02202440986187426
2013-12-05,-0.00305677167772489
2013-12-06,0.0024529007241520517
2013-12-09,0.007952293241068498
2013-12-10,0.0018206772534499205
2013-12-11,0.009086769845376264
2013-12-12,0.00015007166512415182
2013-12-13,0.006002395205124911
2013-12-16,0.007159883485010843
2013-12-17,-0.002665824856973531
2013-12-18,-0.001782014190118364
2013-12-19,-0.006099358617855932
2013-12-20,0.0022451528159193046
2013-12-23,0.0007467315362688076
2013-12-24,0.0199969885468001
2013-12-26,0.00936358878456689
2013-12-27,0.005942874094258199
2013-12-30,-0.01426512626737153
2013-12-31,0.006139426458516395
2014-01-02,-0.002905706991979118
2014-01-03,-0.0074311698789543135
2014-01-06,0.0017616095536554521
2014-01-07,-0.00029306199826495405
2014-01-08,-0.005130437888465567
2014-01-09,-0.011639898938909155
2014-01-10,0.009838995667805106
2014-01-13,0.0038382081848176153
2014-01-14,-0.0035294363490432357
2014-01-15,0.005460475083499228
2014-01-16,-0.004550144783378451
2014-01-17,-0.0036862422778500825
2014-01-21,0.0038478648816946404
2014-01-22,-0.00486510281700181
2014-01-23,-0.015555558381257217
2014-01-24,-0.005568123310304762
2014-01-27,-0.003026631586999007
2014-01-28,-0.002580407102268145
2014-01-29,-0.005326483597774434
2014-01-30,-0.009179918122037778
2014-01-31,-0.005404547300686513
2014-02-03,-0.0065206981825847166
2014-02-04,0.005469580636671134
2014-02-05,-0.0007771393268666271
2014-02-06,0.013843556764686848
2014-02-07,0.0036820636001848595
2014-02-10,0.00030576764516210275
2014-02-11,-0.0006112754934634035
2014-02-12,0.013914385418873687
2014-02-13,-0.0025637457784163376
2014-02-14,0.004082242371848954
2014-02-18,0.006023255523405879
2014-02-19,-0.0014968161253602341
2014-02-20,-0.0034477949801792196
2014-02-21,0.003610133679379901
2014-02-24,0.006894485055171318
2014-02-25,-0.0062518334772193596
2014-02-26,-0.020521282429086907
2014-02-27,-0.010093284048736217
2014-02-28,0.0006179803629724478
2014-03-03,-0.005558167431751082
2014-03-04,0.012730908079773062
2014-03-05,-0.0026061202120920557
2014-03-06,0.006916703966140414
2014-03-07,-0.03633031778055229
2014-03-10,-0.014573103862350556
2014-03-11,-0.02555865483942943
2014-03-12,-0.0016495797390608802
2014-03-13,-0.011731675255303387
2014-03-14,0.007523838270483418
2014-03-17,-0.0036508190979849253
2014-03-18,-0.002498391548260148
2014-03-19,0.011187241751349886
2014-03-20,-0.01717306597698509
2014-03-21,0.006048349139646136
2014-03-24,-0.0015029767284669981
2014-03-25,0.018732227268928092
2014-03-26,-0.01149239381722822
2014-03-27,0.008636446863819591
2014-03-28,0.007409859481828152
2014-03-31,-0.004086318280929757
2014-04-01,0.0027901195708512905
2014-04-02,0.003273319229047278
2014-04-03,-0.005872797895257964
2014-04-04,-0.00131274978396001
2014-04-07,0.006736754782298293
2014-04-08,0.004243516158530802
2014-04-09,-0.0034129544716214877
2014-04-10,0.0006523462067962171
2014-04-11,-0.000651920928651184
2014-04-14,0.00032613422235105993
2014-04-15,-0.016465574672747785
2014-04-16,0.011271314415499445
2014-04-17,0.006228504811827129
2014-04-21,-0.0004886435237140274
2014-04-22,0.003422410024770617
2014-04-23,0.0011369123613274024
2014-04-24,0.017683278479783793
2014-04-25,-0.003028786431523267
2014-04-28,-0.005916242114631709
2014-04-29,-0.011581152744816414
2014-04-30,-0.013995112438512591
2014-05-01,-0.00016503177392868107
2014-05-02,0.01733245585222365
2014-05-05,-0.0034074165314480487
2014-05-06,0.0013024905152729804
2014-05-07,-0.007967522350287637
2014-05-08,0.010490105140212425
2014-05-09,0.005839456933135034
2014-05-12,0.021286883556692837
2014-05-13,-0.005368766105394607
2014-05-14,0.007779054592140788
2014-05-15,-0.003780744747824194
2014-05-16,-0.00031623261842195216
2014-05-19,0.005852606633105051
2014-05-20,-0.007391163178184446
2014-05-21,-0.00807979135805148
2014-05-22,0.006867871480774612
2014-05-23,0.008883285783248152
2014-05-27,0.004245275132410464
2014-05-28,-0.0015657161030899758
2014-05-29,-0.010976900802166178
2014-05-30,-0.005549440837189001
2014-06-02,0.013711729578585352
2014-06-03,-0.010537891530717824
2014-06-04,-0.016531567855914697
2014-06-05,-0.0008080875654012942
2014-06-06,-0.012293790303036123
2014-06-09,-0.0024565782208960663
2014-06-10,0.0031193651544694223
2014-06-11,-0.004255322801970052
2014-06-12,-0.008218308649852513
2014-06-13,0.00447463552658145
2014-06-16,0.005444644955745703
2014-06-17,0.0034459975255172193
2014-06-18,-0.000654081804205231
2014-06-19,0.006381939771355372
2014-06-20,0.013821144199818836
2014-06-23,0.008981516384958033
2014-06-24,0.00031796724111221586
2014-06-25,0.004449368654894981
2014-06-26,0.0001581913471069285
2014-06-27,-0.0037962935376949503
2014-06-30,0.012384895270340035
2014-07-01,0.0009410354501060425
2014-07-02,0.019272977992268903
2014-07-03,0.003843212133376017
2014-07-07,-0.005053597444152902
2014-07-08,-0.0016931131344376515
2014-07-09,-0.0020043187360097026
2014-07-10,0.006025032293138999
2014-07-11,0.0007678308317689009
2014-07-14,-0.0061377874229722185
2014-07-15,0.0
2014-07-16,-0.010344354894637142
2014-07-17,0.0012481082731323756
2014-07-18,-0.010906850926801215
2014-07-21,0.0039382632596298706
2014-07-22,0.0028243603700668363
2014-07-23,-0.00015645870020053465
2014-07-24,0.01846635883929615
2014-07-25,-0.008297464915870134
2014-07-28,0.001239525411822262
2014-07-29,-0.006654247156613002
2014-07-30,0.0071662256969240445
2014-07-31,-0.0029389099701964128
2014-08-01,-0.005119452662557755
2014-08-04,0.009355986555467544
2014-08-05,-0.011586634563216514
2014-08-06,-0.011409808834351498
2014-08-07,0.0025296871661668607
2014-08-08,-0.0014193819976940913
2014-08-11,0.00031590839364437073
2014-08-12,-0.005683651901051245
2014-08-13,-0.013655123466983277
2014-08-14,-0.006600111088014726
2014-08-15,0.003727072350437899
2014-08-18,0.0019373723561770806
2014-08-19,-0.005639679060770786
2014-08-20,0.028682554799376314
2014-08-21,-0.0006301491633452505
2014-08-22,0.008511964373709269
2014-08-25,0.004532710747051416
2014-08-26,-0.009802427529210567
2014-08-27,-0.0023569872492511523
2014-08-28,-0.015120522113032275
2014-08-29,0.002718726843980779
2014-09-02,-0.00015947807397032054
2014-09-03,-0.007337693958019309
2014-09-04,0.008677470735585446
2014-09-05,0.00621316467108346
2014-09-08,-0.0001583165806154918
2014-09-09,-0.019952482403651883
2014-09-10,0.0032315366791704214
2014-09-11,-0.005637030701508006
2014-09-12,0.004859120642431103
2014-09-15,-0.006769796408826023
2014-09-16,0.025641023656833184
2014-09-17,-0.00585445858952327
2014-09-18,-0.015597652349206625
2014-09-19,-0.0012934352590434628
2014-09-22,-0.016350952145836817
2014-09-23,-0.0011521471483632029
2014-09-24,0.008238621297077309
2014-09-25,0.00016341355247728728
2014-09-26,-0.010130686107910125
2014-09-29,0.007923383651538218
2014-09-30,-0.01555843285662628
2014-10-01,0.00931621267714089
2014-10-02,-0.012197112710488622
2014-10-03,-0.0006674765392618021
2014-10-06,0.012022045180023255
2014-10-07,0.0013198972404493414
2014-10-08,-0.011369215677878408
2014-10-09,0.009333372116088867
2014-10-10,0.0013209869048520506
2014-10-13,0.0014841398963447716
2014-10-14,0.01597235679260156
2014-10-15,-0.026094043724343874
2014-10-16,-0.008653694008134871
2014-10-17,0.0075541510769379094
2014-10-20,-0.0034988185528905813
2014-10-21,0.013542861051675903
2014-10-22,-0.002804309154416318
2014-10-23,0.00909839994118622
2014-10-24,0.00032792326392372395
2014-10-27,0.008849540925082833
2014-10-28,0.009909010548976305
2014-10-29,0.0011259400794325636
2014-10-30,-0.012853458226260717
2014-10-31,-0.0035807024376282026
2014-11-03,0.006043727726148029
2014-11-04,-0.014937491285276439
2014-11-05,-0.003626147401708857
2014-11-06,0.002646781439936241
2014-11-07,0.0072595528320005265
2014-11-10,-0.008190039406822391
2014-11-11,0.004624336178475019
2014-11-12,-0.0023015642578617657
2014-11-13,-0.01153397553272939
2014-11-14,0.01950326747511988
2014-11-17,-0.0027796268601210095
2014-11-18,-0.01262504368466355
2014-11-19,0.011956165503831606
2014-11-20,-0.006399743224671184
2014-11-21,0.0024773482655686685
2014-11-24,-0.010214212999146155
2014-11-25,-0.014314242200740068
2014-11-26,-0.0003376992679318125
2014-11-28,-0.033783831676485354
2014-12-01,0.02465039790478407
2014-12-02,-0.005801044111463871
2014-12-03,-0.0070362734199092
2014-12-04,0.013653646605304104
2014-12-05,-0.002387031459708755
2014-12-08,-0.005127283170703989
2014-12-09,0.012369013137965235
2014-12-10,-0.011030045109781339
2014-12-11,0.009265597148533367
2014-12-12,0.0018701388064705782
2014-12-15,-0.01646022738812436
2014-12-16,-0.007073824939060502
2014-12-17,0.0034752355393230516
2014-12-18,-0.005194841439468578
2014-12-19,0.012358590182150797
2014-12-22,-0.0015474251285311214
2014-12-23,-0.0005166625308482553
2014-12-24,-0.009476193879822903
2014-12-26,-0.01356758874259556
2014-12-29,0.0008816988957072169
2014-12-30,0.010923149494242557
2014-12-31,-0.010630859392204428
2015-01-02,0.0
2015-01-05,-0.016029607076777586
2015-01-06,0.003938388131620396
2015-01-07,-0.0028530304158856934
2015-01-08,0.003934162363734339
2015-01-09,-0.005878160543278277
2015-01-12,-0.009854834224110265
2015-01-13,-0.030401777154650755
2015-01-14,-0.04703244949067953
2015-01-15,0.02271840514872059
2015-01-16,0.016468778946261198
2015-01-20,-0.014506431776758255
2015-01-21,-0.00019115418294024522
2015-01-22,-0.005544895859403209
2015-01-23,-0.024226187114523845
2015-01-26,0.014187197913078542
2015-01-27,-0.02331453067484157
2015-01-28,0.0031828667199813587
2015-01-29,-0.020226101930628015
2015-01-30,0.023274691016083038
2015-02-02,-0.006724761701678572
2015-02-03,0.03544404203725127
2015-02-04,0.004615417062884708
2015-02-05,0.0
2015-02-06,-0.003445659640864074
2015-02-09,-0.0015366686960794906
2015-02-10,-0.01404385434138311
2015-02-11,-0.003902435302734375
2015-02-12,0.022135145084126284
2015-02-13,0.001724856549049747
2015-02-17,-0.0072699646244683835
2015-02-18,0.017344319425935728
2015-02-19,0.0007577547011907715
2015-02-20,-0.011735717946352753
2015-02-23,0.011108908013722774
2015-02-24,0.027277904662372565
2015-02-25,-0.0014751792755645088
2015-02-26,0.0024007408191455415
2015-02-27,0.000736954115667654
2015-03-02,-0.0018409846441234112
2015-03-03,-0.013832499117473196
2015-03-04,0.0013091395778221937
2015-03-05,-0.0018678051383700378
2015-03-06,-0.01609280836035465
2015-03-09,0.022061654193296754
2015-03-10,-0.019352454438050448
2015-03-11,-0.004743851130533883
2015-03-12,0.01982842589550393
2015-03-13,0.0014955874065067931
2015-03-16,-0.000373316238286181
2015-03-17,-0.013445383089902951
2015-03-18,-0.02063225556522108
2015-03-19,0.03382299921921805
2015-03-20,0.037577157315969556
2015-03-23,0.011891888733876144
2015-03-24,0.0024928665469026168
2015-03-25,-0.0035523944085211756
2015-03-26,0.00588235144121696
2015-03-27,-0.016480583568223794
2015-03-30,0.00450443561641789
2015-03-31,-0.014529121793366184
2015-04-01,0.0034583279124278388
2015-04-02,-0.0030836565080660794
2015-04-06,-0.005822341539484799
2015-04-07,0.016471389466245157
2015-04-08,-0.010262816780341244
2015-04-09,-0.001273503009400101
2015-04-10,0.0020036715594156096
2015-04-13,-0.00490818955911243
2015-04-14,-0.006393834044291835
2015-04-15,0.0036771429398032573
2015-04-16,0.020516575615723953
2015-04-17,-0.000718037488592782
2015-04-20,-0.017244425943128028
2015-04-21,-0.011149761463767116
2015-04-22,-0.013123775295286522
2015-04-23,0.010676096830359416
2015-04-24,0.020014877743757875
2015-04-27,0.007994126170379978
2015-04-28,0.002162956782377101
2015-04-29,0.00539572124408183
2015-04-30,0.032736959911559005
2015-05-01,0.015589841724417575
2015-05-04,-0.0025583944568148276
2015-05-05,0.005471967267184352
2015-05-06,-0.0025510787467357687
2015-05-07,-0.0022164595250198094
2015-05-08,0.0017087750581910033
2015-05-11,-0.004605928089670086
2015-05-12,0.011311051295583407
2015-05-13,-0.00016945051972094838
2015-05-14,-0.0013559147243836778
2015-05-15,0.0010182560968305943
2015-05-18,-0.006442799507995867
2015-05-19,-0.02337885337916845
2015-05-20,-0.003494667264233531
2015-05-21,0.006838511987149243
2015-05-22,-0.013061700584636182
2015-05-26,0.007058401825562166
2015-05-27,-0.013141722826840008
2015-05-28,-0.008167614357946218
2015-05-29,-0.011994255759712358
2015-06-01,-0.006704145485184165
2015-06-02,0.006202101545441208
2015-06-03,-0.0027193377530387863
2015-06-04,-0.012724903789585573
2015-06-05,0.002393580197008971
2015-06-08,-0.002204189492852504
2015-06-09,0.009020578963862436
2015-06-10,0.0113118546364388
2015-06-11,-0.028324022836567653
2015-06-12,0.0024136671122516606
2015-06-15,-0.01500283858969964
2015-06-16,-0.012222651218266045
2015-06-17,-0.0013325661093036567
2015-06-18,0.002096865572728701
2015-06-19,-0.013886238281797025
2015-06-22,-0.001543190003785777
2015-06-23,0.01777434419000734
2015-06-24,0.004745652006458823
2015-06-25,-0.0003779202333358267
2015-06-26,-0.000188986494360055
2015-06-29,-0.002457469099779952
2015-06-30,-0.0056849977739468205
2015-07-01,0.004573983231363599
2015-07-02,-0.0003794071478352423
2015-07-06,-0.034731464392328104
2015-07-07,-0.03617774606780422
2015-07-08,0.021623816333452783
2015-07-09,0.021565551256805815
2015-07-10,-0.004886648653233294
2015-07-13,0.003928497468435932
2015-07-14,-0.004304409255585506
2015-07-15,-0.005502132742876142
2015-07-16,0.00039524440425298124
2015-07-17,-0.010665687438011218
2015-07-20,-0.008185244721520268
2015-07-21,-0.002616749519683159
2015-07-22,-0.018567105761040037
2015-07-23,-0.018918365045668684
2015-07-24,-0.0016767757612003997
2015-07-27,-0.013016963609506105
2015-07-28,0.022335676303354868
2015-07-29,0.0020806807242008674
2015-07-30,-0.011004977878953714
2015-07-31,-0.0058786222679848565
2015-08-03,-0.008447721378064377
2015-08-04,0.007454706311485371
2015-08-05,-0.005074031236765197
2015-08-06,-0.0021248942543149463
2015-08-07,-0.0027683158367811656
2015-08-10,0.028187052532424595
2015-08-11,-0.027621992818822383
2015-08-12,0.008329780648804075
2015-08-13,0.0021181426885392707
2015-08-14,-0.0006340694559541227
2015-08-17,-0.013324915396201953
2015-08-18,-0.015219742714408624
2015-08-19,-0.0060948800101638945
2015-08-20,0.017520789306483042
2015-08-21,-0.006887659380206079
2015-08-24,-0.01647155166061598
2015-08-25,0.023798986137888
2015-08-26,-0.030994415893970118
2015-08-27,0.0368725836419217
2015-08-28,0.005355530708086809
2015-08-31,-0.0036223571505354935
2015-09-01,-0.015183938705420008
2015-09-02,0.013246443007087327
2015-09-03,0.02443213097672614
2015-09-04,-0.029497963316859166
2015-09-08,0.05130414296357322
2015-09-09,0.0016404293783323087
2015-09-10,0.004912935493355031
2015-09-11,0.0030555849929467804
2015-09-14,-0.019496287952327274
2015-09-15,0.009113535241801252
2015-09-16,0.010467906227902057
2015-09-17,0.0
2015-09-18,-0.026203476291177363
2015-09-21,0.0006257368521407347
2015-09-22,-0.03814886186314603
2015-09-23,-0.0006501479549069211
2015-09-24,0.00281934748905055
2015-09-25,-0.008866757943582049
2015-09-28,-0.015492056806774679
2015-09-29,-0.0011081813714352018
2015-09-30,0.04082538639997346
2015-10-01,-0.01620128200176041
2015-10-02,0.00953416055371381
2015-10-05,0.01309291078539343
2015-10-06,-0.00042369812084752656
2015-10-07,0.005298875733587005
2015-10-08,-0.010331069554887606
2015-10-09,0.029825383524290094
2015-10-12,0.001034363741516442
2015-10-13,-0.01157268652446819
2015-10-14,0.011917240290237663
2015-10-15,0.0024793561043430223
2015-10-16,-0.007831843561254215
2015-10-19,-0.014748669976989981
2015-10-20,-0.0008433874961897292
2015-10-21,-0.0023210972628097126
2015-10-22,0.008671719109843545
2015-10-23,-0.01446849305261566
2015-10-26,0.002765959993969558
2015-10-27,0.0006365923007742857
2015-10-28,-0.0014843022399313455
2015-10-29,-0.016564040524980617
2015-10-30,-0.0008637846866594856
2015-11-02,0.0008645314556920969
2015-11-03,0.0049664787908374475
2015-11-04,-0.003223005395924128
2015-11-05,-0.028454402073537555
2015-11-06,-0.005325087199731238
2015-11-09,-0.005130440443110729
2015-11-10,-0.006053800488341143
2015-11-11,0.0
2015-11-12,-0.019625511271503027
2015-11-13,-0.001380589436971169
2015-11-16,-0.023963153893144518
2015-11-17,-0.0059018165739408435
2015-11-18,-0.013060989975548942
2015-11-19,-0.0007219103224913592
2015-11-20,-0.010835559262375671
2015-11-23,-0.016796438810924963
2015-11-24,0.016835810647364058
2015-11-25,-0.004382675821661741
2015-11-27,0.002934606609366064
2015-11-30,-0.0029260198920517677
2015-12-01,0.01076049633509446
2015-12-02,-0.018146579030771104
2015-12-03,0.013307023077954394
2015-12-04,0.008754809103368677
2015-12-07,-0.014223611809468406
2015-12-08,0.0017119024448835063
2015-12-09,0.00585929928456963
2015-12-10,0.0024272400872844546
2015-12-11,0.020823235662153605
2015-12-14,-0.001897508740789089
2015-12-15,-0.02519010028084434
2015-12-16,0.00487566547376006
2015-12-17,-0.01285794452655864
2015-12-18,0.03366922874368483
2015-12-21,0.012363301858224984
2015-12-22,-0.015030561589433389
2015-12-23,0.006914707652986518
2015-12-24,0.0
2015-12-28,-0.021311899486386454
2015-12-29,0.02830876020143691
2015-12-30,0.005647098316865717
2015-12-31,-0.005381431778819001
2016-01-04,-0.025876296257327458
2016-01-05,0.008693613513849119
2016-01-06,-0.00383056515876401
2016-01-07,-0.031242404382455735
2016-01-08,0.0004961188224690272
2016-01-11,-0.02429954122897482
2016-01-12,-0.00736976983245774
2016-01-13,-0.0012800502180586593
2016-01-14,0.01051009718872642
2016-01-15,-0.01598172632231898
2016-01-19,0.017530311705098667
2016-01-20,-0.008867515985280128
2016-01-21,0.018916186421635173
2016-01-22,0.0027596381875498732
2016-01-25,-0.0015011363505538222
2016-01-26,0.019293386103631294
2016-01-27,0.01425764258170048
2016-01-28,-0.006786204173908739
2016-01-29,0.007320578967339397
2016-02-01,-0.006056109459084302
2016-02-02,0.00024370642963100764
2016-02-03,0.019493158362914986
2016-02-04,0.017208419321295798
2016-02-05,-0.01292289186944473
2016-02-08,-0.005712965157404826
2016-02-09,-0.02394060415050403
2016-02-10,-0.006622504163406706
2016-02-11,-0.010370442408317415
2016-02-12,0.011477047154889286
2016-02-16,0.010853515009784598
2016-02-17,0.012201003731733717
2016-02-18,-0.0012053128950891834
2016-02-19,0.0019309429785414611
2016-02-22,0.018067889388483582
2016-02-23,-0.004022650781421722
2016-02-24,-0.00451414894425739
2016-02-25,-0.01431979521722071
2016-02-26,0.02566584592179555
2016-02-29,0.004957485397706574
2016-03-01,0.00610759292331986
2016-03-02,0.016810653007503173
2016-03-03,0.012399517929131854
2016-03-04,0.030165547611634036
2016-03-07,0.004183191143048548
2016-03-08,-0.02718703705446146
2016-03-09,0.0051837370687335405
2016-03-10,-0.005605402500807766
2016-03-11,0.009470190366082987
2016-03-14,-0.0006701494842341615
2016-03-15,-0.002682182383712539
2016-03-16,0.00022409850844651302
2016-03-17,0.025767477610395106
2016-03-18,-0.00415029557028912
2016-03-21,0.004386922759283873
2016-03-22,-0.0021839329308075417
2016-03-23,-0.023637515240995888
2016-03-24,-0.0026899986585280367
2016-03-28,0.007642148976193308
2016-03-29,-0.014722281432430373
2016-03-30,-0.009735056870687209
2016-03-31,-0.002514896255214949
2016-04-01,-0.009397178584098498
2016-04-04,-0.010643221548008452
2016-04-05,-0.0014031903483521235
2016-04-06,0.0025761490519260466
2016-04-07,-0.03083390919131712
2016-04-08,0.005784451684410774
2016-04-11,0.0009585878397952996
2016-04-12,0.027052888397959274
2016-04-13,0.01048952836692063
2016-04-14,0.0016147564984598795
2016-04-15,-0.00875175189883759
2016-04-18,0.00557624730477313
2016-04-19,0.027264331942117526
2016-04-20,0.008547032380524122
2016-04-21,0.00446029884204302
2016-04-22,0.007548827371298694
2016-04-25,-0.00462756896275629
2016-04-26,-0.004427713094579122
2016-04-27,-0.012452797418017747
2016-04-28,0.0018013728958932163
2016-04-29,0.024499934567522308
2016-05-02,-0.007678877484760371
2016-05-03,-0.020782637096224965
2016-05-04,-0.014224368198825887
2016-05-05,-0.014658755640734156
2016-05-06,0.0
2016-05-09,-0.021850270030374985
2016-05-10,-0.006654076413604493
2016-05-11,0.005263232944657803
2016-05-12,-0.013327042078891904
2016-05-13,0.0009648304410272424
2016-05-16,0.0077108588227683406
2016-05-17,0.00047820539571663545
2016-05-18,-0.005019098558957991
2016-05-19,-0.008887864122374523
2016-05-20,-0.002181246893364297
2016-05-23,-0.00048587122385690407
2016-05-24,0.0058323618910332
2016-05-25,0.017153926124455543
2016-05-26,0.0007125374192575862
2016-05-27,0.003560489902947328
2016-05-31,-0.007805106691182173
2016-06-01,-0.011918996111759728
2016-06-02,-0.0014475372712374757
2016-06-03,0.020536370959268746
2016-06-06,0.00236747844129348
2016-06-07,-0.031176184001021734
2016-06-08,0.005606962984558761
2016-06-09,-0.010909109404592554
2016-06-10,-0.004166598491418538
2016-06-13,0.012798318078183435
2016-06-14,-0.006318237544873706
2016-06-15,0.023966634228369976
2016-06-16,-0.020778575922968057
2016-06-17,0.0012195401359078595
2016-06-20,0.019975585472973068
2016-06-21,0.01098638787578543
2016-06-22,0.008977110463562754
2016-06-23,0.013111738210477286
2016-06-24,-0.023804058394311767
2016-06-27,0.00686548428209699
2016-06-28,0.020456236650268744
2016-06-29,0.0062211865114418785
2016-06-30,0.005037745694789431
2016-07-01,0.009341510581895696
2016-07-05,-0.015124134279501766
2016-07-06,-0.013751992650390399
2016-07-07,-0.013478988635362676
2016-07-08,-0.00188454587016329
2016-07-11,0.013452952648393302
2016-07-12,0.02980898419363709
2016-07-13,0.012211646688461864
2016-07-14,0.0013404919988084796
2016-07-15,-0.004685388004704527
2016-07-18,0.0015691480691086834
2016-07-19,0.012309720039594296
2016-07-20,-0.004200658315743122
2016-07-21,0.001776175992711071
2016-07-22,-0.009751805841043959
2016-07-25,-0.008057246073270297
2016-07-26,0.004061292508384939
2016-07-27,-0.0179775117157287
2016-07-28,0.00961105144887564
2016-07-29,0.006572938411598228
2016-08-01,-0.010808344746931486
2016-08-02,0.00455269300100114
2016-08-03,-0.004758646711757852
2016-08-04,-0.010018248357452575
2016-08-05,-0.009659571392709787
2016-08-08,0.005109111653308185
2016-08-09,-0.0067006196459107326
2016-08-10,0.009769782698008767
2016-08-11,0.00898411278796818
2016-08-12,-0.022602733909849015
2016-08-15,0.005138947737045374
2016-08-16,0.009528210464375908
2016-08-17,-0.009208094640323794
2016-08-18,0.006970309130966523
2016-08-19,-0.00023071700397525596
2016-08-22,-0.012231703451979548
2016-08-23,-0.011682286982201417
2016-08-24,-0.018439732461664304
2016-08-25,-0.00024083033061073067
2016-08-26,-0.00024088834383007018
2016-08-29,-0.00120484682554578
2016-08-30,-0.0016887743099234243
2016-08-31,0.00024164512276136918
2016-09-01,-0.0004831734890056172
2016-09-02,0.0014503364370201943
2016-09-06,0.006034297515762566
2016-09-07,0.00431853361141199
2016-09-08,0.0014333593281354862
2016-09-09,-0.003578212499890099
2016-09-12,0.003591062083123875
2016-09-13,-0.00023853233341608604
2016-09-14,0.025053691113284815
2016-09-15,0.0018621734162174164
2016-09-16,-0.00023232517281446263
2016-09-19,-0.0011620066167669085
2016-09-20,0.0030246653957666236
2016-09-21,-0.00487123847809412
2016-09-22,0.019813528881771347
2016-09-23,0.0022857666015625444
2016-09-26,-0.0011402768939405838
2016-09-27,-0.01301373486940216
2016-09-28,0.00832760864011739
2016-09-29,0.0006881813306940376
2016-09-30,0.00962856877687357
2016-10-03,-0.008401386032720337
2016-10-04,-0.011449551077535314
2016-10-05,-0.0011582382540047398
2016-10-06,-0.0037105275409411442
2016-10-07,0.003957215630624233
2016-10-11,0.010201639200899448
2016-10-12,-0.004131202563210423
2016-10-13,-0.025121041792977916
2016-10-14,-0.005437409035984997
2016-10-17,-0.0019015682015454116
2016-10-18,-0.0007144040597137913
2016-10-19,-0.00047672350604854863
2016-10-20,-0.003099555395371767
2016-10-21,-0.003348580488590991
2016-10-24,0.001919936211155271
2016-10-25,0.021556807578226866
2016-10-26,0.0032825180312094915
2016-10-27,0.012152383299978586
2016-10-28,0.010621104916839652
2016-10-31,0.005483246205511216
2016-11-01,0.010906580006037059
2016-11-02,0.0006743671564759524
2016-11-03,0.008310804420618823
2016-11-04,0.007351301742118066
2016-11-07,0.020123857454577454
2016-11-08,0.03143290343907834
2016-11-09,0.03362764348734926
2016-11-10,0.03680352739253867
2016-11-14,-0.01215920731503184
2016-11-15,-0.00655151701329737
2016-11-16,-0.014788240571007694
2016-11-17,0.009127804839926368
2016-11-18,-0.00944722256008157
2016-11-21,0.01968346643585983
2016-11-22,0.011940286893696861
2016-11-23,0.024975389201331133
2016-11-25,0.02340756330351912
2016-11-28,-0.004124542997542724
2016-11-29,-0.02296681951129409
2016-11-30,0.010211940792444807
2016-12-01,0.0038146062960329186
2016-12-02,-0.006270186642380549
2016-12-05,0.028298233833465414
2016-12-06,-0.0063220381677217
2016-12-07,-0.013098745625572228
2016-12-08,-0.006446794775586406
2016-12-09,0.008396975323494038
2016-12-12,-0.010976549700483229
2016-12-13,-0.007654030451153981
2016-12-14,0.0026995640792473186
2016-12-15,-0.0015384417878094858
2016-12-16,-0.013482221881186751
2016-12-19,-0.02518550984847434
2016-12-20,0.0012016907520522313
2016-12-21,-0.003200694261156656
2016-12-22,0.0012041023882241042
2016-12-23,-0.008819337204931332
2016-12-27,0.014357860440906034
2016-12-28,-0.005183417854053962
2016-12-29,-0.006412743382856911
2016-12-30,0.007462626278169848
2017-01-03,-0.006606605230564888
2017-01-04,0.02700530113775934
2017-01-05,-0.007260631451769806
2017-01-06,0.003360387094876849
2017-01-09,-0.00315214148347831
2017-01-10,0.029051351310345863
2017-01-11,-0.0009601762658348889
2017-01-12,0.02287580830633451
2017-01-13,0.007517376641127171
2017-01-17,-0.023876190625280125
2017-01-18,-0.0032485614698066767
2017-01-19,-0.002492333444101713
2017-01-20,0.005958127411106906
2017-01-23,0.00859755400950446
2017-01-24,0.02311047962376911
2017-01-25,0.0007406381972252518
2017-01-26,-0.013506092178926732
2017-01-27,0.005251379581531435
2017-01-30,-0.012126876045027268
2017-01-31,0.027950852003076232
2017-02-01,-0.006246540674657575
2017-02-02,-0.009798479216502454
2017-02-03,-0.025578806065981174
2017-02-06,0.013795751791040312
2017-02-07,-0.007371014013929811
2017-02-08,0.013137899094644911
2017-02-09,-0.004698382804254053
2017-02-10,0.043051390458412886
2017-02-13,0.005249783593280544
2017-02-14,-0.01638755277259829
2017-02-15,0.001830873137567357
2017-02-16,-0.007309934386092953
2017-02-17,-0.003866050196063231
2017-02-21,0.014784772476580832
2017-02-22,-0.0047350249603532735
2017-02-23,-0.0329369259194886
2017-02-24,0.014191161450840983
2017-02-27,0.0027984824835742828
2017-02-28,0.00613953346429863
2017-03-01,0.008321020036506921
2017-03-02,-0.01723819209375499
2017-03-03,0.0027990046480721453
2017-03-06,-0.016375194707764273
2017-03-07,-0.012674974482535628
2017-03-08,-0.006706236507582064
2017-03-09,-0.008487682994537393
2017-03-10,0.00642023214548626
2017-03-13,0.011598674737409942
2017-03-14,0.002866490328943927
2017-03-15,0.008193548633300018
2017-03-16,0.007560000508290088
2017-03-17,0.005252364574799495
2017-03-20,-0.00895695723983636
2017-03-21,-0.017134265172463192
2017-03-22,0.004597733488759026
2017-03-23,0.005530092616798488
2017-03-24,-0.004930693574282108
2017-03-27,0.0005717138246510434
2017-03-28,0.016761870611281537
2017-03-29,0.0003747343472926268
2017-03-30,-0.001872701984285241
2017-03-31,-0.006941782923682971
2017-04-03,-0.018515028432754432
2017-04-04,0.0032723235736993317
2017-04-05,0.026669213701731254
2017-04-06,-0.007475231378755387
2017-04-07,-0.003954040474506426
2017-04-10,-0.016257082474079865
2017-04-11,0.0015372592254105921
2017-04-12,-0.023791265353113822
2017-04-13,0.010023608500934644
2017-04-17,0.009924132878251779
2017-04-18,-0.025433519851079667
2017-04-19,0.0017793247069612939
2017-04-20,0.0029603052586004708
2017-04-21,-0.0017709218645705072
2017-04-24,0.006702132899301549
2017-04-25,0.011161183008089104
2017-04-26,0.003485694377486137
2017-04-27,-0.004245525303930742
2017-04-28,0.006395347547763164
2017-05-01,0.020604728336873324
2017-05-02,-0.00943399791235322
2017-05-03,-0.0350476219540552
2017-05-04,-0.012238412555820699
2017-05-05,0.006994373721966429
2017-05-08,-0.013494709132647498
2017-05-09,0.0018104655344397536
2017-05-10,-0.0012048276985320294
2017-05-11,0.0056292476997448215
2017-05-12,0.006797265269228081
2017-05-15,0.005957150744461348
2017-05-16,0.00454011851464764
2017-05-17,-0.0007860457345751914
2017-05-18,-0.006293031388356463
2017-05-19,0.018800671025862137
2017-05-22,0.0058275468505499806
2017-05-23,0.0005794243752192951
2017-05-24,-0.004825341487085799
2017-05-25,0.005430542510457048
2017-05-26,-0.01253859124790413
2017-05-30,0.0005861026419238247
2017-05-31,0.006247478846985288
2017-06-01,0.0029104276074845004
2017-06-02,-0.005029990740927803
2017-06-05,-0.006610911736174008
2017-06-06,-0.00391465651206091
2017-06-07,0.0017684857783251129
2017-06-08,0.022754055384008876
2017-06-09,0.01495964489076873
2017-06-12,-0.012660603662167147
2017-06-13,-0.0074641215395424565
2017-06-14,-0.008677222795869355
2017-06-15,-0.002528693243529778
2017-06-16,-0.0005849810236842057
2017-06-19,0.010536566013243043
2017-06-20,-0.013322990659368483
2017-06-21,0.018395275971597957
2017-06-22,-0.0015372592254110362
2017-06-23,0.009622731513337479
2017-06-26,0.0007625213615509718
2017-06-27,0.008190518333798469
2017-06-28,0.005856727601762257
2017-06-29,0.007888860755933758
2017-06-30,0.005963396751073713
2017-07-03,-0.006669095314964291
2017-07-05,-0.011935869048172787
2017-07-06,0.0009437739853013216
2017-07-07,-0.005280007179083501
2017-07-10,0.0007582388645872573
2017-07-11,0.009471527292582937
2017-07-12,0.004691329590040594
2017-07-13,-0.00840494499896327
2017-07-14,0.01111320683541428
2017-07-17,0.01229507905476801
2017-07-18,0.0023923465969060143
2017-07-19,-0.00752705877965576
2017-07-20,0.0020347168490573164
2017-07-21,0.002399854510525712
2017-07-24,0.005156603250835223
2017-07-25,0.04085746465918638
2017-07-26,0.010033388671957688
2017-07-27,0.0017428074290863904
2017-07-28,-0.0012178095521729881
2017-07-31,0.006096472102826045
2017-08-01,-0.0031163652724518487
2017-08-02,0.001215694617512142
2017-08-03,-0.0019080103764399503
2017-08-04,0.0027806384231126025
2017-08-07,0.007972271051430724
2017-08-08,0.011863865942512763
2017-08-09,-0.004248104400189967
2017-08-10,-0.008191183378791544
2017-08-11,0.0027529716793013304
2017-08-14,-0.0025737588038555748
2017-08-15,-0.007569266685505949
2017-08-16,0.024267614004084725
2017-08-17,-0.0055847000876608766
2017-08-18,0.0008509384789980867
2017-08-21,0.013773142433066266
2017-08-22,0.001845044716480837
2017-08-23,-0.002009054716843761
2017-08-24,0.017782242443338703
2017-08-25,-0.00016481416436664453
2017-08-28,0.01055063136510026
2017-08-29,0.005220238866630478
2017-08-30,-0.005355402695623401
2017-08-31,0.004731571963780823
2017-09-01,0.0061708520393963795
2017-09-05,0.0030665030828953554
2017-09-06,0.0077232273013243535
2017-09-07,-0.0027143858108245045
2017-09-08,-0.032500736135516406
2017-09-11,0.008108519705928074
2017-09-12,-0.010013110673653847
2017-09-13,-0.018073321756202798
2017-09-14,-0.008274195701637455
2017-09-15,-0.0028946361220254513
2017-09-18,0.007172099944938948
2017-09-19,0.00016961756494171532
2017-09-20,0.0
2017-09-21,-0.012035954765542312
2017-09-22,0.0036032786890611845
2017-09-25,-0.002393561124915067
2017-09-26,-0.006855177650646582
2017-09-27,0.004659180337095448
2017-09-28,0.017691543036682855
2017-09-29,-0.008438850485279481
2017-10-02,0.0006808828800282107
2017-10-03,0.0030616854015241834
2017-10-04,-0.001356604582957499
2017-10-05,0.029546657330191017
2017-10-06,-0.005607850172311468
2017-10-09,0.000829343938010485
2017-10-10,0.009446496681145389
2017-10-11,0.011328150779179813
2017-10-12,0.007792262480903256
2017-10-13,0.004671360276270686
2017-10-16,0.03383036172116127
2017-10-17,-0.013492539361990685
2017-10-18,-0.005345058884628329
2017-10-19,-0.003319094038058523
2017-10-20,-0.0004757785107359913
2017-10-23,0.007139469535869969
2017-10-24,0.0039382632596298706
2017-10-25,-0.004707391985873888
2017-10-26,-0.0012612166301375627
2017-10-27,-0.023362310881566928
2017-10-30,0.002747728934829663
2017-10-31,-0.0032237235555789834
2017-11-01,0.01325999006229428
2017-11-02,0.0007979755195173244
2017-11-03,-0.007973164507681374
2017-11-06,0.012859656197430569
2017-11-07,-0.02158389999209198
2017-11-08,0.0034063112047373334
2017-11-09,-0.0042030429087159815
2017-11-10,-0.003409076131079436
2017-11-13,0.01368302841853164
2017-11-14,-0.01655152871784893
2017-11-15,-0.0035947445064385963
2017-11-16,-0.001803895754858953
2017-11-17,0.006242830208367023
2017-11-20,0.009142895134127915
2017-11-21,0.011324978513013395
2017-11-22,0.0028795594454835705
2017-11-24,0.010049405775259368
2017-11-27,-0.010581161497642433
2017-11-28,-0.019792509995504082
2017-11-29,-0.009933214842284821
2017-11-30,-0.0009868490192370682
2017-12-01,0.00938428734392982
2017-12-04,-0.0008155463067519575
2017-12-05,-0.04652299229253365
2017-12-06,0.005478524980478738
2017-12-07,0.0013621482727257384
2017-12-08,0.004931101044639119
2017-12-11,0.011167510396825397
2017-12-12,0.0038487685696002583
2017-12-13,0.010001657285318988
2017-12-14,0.006271679603205849
2017-12-15,0.020173801157735927
2017-12-18,0.0038585480154718077
2017-12-19,0.0017617162838745593
2017-12-20,0.014068716083004196
2017-12-21,0.007252089592463262
2017-12-22,0.006260754771506338
2017-12-26,0.01291027910809417
2017-12-27,0.0003071030429562249
2017-12-28,0.008903912846406126
2017-12-29,-0.001978090595141646
2018-01-02,-0.007165715997272337
2018-01-03,-0.005835397162438194
2018-01-04,0.0016991282733207491
2018-01-05,-0.010948357397126518
2018-01-08,-0.001870920464469239
2018-01-09,-0.0020306172359876307
2018-01-10,0.006417262445681304
2018-01-11,-0.00046652918232348295
2018-01-12,-0.004201019171717557
2018-01-16,-0.000312551851383569
2018-01-17,-0.010159359610206864
2018-01-18,0.0033159494457757344
2018-01-19,-0.003147620497063297
2018-01-22,0.003315425967870711
2018-01-23,-0.027694747085346916
2018-01-24,0.038517546511880996
2018-01-25,-0.0029608935558543825
2018-01-26,-0.005157860830024563
2018-01-30,-0.0017281508186915984
2018-01-31,0.0022033268434251685
2018-02-01,0.004082918147547465
2018-02-02,-0.006412244140026391
2018-02-05,0.010703579100737493
2018-02-06,-0.010278770394331227
2018-02-07,-0.031786017393788835
2018-02-08,-0.001462672631639128
2018-02-09,-0.015462282910649883
2018-02-12,0.01752362823191378
2018-02-13,0.025020276230865335
2018-02-14,0.023458513731307917
2018-02-15,0.0032523441232790162
2018-02-16,0.0012349331276020337
2018-02-20,-0.01757629394459459
2018-02-21,0.008003709930657354
2018-02-22,0.008095912645034176
2018-02-23,-0.008957542639736693
2018-02-26,-0.003895842176036113
2018-02-27,-0.0120463295923402
2018-02-28,-0.015835297502211354
2018-03-01,-0.0025744602495051394
2018-03-02,0.000483990878633378
2018-03-05,0.0014511164655126585
2018-03-06,0.010143326763355054
2018-03-07,-0.007331846124333907
2018-03-08,-0.017822745361537606
2018-03-09,0.0188000276576461
2018-03-12,-0.0038510416390099556
2018-03-13,0.004832431070610044
2018-03-14,0.0067329743983237655
2018-03-15,-0.009235682452279459
2018-03-16,-0.005785961276715601
2018-03-19,-0.00759779054653742
2018-03-20,-0.014334553116816973
2018-03-21,0.007602049729914073
2018-03-22,-0.011973093777607469
2018-03-23,-0.009130196487932896
2018-03-26,-0.008041524536863243
2018-03-27,0.010471170035652788
2018-03-28,0.0008357203086570841
2018-03-29,0.008350065370011484
2018-04-02,0.007121520976254292
2018-04-03,0.005755685759835316
2018-04-04,-0.016677605229677872
2018-04-05,0.020784835595045736
2018-04-06,-0.005049704778842035
2018-04-09,0.0057302431869585835
2018-04-10,0.019371635292158906
2018-04-11,-0.0060683657461267915
2018-04-12,-0.016709526339200642
2018-04-13,0.0024510365364791564
2018-04-16,0.007823937581979523
2018-04-17,-0.005337213634534876
2018-04-18,0.025528465433377168
2018-04-19,-0.008086271913755327
2018-04-20,0.0011189209455675364
2018-04-23,-0.007504379889760271
2018-04-24,0.009813363821454146
2018-04-25,-0.0020710548903614123
2018-04-26,-0.006066428349583153
2018-04-27,-0.02152261936017119
2018-04-30,0.002133948034768629
2018-05-01,-0.012284981004229256
2018-05-02,0.010779366189336503
2018-05-03,0.0037736244655726114
2018-05-04,0.002124879270880342
2018-05-07,-0.0019572800262941392
2018-05-08,-0.0062101825579525816
2018-05-09,-0.0003288694442412643
2018-05-10,0.01743706969250769
2018-05-11,0.0008084259478051692
2018-05-14,-0.005331178039669204
2018-05-15,-0.011694011035329854
2018-05-16,0.005258843820746817
2018-05-17,0.006048667946807251
2018-05-18,-0.008449718976779153
2018-05-21,0.011307729372183273
2018-05-22,0.010857221231655556
2018-05-23,-0.01875602830569012
2018-05-24,0.008168631312162278
2018-05-25,-0.005995815794506476
2018-05-29,-0.004890729349429024
2018-05-30,0.0024573830702188104
2018-05-31,-0.0004902406574320839
2018-06-01,0.010954857805697715
2018-06-04,0.01132131551526916
2018-06-05,0.020630128163431127
2018-06-06,0.01989969533826308
2018-06-07,0.004148095120114714
2018-06-08,0.007649968246116856
2018-06-11,-0.012906170450967314
2018-06-12,-0.0024611281625486203
2018-06-13,0.0016961726043125402
2018-06-14,-0.009698233860005012
2018-06-15,-0.023472722031514515
2018-06-18,-0.011938918390330566
2018-06-19,-0.018366336017562546
2018-06-20,0.0
2018-06-21,-0.007057236972417891
2018-06-22,0.002479316696314404
2018-06-25,-0.013355292739094748
2018-06-26,0.0016710815007427993
2018-06-27,-0.0025024802453460504
2018-06-28,-0.012042151798024592
2018-06-29,-0.0008464727249066772
2018-07-02,-0.0066079353879990865
2018-07-03,-0.008698638749042087
2018-07-05,-0.031658641028819656
2018-07-06,-0.00035534028407402385
2018-07-09,0.009242809535421337
2018-07-10,-0.0036984692754536974
2018-07-11,-0.03358671646497535
2018-07-12,0.01262113905380935
2018-07-13,0.000722577146458514
2018-07-16,-0.004693144957980677
2018-07-17,-0.006347451541444893
2018-07-18,0.004562893767053433
2018-07-19,-0.0239825517804505
2018-07-20,0.022338026936327582
2018-07-23,-0.003277517397566654
2018-07-24,0.023017889668905722
2018-07-25,0.0021428721656606697
2018-07-26,-0.0007127916835928394
2018-07-27,-0.005884449632287847
2018-07-30,-0.00304927750828754
2018-07-31,0.014393652832526804
2018-08-01,-0.029797839821112504
2018-08-02,-0.0029250081572281816
2018-08-03,0.009717633541288517
2018-08-06,-0.011803170070939561
2018-08-07,0.007350231991533063
2018-08-08,-0.00018240195981644725
2018-08-09,0.005473492081858433
2018-08-10,-0.008346942933989077
2018-08-13,-0.003842705342739894
2018-08-14,-0.017083016003913487
2018-08-15,-0.04429078601942993
2018-08-16,0.022096283998774835
2018-08-17,0.004208883675639763
2018-08-20,0.014859986204517117
2018-08-21,0.0097616002250005
2018-08-22,-0.007808197113251536
2018-08-23,-0.005995890104981028
2018-08-24,0.017530619822710092
2018-08-27,0.0022230612169542585
2018-08-28,0.010720903765973455
2018-08-29,-0.00914405897781545
2018-08-30,-0.00682912103724842
2018-08-31,-0.015424676167668405
2018-09-04,-0.024726320394797385
2018-09-05,0.0034836707030945213
2018-09-06,0.010028938543920507
2018-09-07,-0.005728510573592915
2018-09-10,0.002688768272882225
2018-09-11,-0.00248994655423751
2018-09-12,0.02092928673660266
2018-09-13,0.0022569276135715466
2018-09-14,-0.01388626042359875
2018-09-17,0.002283555406661808
2018-09-18,0.02980816064169778
2018-09-19,-0.0007374097051136008
2018-09-20,0.004059010269066299
2018-09-21,0.04244762041868988
2018-09-24,-0.007227197319558121
2018-09-25,-0.004438937411736066
2018-09-26,0.001248434035951762
2018-09-27,-0.015140726846280872
2018-09-28,0.008138918046186827
2018-10-01,-0.004664518019337871
2018-10-02,0.007570348738319632
2018-10-03,0.009838967233866791
2018-10-04,-0.020371970151767727
2018-10-05,-0.005063355100273337
2018-10-08,0.001454084705764025
2018-10-09,0.014519041811780431
2018-10-10,-0.009302333516447936
2018-10-11,0.010111909494276983
2018-10-12,-0.001430085305607065
2018-10-15,-0.0044754915003732965
2018-10-16,-0.0035964721080695705
2018-10-17,-0.0012633043894921814
2018-10-18,-0.010661369012081146
2018-10-19,0.011141529016042373
2018-10-22,0.002167645305492405
2018-10-23,-0.009733219573117236
2018-10-24,-0.00018200355449382588
2018-10-25,0.000728233551418489
2018-10-26,-0.0016373114435275227
2018-10-29,-0.002004314820269415
2018-10-30,-0.027569840490707764
2018-10-31,0.00018774455137915425
2018-11-01,0.02177580168301052
2018-11-02,0.029946741063661353
2018-11-05,-0.01694609188310192
2018-11-06,-0.00907279791614124
2018-11-07,0.008057159686836401
2018-11-08,-0.005631269152525653
2018-11-09,-0.01845082801893061
2018-11-12,-0.003164004821442079
2018-11-13,0.0033607404900097837
2018-11-14,0.008373664995725338
2018-11-15,0.014578334382070013
2018-11-16,0.020007212400332985
2018-11-19,0.00017838880051646022
2018-11-20,-0.01354968993258987
2018-11-21,0.010121133702105878
2018-11-23,-0.008588358160744658
2018-11-26,-0.004331292454191615
2018-11-27,-0.017400795921309498
2018-11-28,0.031543996254264295
2018-11-29,-0.006437727983502395
2018-11-30,-0.00018005837221224397
2018-12-03,0.00792081910583109
2018-12-04,-0.01821749599768485
2018-12-06,-0.0029107277079505334
2018-12-07,0.006203233027302746
2018-12-10,-0.014143258486469579
2018-12-11,0.01747292083161045
2018-12-12,0.000903852925217441
2018-12-13,-0.0021672536634949058
2018-12-14,-0.0007240157196594099
2018-12-17,-0.0027168749745214438
2018-12-18,-0.029785694348423153
2018-12-19,0.018906745041009643
2018-12-20,-0.007165172787113594
2018-12-21,-0.008697248894799392
2018-12-24,-0.003733429418797174
2018-12-26,0.014989680589680532
2018-12-27,-0.015137489665740356
2018-12-28,0.004311108401933161
2018-12-31,-0.019036909938468627
2019-01-02,-0.0011415604858767692
2019-01-03,-0.020761943998790944
2019-01-04,0.031511415246435304
2019-01-07,-0.003960005384312626
2019-01-08,0.007383573239956753
2019-01-09,0.0005637629216952433
2019-01-10,-0.006949606174951772
2019-01-11,0.009835453756943613
2019-01-14,-0.008990510146074326
2019-01-15,0.001890045188229994
2019-01-16,0.016223347245655884
2019-01-17,0.0024132190906935858
2019-01-18,0.01518514394433157
2019-01-22,-0.018971195538293184
2019-01-23,0.001859469930486135
2019-01-24,-0.00760948205024059
2019-01-25,0.024125623178976374
2019-01-28,-0.01844408970947764
2019-01-29,0.01655818140783971
2019-01-30,0.01500727953329295
2019-01-31,0.005769935958860994
2019-02-01,-0.005019698383831317
2019-02-04,0.0072072000861913565
2019-02-05,0.007871139666367544
2019-02-06,0.006567302173087652
2019-02-07,-0.002468689641231925
2019-02-08,-0.006540600824927467
2019-02-11,-0.006583577083103864
2019-02-12,-0.006089986676232284
2019-02-13,-0.0001801995961880909
2019-02-14,0.0007210142433189404
2019-02-15,0.009546104621781737
2019-02-19,0.028189115402843967
2019-02-20,0.016831532513914782
2019-02-21,-0.009385717392944137
2019-02-22,0.02015505709847898
2019-02-25,-0.0037149335060961963
2019-02-26,-0.0020339124965035316
2019-02-27,0.005095144318960632
2019-02-28,-0.0030415892551622914
2019-03-01,-0.005593218955456725
2019-03-04,-0.007670031618196127
2019-03-05,0.008588146771819849
2019-03-06,-0.005960545462060596
2019-03-07,-0.0023984819635136656
2019-03-08,-0.006010621275503003
2019-03-11,0.002073269471646766
2019-03-12,0.009482728712057797
2019-03-13,0.002049544642911627
2019-03-14,-0.015340063236392032
2019-03-15,0.00519304311335933
2019-03-18,0.0
2019-03-19,0.0055106016819286285
2019-03-20,-0.001370161591360275
2019-03-21,-0.005316354190168848
2019-03-22,-0.022069009515531923
2019-03-25,0.0047602169844487285
2019-03-26,0.00035099700301266523
2019-03-27,0.0026310938297726683
2019-03-28,0.0036738817622385955
2019-03-29,0.023531502379489755
2019-04-01,-0.0052793147447511846
2019-04-02,-0.005649716130459614
2019-04-03,0.014634992572817973
2019-04-04,-0.012896693025546857
2019-04-05,-0.00550112864578145
2019-04-08,0.012791765001453959
2019-04-09,0.0006826608537948697
2019-04-10,-0.003070122146113685
2019-04-11,-0.012489299716679558
2019-04-12,0.020790084166056655
2019-04-15,-0.004073348105681052
2019-04-16,-0.0011929054952313223
2019-04-17,0.015355767215603056
2019-04-18,-0.01613177467710325
2019-04-22,-0.0071733248091736534
2019-04-23,-0.002752497899020767
2019-04-24,0.006555133217462261
2019-04-25,-0.013710355301293276
2019-04-26,0.03214594945277649
2019-04-29,-0.02525254106438868
2019-04-30,0.00224525242309892
2019-05-01,-0.033947962710561774
2019-05-02,-0.006778470776584555
2019-05-03,0.014727057820446587
2019-05-06,0.004247732850340968
2019-05-07,-0.015156850353468143
2019-05-08,-0.003042183620711403
2019-05-09,-0.000718037488592782
2019-05-10,0.0005389364912340433
2019-05-13,-0.01992819705821447
2019-05-14,0.0018317918743420147
2019-05-15,0.006948273498943891
2019-05-16,0.0018159122820506912
2019-05-17,-0.003806486229717798
2019-05-20,-0.004366756154613793
2019-05-21,-0.0045687307766308916
2019-05-22,-0.013769012097937239
2019-05-23,0.00018613690995517018
2019-05-24,0.0074446232596065975
2019-05-28,-0.0011084503682384783
2019-05-29,-0.011466668007137248
2019-05-30,-0.004490120103196715
2019-05-31,-0.005450156314046106
2019-06-03,0.003590335234915365
2019-06-04,0.006778432055955408
2019-06-05,-0.017392918089954468
2019-06-06,0.010277864274216064
2019-06-07,-0.00885454607358116
2019-06-10,0.01273520438512521
2019-06-11,0.004316772370938526
2019-06-12,-0.0061670703430625196
2019-06-13,0.0007521976383380036
2019-06-14,-0.00995865708966448
2019-06-17,0.006263046505242675
2019-06-18,0.021124101770826575
2019-06-19,-0.008311798302287121
2019-06-20,0.011547825506196485
2019-06-21,-0.0034984445943078146
2019-06-24,-0.00018484928395567923
2019-06-25,0.011088601388353103
2019-06-26,-0.008956362908363213
2019-06-27,0.0005533492138345419
2019-06-28,-0.002580721716086476
2019-07-01,-0.009609974330456184
2019-07-02,-0.008210514476932329
2019-07-03,0.00827848509868212
2019-07-05,-0.00783733758485694
2019-07-08,-0.0009404014525909998
2019-07-09,-0.011859888505198923
2019-07-10,0.026100225191772797
2019-07-11,-0.00389906882187141
2019-07-12,0.0033551028244047654
2019-07-15,0.005944652695919261
2019-07-16,-0.005170799284753058
2019-07-17,0.006125857036662907
2019-07-18,-0.00221403759306682
2019-07-19,0.014977783162181568
2019-07-22,-0.010930942701615765
2019-07-23,-0.007552015126690792
2019-07-24,0.003711948939130183
2019-07-25,-0.0031435278084764873
2019-07-26,-0.007048716643731412
2019-07-29,0.012329531611950939
2019-07-30,-0.014393811869927609
2019-07-31,-0.004680789176644939
2019-08-01,0.0007524806116721017
2019-08-02,-0.03571429531761161
2019-08-05,-0.010916224453658918
2019-08-06,0.005518398781913181
2019-08-07,0.005488019723972837
2019-08-08,0.01442492789348604
2019-08-09,-0.006917712328833869
2019-08-12,-0.0015480598873490736
2019-08-13,0.017248106143215258
2019-08-14,-0.01447898886904564
2019-08-15,0.0011598766915483782
2019-08-16,0.0001930734774862053
2019-08-19,0.0027026910094192225
2019-08-20,-0.008856373868992073
2019-08-21,0.002913819738132206
2019-08-22,-0.01084645197327272
2019-08-23,-0.01076949866738608
2019-08-26,0.005542335248610364
2019-08-27,0.0013779467692027758
2019-08-28,0.0029487602983517824
2019-08-29,0.003331971920629284
2019-08-30,-0.01035357955295435
2019-09-03,-0.008093148341348222
2019-09-04,0.026467640692342975
2019-09-05,0.017642512648942343
2019-09-06,-0.003429248549525754
2019-09-09,-0.0019116329854272918
2019-09-10,0.0
2019-09-11,-0.004979893108474909
2019-09-12,0.010009633119942185
2019-09-13,0.021917241538503607
2019-09-16,-0.022379687768593337
2019-09-17,-0.0043876840660073135
2019-09-18,-0.005364989206065873
2019-09-19,-0.001733736187705559
2019-09-20,-0.0003860154027046647
2019-09-23,0.001737509972846718
2019-09-24,-0.001927197655016033
2019-09-25,0.0021239923949119
2019-09-26,-0.013487508841929619
2019-09-27,0.008984375945874534
2019-09-30,-0.007162157035605077
2019-10-01,-0.004874262908234228
2019-10-02,0.003722580929653052
2019-10-03,-0.00624635251696104
2019-10-04,0.003928497468435932
2019-10-07,0.006456660531505065
2019-10-08,-0.003304859678802341
2019-10-09,-0.0005850951135304427
2019-10-10,0.016783755747707074
2019-10-11,0.005182332094288977
2019-10-14,0.0019095338750598767
2019-10-15,-0.007432824988774289
2019-10-16,-0.009408652360087477
2019-10-17,0.002907514386220944
2019-10-18,0.014688870653445596
2019-10-21,0.003809520176478731
2019-10-22,-0.004933590698725676
2019-10-23,0.01544619600971675
2019-10-24,-0.0013145483066951957
2019-10-25,0.002820673895200132
2019-10-28,0.002250066880589152
2019-10-29,0.0037418113585738766
2019-10-30,-0.0007455191525896909
2019-10-31,-0.017720624127444018
2019-11-01,0.006836356471376037
2019-11-04,0.006035470496712714
2019-11-05,0.010498641675656062
2019-11-06,-0.012615926060690619
2019-11-07,0.023675296296233217
2019-11-08,-0.016886932526141152
2019-11-11,-0.0067213919514231835
2019-11-12,-0.006766964400073849
2019-11-13,-0.0020817858761084107
2019-11-14,-0.006827190697433871
2019-11-15,0.006301316105159049
2019-11-18,-0.006641337293886718
2019-11-19,0.01375358641195401
2019-11-20,-0.0026380136691517286
2019-11-21,-0.00963538940558506
2019-11-22,0.010110639499381069
2019-11-25,0.0
2019-11-26,0.01019828140506207
2019-11-27,0.0
2019-11-29,-0.012151814824937768
2019-12-02,-0.003595770948867205
2019-12-03,-0.009306702301905445
2019-12-04,0.01380368588901204
2019-12-05,0.0017019334988916945
2019-12-06,0.02359826347373306
2019-12-09,0.013094817425540084
2019-12-10,0.003276920769161862
2019-12-11,0.009798566373679707
2019-12-12,0.0025157122768904028
2019-12-13,-0.003226407223036132
2019-12-16,0.014385888432278504
2019-12-17,-0.0003545213817643944
2019-12-18,-0.0008867023399605767
2019-12-19,0.005147370108419924
2019-12-20,-0.007239959138348628
2019-12-23,0.002134401747079684
2019-12-24,0.007632272380497573
2019-12-26,0.009159775472444176
2019-12-27,-0.009774870274326553
2019-12-30,-0.003172862593985748
2019-12-31,-0.011847990559383459
2020-01-02,0.013958495198135301
2020-01-03,-0.012177862451581145
2020-01-06,0.0007146167582232632
2020-01-07,0.0012497714144246164
2020-01-08,0.005349538314819435
2020-01-09,-0.0030152888133647693
2020-01-10,0.0028465168787719097
2020-01-13,0.015256335708242252
2020-01-14,0.005067238371335048
2020-01-15,-0.002086245519081875
2020-01-16,-0.006271738043266084
2020-01-17,-0.0008765979039730976
2020-01-21,-0.017897835022037678
2020-01-22,-0.011256065893321954
2020-01-23,-0.014817452102378836
2020-01-24,-0.014856993024026433
2020-01-27,-0.033140938278128584
2020-01-28,-0.006547259953849749
2020-01-29,-0.010079481795662093
2020-01-30,-0.011748569465147796
2020-01-31,-0.0013869565242038417
2020-02-03,-0.0027777656886521784
2020-02-04,0.013728564860574055
2020-02-05,0.012365103979049552
2020-02-06,0.007561076849546655
2020-02-07,-0.015201076732613061
2020-02-10,-0.000586217151528734
2020-02-11,0.01212126636022326
2020-02-12,0.006760642670007977
2020-02-13,0.005180343622842587
2020-02-14,-0.0053445082583665204
2020-02-18,0.0017270820539667664
2020-02-19,0.0009578763681779012
2020-02-20,-0.006698535512140169
2020-02-21,0.008863199095865415
2020-02-24,-0.009740282211824991
2020-02-25,0.0015428923995099986
2020-02-26,-0.007702669571948206
2020-02-27,-0.001940569043579421
2020-02-28,-0.00991641396214027
2020-03-02,0.021602539935111853
2020-03-03,-0.008266093826553966
2020-03-04,0.0052335628664836875
2020-03-05,-0.004049346118870978
2020-03-06,-0.0036786163690396556
2020-03-09,-0.019043927581536724
2020-03-10,0.003961961467060293
2020-03-11,-0.008681861351029885
2020-03-12,-0.012340818588144398
2020-03-13,-0.00282143072676444
2020-03-16,-0.03051738566797868
2020-03-17,-0.03460493886802418
2020-03-18,-0.06694017274252206
2020-03-19,0.018282803603789644
2020-03-20,-0.004318193862260622
2020-03-23,-0.03241273613425366
2020-03-24,0.03680116609693296
2020-03-25,0.016609773501806258
2020-03-26,-0.01163832733462622
2020-03-27,-0.004981847037848874
2020-03-30,-0.015930853620978014
2020-03-31,0.03607773857435159
2020-04-01,-0.021428614763580822
2020-04-02,0.018704438610150254
2020-04-03,-0.010300045452211082
2020-04-06,0.011312152270284148
2020-04-07,0.02393743981530716
2020-04-08,-0.004588138037945888
2020-04-09,-0.00021957952300588612
2020-04-13,0.018880344436608132
2020-04-14,0.01141994734961349
2020-04-15,-0.014699567687261439
2020-04-16,-0.003459414920291337
2020-04-17,0.021262653151211897
2020-04-20,-0.008073004410566798
2020-04-21,-0.028914162471660676
2020-04-22,0.022276204405601074
2020-04-23,0.002804645947141582
2020-04-24,0.010327095123888519
2020-04-27,0.014480374434949095
2020-04-28,-0.0012594546680396723
2020-04-29,-0.0018915142326073608
2020-04-30,-0.008633373078129947
2020-05-01,-0.015080734159040765
2020-05-04,0.0023721542735282153
2020-05-05,0.00731505990933945
2020-05-06,0.004912379902119124
2020-05-07,0.014027627165023038
2020-05-08,0.009641585558040289
2020-05-11,-0.0110026934321098
2020-05-12,-0.009025975013892684
2020-05-13,-0.004871899889451803
2020-05-14,0.0008514659342577779
2020-05-15,-0.007443709740245441
2020-05-18,0.030640696699269165
2020-05-19,0.007484459916483166
2020-05-20,0.018365609710474518
2020-05-21,-0.006281689501224319
2020-05-22,-0.017536698425669295
2020-05-26,0.012245748696714243
2020-05-27,-0.014763179996499787
2020-05-28,0.0043705277907750695
2020-05-29,0.005594684876457201
2020-06-01,0.01978151956884422
2020-06-02,0.00808243338226311
2020-06-03,0.0008018013721327044
2020-06-04,-0.0014019566272055473
2020-06-05,0.025671837343636428
2020-06-08,0.005084087540740745
2020-06-09,0.011867772124896758
2020-06-10,0.021726574011798228
2020-06-11,-0.02653373492700173
2020-06-12,0.005799383457741447
2020-06-15,-0.012684986329079773
2020-06-16,-0.0009733529996556189
2020-06-17,0.010132510928602345
2020-06-18,-0.00038577450532739643
2020-06-19,0.009262805359347759
2020-06-22,0.01548754319912149
2020-06-23,0.0016946529054566728
2020-06-24,-0.0035714384948651867
2020-06-25,0.004527389261296255
2020-06-26,0.0035680852744262026
2020-06-29,0.002806950544204767
2020-06-30,0.012688904118097089
2020-07-01,0.001289841426824534
2020-07-02,0.006072873072863638
2020-07-06,0.011889529381699182
2020-07-07,0.007772911046856734
2020-07-08,0.009686166726909251
2020-07-09,0.0047965801229983285
2020-07-10,0.020862805454828104
2020-07-13,0.01905085789394234
2020-07-14,-0.008837533536223963
2020-07-15,-0.015603499095301343
2020-07-16,0.0053996968375589205
2020-07-17,0.0005197954755158385
2020-07-20,0.0038094953428078338
2020-07-21,0.014662763352386587
2020-07-22,-0.011050672825178465
2020-07-23,0.005501128645781783
2020-07-24,-0.014532405279465421
2020-07-27,0.0020819021600293475
2020-07-28,0.005886412700247146
2020-07-29,0.00017210456636829186
2020-07-30,-0.00034414990296682824
2020-07-31,-0.015665360624825153
2020-08-03,0.017138868608345126
2020-08-04,-0.006361791504099545
2020-08-05,0.0076138000094228
2020-08-06,-0.002060807834050493
2020-08-07,-0.0395801108599233
2020-08-10,0.024368421434860288
2020-08-11,0.004722748009953426
2020-08-12,0.005222877790304725
2020-08-13,-0.028749629612990546
2020-08-14,0.01854495278733781
2020-08-17,0.014705901995269777
2020-08-18,0.02518977024692437
2020-08-19,0.01615620935157791
2020-08-20,-0.01623054783992317
2020-08-21,-0.01902355471180517
2020-08-24,0.003089007827674184
2020-08-25,0.0029085028185604767
2020-08-26,0.00972367115806283
2020-08-27,0.0018583678474326515
2020-08-28,0.010118034488434624
2020-08-31,0.015358933413151199
2020-09-01,-0.01035838994304783
2020-09-02,-0.002159829095986776
2020-09-03,-0.014985040286229268
2020-09-04,0.029918872394553375
2020-09-08,-0.011160321763738601
2020-09-09,0.009128602069386371
2020-09-10,-0.0174342019612439
2020-09-11,0.015734828093578956
2020-09-14,0.010711941156344329
2020-09-15,-0.0011413614218128698
2020-09-16,-0.0016323460925544708
2020-09-17,0.0027795488945969726
2020-09-18,0.015326975556283484
2020-09-21,-0.026979318270680896
2020-09-22,0.009737582952666246
2020-09-23,-0.021412232969633904
2020-09-24,-0.008184363866814204
2020-09-25,0.0013472375767584754
2020-09-28,0.005549948170223695
2020-09-29,-0.0020070385916691746
2020-09-30,0.01508298181210277
2020-10-01,-0.05448240300099583
2020-10-02,0.04016056098095078
2020-10-05,-0.00453247463685702
2020-10-06,0.0001687022574823338
2020-10-07,0.023267497756308764
2020-10-08,0.002471633530712447
2020-10-09,0.012327384599178925
2020-10-12,-0.006007420512235684
2020-10-13,-0.006043805615259745
2020-10-14,0.0016433446149530795
2020-10-15,0.011648909208558988
2020-10-16,-0.0058384326271074816
2020-10-19,0.005220238866630478
2020-10-20,0.020285620961209894
2020-10-21,0.016223915502667996
2020-10-22,-0.013930153244671839
2020-10-23,-0.007777819322319246
2020-10-26,-0.011838087122444385
2020-10-27,0.00048563745184138085
2020-10-28,-0.01067960947807245
2020-10-29,-0.0016355499346552005
2020-10-30,-0.0027850914333674703
2020-11-02,0.009857063222012297
2020-11-03,0.004392378579701761
2020-11-04,0.004535205010636423
2020-11-05,0.0011286632252689444
2020-11-06,0.014333990440371203
2020-11-09,0.0007939210150802456
2020-11-10,-0.00031728622084348235
2020-11-11,-0.0068243485867997
2020-11-12,0.004474253498006009
2020-11-13,0.010340448544027048
2020-11-16,0.014013576983037401
2020-11-17,-0.007298125918920206
2020-11-18,0.0004692292355994443
2020-11-19,0.0017198493683623362
2020-11-20,0.028094244812972624
2020-11-23,-0.010323340046358931
2020-11-24,0.01242519566854261
2020-11-25,0.003636389120223127
2020-11-27,0.026419038644757586
2020-11-30,0.006177422422610546
2020-12-01,0.013886827814529434
2020-12-02,0.0020184456785807825
2020-12-03,0.0011511329582580831
2020-12-04,0.01006031804859453
2020-12-07,-0.0015651223330229724
2020-12-08,-0.004132860405840932
2020-12-09,0.004006851497704078
2020-12-10,0.017816420135414734
2020-12-11,-0.01302337737472059
2020-12-14,-0.0005674957666155223
2020-12-15,0.004542882477852617
2020-12-16,0.004522270639716552
2020-12-17,0.012099038839018306
2020-12-18,0.008757326135217403
2020-12-21,-0.015295585159424085
2020-12-22,-0.015393245861138771
2020-12-23,0.009664627458081831
2020-12-24,0.0022522232263726405
2020-12-28,0.002808986130333757
2020-12-29,-0.004761893631251901
2020-12-30,-0.002814520275376431
2020-12-31,-0.00818516624598531
2021-01-04,0.011098473252610042
2021-01-05,0.02462710273713653
2021-01-06,0.0026095389434688254
2021-01-07,0.012465698752580856
2021-01-08,-0.005953142086638552
2021-01-11,-0.029808130647797415
2021-01-12,0.011503964377961973
2021-01-13,0.003328733386920746
2021-01-14,0.014100049318434005
2021-01-15,-0.01772084447237121
2021-01-19,0.00915903220980141
2021-01-20,0.00316284940109135
2021-01-21,0.002193254810008982
2021-01-22,-0.00547120264842571
2021-01-25,0.00137535813612355
2021-01-26,-0.003433607319859533
2021-01-27,-0.015573306976733536
2021-01-28,0.003219902433631905
2021-01-29,-0.002651416927027306
2021-02-01,-0.0032181004640605693
2021-02-02,-0.006457047072809585
2021-02-03,0.011161344365486547
2021-02-04,-0.003493096987691069
2021-02-05,0.020471103347166952
2021-02-08,0.010992020479232423
2021-02-09,0.014813836495268795
2021-02-10,0.013927961891853968
2021-02-11,0.0005282934923536153
2021-02-12,0.0038284202003711076
2021-02-16,0.012098896175921636
2021-02-17,-0.0031185248879129768
2021-02-18,0.0209854344644127
2021-02-19,0.04429977198503532
2021-02-22,0.01528117302402876
2021-02-23,0.008428620379531404
2021-02-24,0.027104505852087124
2021-02-25,-0.008137717574270398
2021-02-26,-0.04020153245141933
2021-03-01,0.0061057748129131895
2021-03-02,0.02718776167009551
2021-03-03,-0.018551404486246814
2021-03-04,-0.039007932972286
2021-03-05,0.02405411116136502
2021-03-08,0.004037190265848034
2021-03-09,-0.02047035771677319
2021-03-10,0.005597720956706631
2021-03-11,0.024987707463103526
2021-03-12,0.0006034412610413931
2021-03-15,0.00024120793066839674
2021-03-16,-0.01627881650549956
2021-03-17,0.012012695862411826
2021-03-18,-0.0026646511978744014
2021-03-19,0.0015787629683894355
2021-03-22,0.006184139286641965
2021-03-23,-0.014702420985707065
2021-03-24,-0.004036202766378838
2021-03-25,-0.021245224894051118
2021-03-26,0.023462961448402764
2021-03-29,-0.00870407614242752
2021-03-30,-0.014840509006831981
2021-03-31,0.00502127599970148
2021-04-01,0.00012495683390589818
2021-04-05,0.03634324557512736
2021-04-06,-0.005423002467278781
2021-04-07,-0.015146007036366704
2021-04-08,0.00971942874347076
2021-04-09,-0.012915797423161957
2021-04-12,-0.005061031154931284
2021-04-13,0.0032258091233969832
2021-04-14,0.023991996023959183
2021-04-15,0.021859989779098754
2021-04-16,-0.01193721552362137
2021-04-19,0.016746453238300596
2021-04-20,-0.006117652444278532
2021-04-21,0.014796401595327247
2021-04-22,-0.0013997531771160476
2021-04-23,0.01460109822377742
2021-04-26,0.02417684104106632
2021-04-27,0.06632196028100812
2021-04-28,-0.04343239508778285
2021-04-29,-0.009698070759184385
2021-04-30,-0.003115944551469574
2021-05-03,0.014288932438382806
2021-05-04,-0.001540930217619474
2021-05-05,0.0006614328810143899
2021-05-06,0.01762501059725663
2021-05-07,0.031825035138222324
2021-05-10,-0.006819091816269385
2021-05-11,0.009506723620509083
2021-05-12,-0.005441042681240793
2021-05-13,-0.00988951725819387
2021-05-14,-0.008819485802251226
2021-05-17,0.012328448785552837
2021-05-18,0.0029651465005564592
2021-05-19,-0.030830939245879097
2021-05-20,-0.0016342023624402735
2021-05-21,-0.018769089877876843
2021-05-24,0.01012016912023217
2021-05-25,-0.0042937917409684445
2021-05-26,0.0024325866434342647
2021-05-27,0.029450716833624435
2021-05-28,0.003428649671583628
2021-06-01,-0.004377940580742146
2021-06-02,-0.013299071701802445
2021-06-03,-0.02793477987071291
2021-06-04,0.014760144453455526
2021-06-07,-0.0005509768094774659
2021-06-08,0.006174279097897584
2021-06-09,-0.005807631797711488
2021-06-10,-0.01025023833974692
2021-06-11,0.011470005135823191
2021-06-14,-0.002091825720878182
2021-06-15,-0.042365381622809783
2021-06-16,0.012096721030495639
2021-06-17,-0.0473533773206799
2021-06-18,-0.005257572389050336
2021-06-21,0.006006029054705486
2021-06-22,0.011223864199510158
2021-06-23,0.02278897661026158
2021-06-24,-0.0045023734512562585
2021-06-25,-0.00289928931744321
2021-06-28,-0.004884835889922834
2021-06-29,-0.00035055000124861735
2021-06-30,0.004676716911946377
2021-07-01,-0.012684766759884725
2021-07-02,0.009429505158373042
2021-07-06,-0.005604896656516312
2021-07-07,0.016674518764572932
2021-07-08,-0.013282486858339215
2021-07-09,0.01896285827672184
2021-07-12,-0.006777715769774595
2021-07-13,-0.00196625012078111
2021-07-14,-0.00869159946517295
2021-07-15,0.01309334424733355
2021-07-16,-0.00011544014719999662
2021-07-19,-0.028159311707983914
2021-07-20,0.014962642374489521
2021-07-21,0.002105961061478423
2021-07-22,0.015294865757946141
2021-07-23,0.013454418678154223
2021-07-26,0.04141617339927062
2021-07-27,-0.009370280920352858
2021-07-28,-0.014738212099811077
2021-07-29,0.00915380409370914
2021-07-30,-0.008738884920520662
2021-08-02,-0.010824697832868102
2021-08-03,-0.011056015668489683
2021-08-04,-0.012092168501613987
2021-08-05,0.0035796925953024417
2021-08-06,0.0
2021-08-09,-0.01346215928720318
2021-08-10,0.015045451911358088
2021-08-11,0.00287252882144462
2021-08-12,-0.0018331570325124114
2021-08-13,0.007116652366660148
2021-08-16,-0.014816516064966367
2021-08-17,-0.028227722509019615
2021-08-18,-0.019999913715176953
2021-08-19,-0.018829042764506143
2021-08-20,0.023771251340717114
2021-08-23,0.024186698267435913
2021-08-24,0.004841228819905341
2021-08-25,0.0023501179261404825
2021-08-26,-0.004454877843036775
2021-08-27,0.016603951235031778
2021-08-30,0.010309248740410837
2021-08-31,-0.00022928858215021108
2021-09-01,-0.02224773373851363
2021-09-02,0.006333556260017303
2021-09-03,0.00827506990832938
2021-09-07,-0.011096950347753265
2021-09-08,-0.010637119076517765
2021-09-09,0.01216926322459777
2021-09-10,0.03840311712449229
2021-09-13,-0.01899726547608893
2021-09-14,-0.010427472725975329
2021-09-15,0.019800890110785785
2021-09-16,-0.02838651021369254
2021-09-17,-0.007712981594654389
2021-09-20,-0.030267337671797012
2021-09-21,0.002671770534429463
2021-09-22,0.030159951844989097
2021-09-23,-0.005055875446659863
2021-09-24,0.013353807315410249
2021-09-27,0.0013994267277270822
2021-09-28,-0.01129615969219433
2021-09-29,-0.010600724972226638
2021-09-30,-0.026190395636349395
2021-10-01,0.025305595479817145
2021-10-04,0.01263860087439661
2021-10-05,-0.010479188497607539
2021-10-06,-0.010709203898716657
2021-10-07,0.022612427520925182
2021-10-08,0.007527655938709188
2021-10-11,0.02136348485020534
2021-10-12,-0.010401143842412752
2021-10-13,0.04423658745412684
2021-10-14,0.024554712908283483
2021-10-15,0.02213115488287354
2021-10-18,-0.0007393292329771484
2021-10-19,-0.003488002412762592
2021-10-20,0.008909591618429191
2021-10-21,-0.035639165815708806
2021-10-22,-0.013190917419479864
2021-10-25,0.005634074365946651
2021-10-26,-0.014281019324189237
2021-10-27,-0.022177578778837637
2021-10-28,0.011511263986915043
2021-10-29,-0.01397178542446087
2021-11-01,0.0060563928706447445
2021-11-02,-0.006360717456865728
2021-11-03,-0.010973904449204541
2021-11-04,0.0
2021-11-05,0.00531663484813083
2021-11-08,0.012876576912222326
2021-11-09,-0.005675390278476189
2021-11-10,-0.011872156259750355
2021-11-11,0.017675586356552087
2021-11-12,0.01157909369219512
2021-11-15,-0.01088543590278157
2021-11-16,-0.011005232657469555
2021-11-17,-0.019616895778615362
2021-11-18,0.008659064202840572
2021-11-19,0.022853887024995245
2021-11-22,-0.0029488512805703193
2021-11-23,0.006370123254074267
2021-11-24,0.007799281472653297
2021-11-25,-0.007178121026357176
2021-11-26,-0.032648046028897926
2021-11-29,0.012962754244480124
2021-11-30,-0.013603877498694739
2021-12-01,-0.007129484810763365
2021-12-02,0.012124742623000673
2021-12-03,-0.007559849222286252
2021-12-06,0.016524058845941214
2021-12-07,0.00023055742342137364
2021-12-08,0.012217606152056915
2021-12-09,-0.013892023038479029
2021-12-10,-0.010854487797593793
2021-12-13,-0.0007003928479102361
2021-12-14,-0.006074771405057411
2021-12-15,-0.017512947966576542
2021-12-16,0.02895078600263057
2021-12-17,-0.002209051712189658
2021-12-20,-0.0006990870751790723
2021-12-21,0.011660380749123567
2021-12-22,0.01187190469412025
2021-12-23,-0.0005695539674381855
2021-12-27,0.017779819277959685
2021-12-28,-0.010078404200694946
2021-12-29,-0.004072426600521983
2021-12-30,-0.003975448410541205
2021-12-31,0.0160793469206999
2022-01-03,-0.009090839032188436
2022-01-04,0.011666064296807388
2022-01-05,-0.013770728028681956
2022-01-06,-0.012827780211252526
2022-01-07,0.01264945439542875
2022-01-10,-0.013286353554781805
2022-01-11,0.017493321590850375
2022-01-12,0.03246246680315745
2022-01-13,-0.006573227203287457
2022-01-14,-0.02701807343271334
2022-01-18,-0.008047160778703266
2022-01-19,0.019766949104061515
2022-01-20,0.025546182893252167
2022-01-21,-0.013984514487764499
2022-01-24,-0.02426591378699261
2022-01-25,0.009084706555075872
2022-01-26,0.01384201546184527
2022-01-27,-0.02031297751862804
2022-01-28,-0.02492638360570576
2022-01-31,0.0034859090352497013
2022-02-01,0.025706360619212498
2022-02-02,0.013998707619468309
2022-02-03,-0.005455437334298652
2022-02-04,0.0038061567457166046
2022-02-07,-0.0049068441952268005
2022-02-08,-0.00044835409691967865
2022-02-09,0.03161795627982111
2022-02-10,0.012389888502715829
2022-02-11,-0.03274281967159409
2022-02-14,0.0005549516441620828
2022-02-15,0.005324390481537211
2022-02-16,0.0019861638825646732
2022-02-17,-0.0034137359552007807
2022-02-18,-0.0012155395588839824
2022-02-22,-0.0021019029385493937
2022-02-23,-0.006319307907376448
2022-02-24,-0.00613637212428042
2022-02-25,0.0040413394477831766
2022-02-28,-0.006149407834801113
2022-03-01,0.031949645480770394
2022-03-02,0.015044100027987506
2022-03-03,0.02491680315582112
2022-03-04,0.03300844316044249
2022-03-07,-0.041996304100799686
2022-03-08,-0.0045531787527346435
2022-03-09,-0.029039438658026717
2022-03-10,0.01741886925238334
2022-03-11,-0.0059221872793787655
2022-03-14,-0.02242208888136854
2022-03-15,-0.002437602222795654
2022-03-16,0.01921574775458068
2022-03-17,0.022340881834904458
2022-03-18,0.008527969415731418
2022-03-21,-0.00613048957429696
2022-03-22,-0.002658685404107186
2022-03-23,0.015674915234036524
2022-03-24,-0.0070340617436310815
2022-03-25,-0.009092878075695365
2022-03-28,0.005975321285071056
2022-03-29,0.0005302461315148665
2022-03-30,0.004876548558180316
2022-03-31,0.0007384712960030182
2022-04-01,-0.012755670370909522
2022-04-04,0.02007481939251199
2022-04-05,0.0030356251697731818
2022-04-06,-0.012001646188014803
2022-04-07,-0.008133480959605643
2022-04-08,0.005324732186628767
2022-04-11,-0.01938555286391741
2022-04-12,0.016311982649452883
2022-04-13,0.0006377088785476381
2022-04-14,0.00212454415804042
2022-04-18,0.01674793217246684
2022-04-19,-0.017097535171463063
2022-04-20,-0.013682717182675441
2022-04-21,0.01161413099438513
2022-04-22,-0.025725484932310083
2022-04-25,-0.02913259132303092
2022-04-26,-0.002022887112417049
2022-04-27,0.0032657975128216332
2022-04-28,-0.009204257354392564
2022-04-29,-0.004191651054800349
2022-05-02,-0.0317406465868495
2022-05-03,0.003642361472945721
2022-05-04,0.013462862746814297
2022-05-05,-0.010049658926742366
2022-05-06,-0.005484239557655313
2022-05-09,-0.0160741625865376
2022-05-10,-0.009181930270551919
2022-05-11,0.013960786528228297
2022-05-12,-0.025519305367414757
2022-05-13,0.0183922073308862
2022-05-16,0.00382724408313595
2022-05-17,0.010246687251397546
2022-05-18,-0.013562893015266475
2022-05-19,0.0246292881991359
2022-05-20,-0.0009334212894834826
2022-05-23,0.015533685575748857
2022-05-24,-0.005060341975886007
2022-05-25,-0.011212590661620059
2022-05-26,-0.005143754085364161
2022-05-27,0.01151581317487027
2022-05-31,-0.0020910373446373365
2022-06-01,0.00814897480567911
2022-06-02,0.051732097242185304
2022-06-03,-0.016798405935648963
2022-06-06,-0.008486902766113524
2022-06-07,0.0
2022-06-08,0.004279773403795817
2022-06-09,-0.015588195785480319
2022-06-10,-0.02005008474207992
2022-06-13,-0.019646666003684365
2022-06-14,-0.0130439537237802
2022-06-15,0.0014417979081269294
2022-06-16,-0.013317343794497893
2022-06-17,-0.022981533344566207
2022-06-20,-0.013067830873363828
2022-06-21,0.0196722090218433
2022-06-22,-0.022631777709686163
2022-06-23,-0.048842172026775876
2022-06-24,0.00039906644713250117
2022-06-27,0.005053205705838559
2022-06-28,0.0013230685272020981
2022-06-29,-0.0013213203298593212
2022-06-30,-0.017068031942663375
2022-07-01,-0.025710053478421035
2022-07-05,-0.05360597070224982
2022-07-06,-0.002043786738650244
2022-07-07,0.04798128588529216
2022-07-08,-0.013958668921459583
2022-07-11,-0.026755397257862246
2022-07-12,-0.0410181912508879
2022-07-13,0.008797222555519069
2022-07-14,-0.03458126872379852
2022-07-15,0.007475449124386246
2022-07-18,0.03509046859331777
