Date,ZB=F
2012-03-30,
2012-04-02,0.001814882032667775
2012-04-03,-0.008605072463768071
2012-04-04,0.003426222019186742
2012-04-05,0.007739585704529928
2012-04-09,0.016263835554551687
2012-04-10,0.005779062013780756
2012-04-11,-0.0044198895027623974
2012-04-12,-0.002219755826859071
2012-04-13,0.006896551724137945
2012-04-16,0.0030932390631903672
2012-04-17,-0.004185022026431673
2012-04-18,0.003539040035390295
2012-04-19,0.0030857394754242318
2012-04-20,-0.0017578554163919513
2012-04-23,0.005282852740479793
2012-04-24,-0.003065469673746435
2012-04-25,-0.0024159894575005447
2012-04-26,0.002421840598855196
2012-04-27,0.0030748956731825317
2012-04-30,0.0010948105977666156
2012-05-01,-0.005468066491688517
2012-05-02,0.0052782054101605524
2012-05-03,0.0
2012-05-04,0.005906803762852686
2012-05-07,0.00043497172683770735
2012-05-08,0.004999999999999893
2012-05-09,0.0
2012-05-10,-0.0008652390222798623
2012-05-11,0.005412426932236425
2012-05-14,0.006675279931093847
2012-05-15,0.002139037433155133
2012-05-16,0.002774813233724638
2012-05-17,0.010642826734780675
2012-05-18,-0.0004212299915753448
2012-05-21,-0.0027391487568478867
2012-05-22,-0.0076061694485527465
2012-05-23,0.010219288907813429
2012-05-24,-0.005268703898840932
2012-05-25,0.0014830508474577009
2012-05-29,0.0006346519991538013
2012-05-30,0.012473572938689115
2012-05-31,0.004176237210273603
2012-06-01,0.015595757953836609
2012-06-04,-0.004914004914004955
2012-06-05,-0.004320987654320985
2012-06-06,-0.012399256044637319
2012-06-07,-0.0018832391713747842
2012-06-08,0.0010482180293500676
2012-06-11,0.004397905759162324
2012-06-12,-0.007089241034195171
2012-06-13,0.006929861402771964
2012-06-14,-0.0006256517205421863
2012-06-15,0.0031302170283806774
2012-06-18,0.0
2012-06-19,-0.004368629082587838
2012-06-20,-0.0014625992478061178
2012-06-21,-0.0008369951872776449
2012-06-22,-0.007539267015706841
2012-06-25,0.008018569318421598
2012-06-26,-0.0025120368432069995
2012-06-27,0.0010493179433368471
2012-06-28,0.00524109014675056
2012-06-29,-0.012513034410844615
2012-07-02,0.010982048574445624
2012-07-03,-0.00710256945895138
2012-07-05,0.002524721228697624
2012-07-06,0.006505771248688452
2012-07-09,0.004795663052543864
2012-07-10,0.002697655115169173
2012-07-11,0.0010347682119205004
2012-07-12,0.0031010957204880008
2012-07-13,-0.002885408079142615
2012-07-16,0.003927242662257191
2012-07-17,-0.005558987029030238
2012-07-18,0.002277432712215255
2012-07-19,-0.0045445155959512595
2012-07-20,0.007885453413571275
2012-07-23,0.002470660901791266
2012-07-24,0.004723762579585067
2012-07-25,-0.00040883074407194187
2012-07-26,-0.002044989775051076
2012-07-27,-0.016188524590163955
2012-07-30,0.0064569881274734175
2012-07-31,0.00020695364238410008
2012-08-01,-0.004965859714463061
2012-08-02,0.008109794135995108
2012-08-03,-0.012995049504950451
2012-08-06,0.0025078369905955356
2012-08-07,-0.008338544923910729
2012-08-08,-0.001891948707168356
2012-08-09,-0.0008424599831508006
2012-08-10,0.004005059021922497
2012-08-13,-0.00020995171110649302
2012-08-14,-0.008819823603527954
2012-08-15,-0.009322033898305104
2012-08-16,-0.0036355859709152893
2012-08-17,0.0019317450096587585
2012-08-20,0.0008568980291345785
2012-08-21,0.0019263698630136439
2012-08-22,0.008972441785943142
2012-08-23,0.006140165149269627
2012-08-24,-0.0008417508417508657
2012-08-27,0.0033698399326032025
2012-08-28,0.0023089840470194023
2012-08-29,-0.0016753926701570387
2012-08-30,0.004405286343612369
2012-08-31,0.005847953216374213
2012-09-04,-0.0018687707641196205
2012-09-05,-0.001664239650509658
2012-09-06,-0.008960200041675304
2012-09-07,-0.0006307821698906535
2012-09-10,-0.0023143277929729145
2012-09-11,-0.000632644453816944
2012-09-12,-0.008018569318421598
2012-09-13,-0.001701765581791137
2012-09-14,-0.014276582143618155
2012-09-17,0.004107220060527439
2012-09-18,0.0032292787944026013
2012-09-19,0.0023605150214591752
2012-09-20,0.005138086062941527
2012-09-21,0.0010649627263046302
2012-09-24,0.004893617021276553
2012-09-25,0.005293245818335901
2012-09-26,0.010109519797809607
2012-09-27,-0.002502085070892446
2012-09-28,-0.0008361204013378476
2012-10-01,0.00188284518828441
2012-10-02,0.0016704948841093081
2012-10-03,-0.0014592453616844026
2012-10-04,-0.0058455114822546506
2012-10-05,-0.008819823603527954
2012-10-08,0.005084745762711895
2012-10-09,-0.001897133220910674
2012-10-10,0.005068637803590237
2012-10-11,0.0035721790292078115
2012-10-12,0.0020938023450587373
2012-10-15,-0.0008357709987463213
2012-10-16,-0.008364700961940641
2012-10-17,-0.0103331927456769
2012-10-18,-0.0019177498401875548
2012-10-19,0.008112724167378405
2012-10-22,-0.002964845404489602
2012-10-23,0.004248088360237823
2012-10-24,-0.0019035532994924331
2012-10-25,-0.005085823267641398
2012-10-26,0.008732694355697568
2012-10-31,0.008868243243243201
2012-11-01,-0.004813729593972416
2012-11-02,-0.0012618296529968154
2012-11-05,0.005685407454200986
2012-11-06,-0.006490787269681775
2012-11-07,0.013698630136986356
2012-11-08,0.0058212058212057105
2012-11-09,0.0028937577511367607
2012-11-12,0.0002061005770817026
2012-11-13,0.002884813517411988
2012-11-14,-0.00041093075816722724
2012-11-15,0.00020554984583753821
2012-11-16,0.0010275380189066485
2012-11-19,-0.005132416341613655
2012-11-20,-0.005984316962443281
2012-11-21,-0.002906373261366002
2012-11-23,-0.0004164064126587208
2012-11-26,0.003749218912726615
2012-11-27,0.0018676073874248633
2012-11-28,0.003314001657000798
2012-11-29,-0.0010322047894302244
2012-11-30,0.001239925604463732
2012-12-03,-0.002270381836945279
2012-12-04,0.0026892842366570413
2012-12-05,0.0008252527336496396
2012-12-06,0.0016491445062873922
2012-12-07,-0.00637991356246137
2012-12-10,0.0012427506213752437
2012-12-11,-0.004551096400496446
2012-12-12,-0.006234413965087282
2012-12-13,-0.0016729401923881726
2012-12-14,0.00356095517385846
2012-12-17,-0.00709663953245665
2012-12-18,-0.009039310489804553
2012-12-19,0.004879083580823007
2012-12-20,-0.010344099641123039
2012-12-21,0.007039249146757687
2012-12-24,-0.0019063757678458026
2012-12-26,0.0014855687606112333
2012-12-27,0.005933460478914965
2012-12-28,0.0002106593638087073
2012-12-31,-0.005897219882055604
2013-01-02,-0.012076271186440724
2013-01-03,-0.0068625348488098314
2013-01-04,-0.0015115525804362262
2013-01-07,0.001297577854671328
2013-01-08,0.003455723542116651
2013-01-09,0.002152389151958589
2013-01-10,-0.0045103092783504994
2013-01-11,0.0030204962243796096
2013-01-14,0.0012906001290600155
2013-01-15,0.0034371643394199847
2013-01-16,0.0008563476771570322
2013-01-17,-0.006203208556149753
2013-01-18,0.004520017219113326
2013-01-22,0.0012856224555388707
2013-01-23,-0.00042799058420717184
2013-01-24,-0.0008563476771569212
2013-01-25,-0.012213413327619493
2013-01-28,-0.002819956616052055
2013-01-29,-0.001522732216662992
2013-01-30,-0.002614379084967311
2013-01-31,0.002839667977282634
2013-02-01,-0.004356349379220248
2013-02-04,0.0043754101947057755
2013-02-05,-0.0050098017861032185
2013-02-06,0.0054728546409807954
2013-02-07,0.0017417809710429388
2013-02-08,-0.0006520321669202245
2013-02-11,0.001304915180513344
2013-02-12,-0.004344048653344923
2013-02-13,-0.004363001745200656
2013-02-14,0.00591586327782645
2013-02-15,0.0
2013-02-19,-0.0028316270964930945
2013-02-20,0.00021843599825244198
2013-02-21,0.005241319065298011
2013-02-22,0.0010862480990658785
2013-02-25,0.00868055555555558
2013-02-26,0.002581755593803692
2013-02-27,-0.0032188841201716833
2013-02-28,0.0008611410118406493
2013-03-01,0.0038718003871800466
2013-03-04,-0.0027855153203342198
2013-03-05,-0.0019338203695745682
2013-03-06,-0.005597416576964442
2013-03-07,-0.006061918164104729
2013-03-08,-0.006752341537791362
2013-03-11,-0.00043859649122801603
2013-03-12,0.004387889425186531
2013-03-13,0.0
2013-03-14,-0.001747487986020091
2013-03-15,0.003938730853391581
2013-03-18,0.005884917175239757
2013-03-19,0.0069339111592632285
2013-03-20,-0.014417904024101591
2013-03-21,0.0013100436681223737
2013-03-22,0.002180549498473683
2013-03-25,-0.0008703220191470518
2013-03-26,0.0013066202090592505
2013-03-27,0.006089604175728569
2013-03-28,-0.0006485084306095956
2013-04-01,0.0028120268224096634
2013-04-02,-0.0030198446937014234
2013-04-03,0.0058416270012982
2013-04-04,0.007313400731340014
2013-04-05,0.011317531496903621
2013-04-08,-0.004645270270270285
2013-04-09,-0.002121340687314399
2013-04-10,-0.007227891156462607
2013-04-11,0.001927194860813719
2013-04-12,0.008976276982261222
2013-04-15,0.0027536538868884186
2013-04-16,-0.0021123785382340943
2013-04-17,0.0023285351397122067
2013-04-18,0.0031678986272438703
2013-04-19,-0.002105263157894721
2013-04-22,0.00021097046413509624
2013-04-23,-0.00042185192997257204
2013-04-24,0.000633044946191097
2013-04-25,-0.001687051876845258
2013-04-26,0.006337135614702172
2013-04-29,-0.0018891687657430767
2013-04-30,-0.0014721345951629328
2013-05-01,0.005054759898904804
2013-05-02,0.0004191114836546994
2013-05-03,-0.014243820695433618
2013-05-06,-0.003824904377390581
2013-05-07,-0.0017064846416382506
2013-05-08,0.0032051282051281937
2013-05-09,-0.00149094781682646
2013-05-10,-0.010238907849829393
2013-05-13,-0.002586206896551757
2013-05-14,-0.003889369057908376
2013-05-15,0.0008676789587851452
2013-05-16,0.008669267446900664
2013-05-17,-0.010098839707778251
2013-05-20,-0.001519426958975445
2013-05-21,0.0023913043478260843
2013-05-22,-0.008674907829104295
2013-05-23,0.0010938525486763329
2013-05-24,0.002622377622377714
2013-05-28,-0.01482127288578905
2013-05-29,0.0026548672566371057
2013-05-30,-0.0008826125330979595
2013-05-31,-0.0030918727915194566
2013-06-03,0.0017722640673460965
2013-06-04,-0.001547987616099089
2013-06-05,0.0037652270210408734
2013-06-06,0.003530450132391838
2013-06-07,-0.009454705364995597
2013-06-10,-0.005993340732519448
2013-06-11,0.002903081732916535
2013-06-12,-0.004008016032064132
2013-06-13,0.0067069081153587895
2013-06-14,0.00421940928270037
2013-06-17,-0.005528527200353794
2013-06-18,0.00022237046920170478
2013-06-19,-0.004668741662961273
2013-06-20,-0.027027027027026973
2013-06-21,-0.008034894398530779
2013-06-24,-0.0016199953714417514
2013-06-25,-0.004867872044506227
2013-06-26,0.006056370836245106
2013-06-27,0.004630701551284977
2013-06-28,0.0018437427978796883
2013-07-01,-0.0006901311249137843
2013-07-02,0.0016114180478821183
2013-07-03,-0.0029878188922086713
2013-07-05,-0.021438450899031847
2013-07-08,0.006360424028268641
2013-07-09,-0.000234082397003732
2013-07-10,-0.004448606883633799
2013-07-11,0.010112888052681068
2013-07-12,-0.002095459837019753
2013-07-15,0.004899673355109657
2013-07-16,0.002786162061759967
2013-07-17,0.002778420930771075
2013-07-18,-0.005079658277534094
2013-07-19,0.006265954977953125
2013-07-22,0.0
2013-07-23,-0.0032287822878228623
2013-07-24,-0.007172605275335475
2013-07-25,-0.0006991377301328594
2013-07-26,0.0053638059701492935
2013-07-29,-0.0041753653444676075
2013-07-30,-0.001863498718844614
2013-07-31,0.001166861143523823
2013-08-01,-0.015151515151515138
2013-08-02,0.012781065088757426
2013-08-05,-0.003972890862350975
2013-08-06,-0.0002346316283434735
2013-08-07,0.00563248063834787
2013-08-08,0.0028004667444574416
2013-08-09,0.0011636025133814343
2013-08-12,-0.002324500232450011
2013-08-13,-0.011183597390493905
2013-08-14,0.0
2013-08-15,-0.004241281809613584
2013-08-16,-0.007808802650260294
2013-08-19,-0.005008347245408995
2013-08-20,0.007430488974113025
2013-08-21,-0.004044729954794213
2013-08-22,-0.0016722408026755842
2013-08-23,0.009332376166546918
2013-08-26,0.0011853959222380972
2013-08-27,0.00923514089509836
2013-08-28,-0.005396527451900557
2013-08-29,0.004953998584571906
2013-08-30,0.0016431924882629456
2013-09-03,-0.012186547925943314
2013-09-04,-0.0030842230130486703
2013-09-05,-0.009043312708234219
2013-09-06,0.002641690682036568
2013-09-09,0.004311377245509007
2013-09-10,-0.005723825423324613
2013-09-11,0.004557447829215633
2013-09-12,0.0021489971346704273
2013-09-13,0.0011913271384322854
2013-09-16,0.0002379819133746519
2013-09-17,0.0038068046633357167
2013-09-18,0.012325195543967826
2013-09-19,-0.003980332474830206
2013-09-20,-0.009402914903620108
2013-09-23,0.0016611295681063787
2013-09-24,0.008054963278843807
2013-09-25,0.004700352526439522
2013-09-26,-0.0035087719298245723
2013-09-27,0.0023474178403755097
2013-09-30,-0.0004683840749414303
2013-10-01,-0.002811621368322359
2013-10-02,0.00211466165413543
2013-10-03,0.0011723329425556983
2013-10-04,-0.003512880562060894
2013-10-07,0.0028202115158637575
2013-10-08,0.0004687133817671274
2013-10-09,-0.0021082220660576523
2013-10-10,-0.0035211267605633756
2013-10-11,0.0011778563015312216
2013-10-14,-0.004470588235294115
2013-10-15,-0.0004727014890096859
2013-10-16,0.00614802553795224
2013-10-17,0.008930669800234936
2013-10-18,-0.0004658746797111535
2013-10-21,-0.0027965509205313266
2013-10-22,0.009581677962140711
2013-10-23,0.003472222222222321
2013-10-24,-0.0029988465974625234
2013-10-25,0.0020823692734845967
2013-10-28,-0.0009235742322789564
2013-10-29,0.00023110700254225236
2013-10-30,-0.0020794824399260614
2013-10-31,-0.0011576753878212998
2013-11-01,-0.007881316643486347
2013-11-04,0.001635514018691664
2013-11-05,-0.007464427338465085
2013-11-06,0.0009400705052879932
2013-11-07,0.0044611411129373835
2013-11-08,-0.01449275362318836
2013-11-11,-0.0021347248576849553
2013-11-12,0.00023769907297355175
2013-11-13,0.0033269961977187013
2013-11-14,0.004500236854571238
2013-11-15,0.0
2013-11-18,0.0035369016741335635
2013-11-19,-0.003994360902255689
2013-11-20,-0.010851615947157334
2013-11-21,0.00190794180777476
2013-11-22,0.004760771244941786
2013-11-25,0.0004738213693438187
2013-11-26,0.005683163627752785
2013-11-27,-0.0037673651989639234
2013-11-29,0.0
2013-12-02,-0.007326873079650187
2013-12-03,0.00309523809523804
2013-12-04,-0.007832898172323799
2013-12-05,-0.0014354066985645675
2013-12-06,-0.00047915668423570423
2013-12-09,0.0031160115052732973
2013-12-10,0.007168458781362075
2013-12-11,-0.005693950177935947
2013-12-12,-0.0016702457647339575
2013-12-13,0.002868068833651982
2013-12-16,-0.002144899904671149
2013-12-17,-0.007642703606400736
2013-12-18,-0.004572803850782181
2013-12-19,-0.0004835589941972751
2013-12-20,0.007014997581035409
2013-12-23,-0.005044439106413612
2013-12-24,-0.005794302269435003
2013-12-26,-0.0014570179698882857
2013-12-27,-0.0017023346303501885
2013-12-30,0.0038976857490864436
2013-12-31,-0.0036398932297986297
2014-01-02,0.00243546030199715
2014-01-03,-0.0007288629737609575
2014-01-06,0.0038901045465595807
2014-01-07,0.0021797045289415617
2014-01-08,-0.004108264862252242
2014-01-09,0.004367871875758267
2014-01-10,0.010630587098332978
2014-01-13,0.002868754482428848
2014-01-14,-0.0033373063170440975
2014-01-15,-0.0009567089213107227
2014-01-16,0.004309312903998164
2014-01-17,0.0016686531585221598
2014-01-21,0.0007139457401237337
2014-01-22,-0.0026159334126040212
2014-01-23,0.009537434430138214
2014-01-24,0.0040151157298062845
2014-01-27,-0.0037638202775817087
2014-01-28,0.0021251475796930652
2014-01-29,0.006597549481621057
2014-01-30,-0.0016385767790262351
2014-01-31,0.0023446658851113966
2014-02-03,0.009824561403508847
2014-02-04,-0.005559416261292527
2014-02-05,-0.005590496156533842
2014-02-06,-0.0028109627547434624
2014-02-07,0.0021141649048626032
2014-02-10,-0.00023441162681669958
2014-02-11,-0.0032825322391558664
2014-02-12,-0.0044695365796283415
2014-02-13,0.005671077504725952
2014-02-14,-0.0007048872180450694
2014-02-18,0.0030566658829060955
2014-02-19,-0.0025785278949835844
2014-02-20,-0.0018801410105757643
2014-02-21,0.0028255238992229703
2014-02-24,-0.0018783752054473135
2014-02-25,0.005880969183721385
2014-02-26,0.0035079513564078013
2014-02-27,0.004194826380796934
2014-02-28,-0.0004641448131816883
2014-03-03,0.004411423264453207
2014-03-04,-0.009246417013407338
2014-03-05,-0.00023331777881474558
2014-03-06,-0.004667444574095736
2014-03-07,-0.004454865181711565
2014-03-10,0.00023551577955727154
2014-03-11,0.0021191429244171722
2014-03-12,0.005169172932330879
2014-03-13,0.008648901355773786
2014-03-14,0.0011587485515642815
2014-03-17,-0.0050925925925925375
2014-03-19,-0.006049325267566297
2014-03-20,0.000468164794007464
2014-03-21,-0.006785212915301875
2014-03-24,0.003297997644287287
2014-03-25,-0.00023479690068095582
2014-03-26,0.003992484734617108
2014-03-27,0.004678362573099504
2014-03-28,-0.005122235157159483
2014-03-31,-0.0023402761525860294
2014-04-01,-0.004456955195871415
2014-04-02,-0.004948162111215848
2014-04-03,0.001894387875917669
2014-04-04,0.005672417868116231
2014-04-07,0.003525264394829586
2014-04-08,0.0016393442622950616
2014-04-09,-0.0016366612111292644
2014-04-10,0.007494145199063329
2014-04-11,0.002556950255695023
2014-04-14,-0.0020867145838163736
2014-04-15,0.0023234200743493805
2014-04-16,0.00046360686138147145
2014-04-17,-0.007182576459684897
2014-04-21,-0.0014002333722287208
2014-04-22,0.001635896237438761
2014-04-23,0.003966402239850675
2014-04-24,0.0004647920055775856
2014-04-25,0.0030197444831592257
2014-04-28,-0.0016211208893005535
2014-04-29,-0.002551612154952476
2014-04-30,0.0041860465116279055
2014-05-01,0.005558128763316406
2014-05-02,0.0036849378166743385
2014-05-05,-0.0034419458467186415
2014-05-06,0.0025328114206768504
2014-05-07,-0.00045934772622879816
2014-05-08,0.0013786764705883137
2014-05-09,-0.0032124827902707542
2014-05-12,-0.0029926335174953467
2014-05-13,0.003925190487185315
2014-05-14,0.008509659613615383
2014-05-15,0.00410490307867728
2014-05-16,-0.0011355893708835385
2014-05-19,-0.003410641200545683
2014-05-20,0.002053388090349051
2014-05-21,-0.004098360655737654
2014-05-22,-0.00137174211248281
2014-05-23,0.0032051282051281937
2014-05-27,0.0031948881789136685
2014-05-28,0.009326660600545988
2014-05-29,-0.0015776425512733505
2014-05-30,-0.0013544018058690988
2014-06-02,-0.007685352622061492
2014-06-03,-0.007061503416856518
2014-06-04,-0.0013764624913971124
2014-06-05,0.0018378130025269446
2014-06-06,0.0
2014-06-09,-0.0011465260261408483
2014-06-10,-0.0020661157024793875
2014-06-11,-0.0004600874166091895
2014-06-12,0.00644418872266983
2014-06-13,-0.0004573519323118891
2014-06-16,0.0013726835964309458
2014-06-17,-0.006397075622572523
2014-06-18,0.004138882501724561
2014-06-19,-0.0006869704602702198
2014-06-20,-0.007561869844179614
2014-06-23,0.00023089355806971135
2014-06-24,0.00484764542936289
2014-06-25,0.00344589937973816
2014-06-26,0.004807692307692291
2014-06-27,-0.001822738664843948
2014-06-30,0.002054325496462006
2014-07-01,-0.006150341685649208
2014-07-02,-0.00802200320880131
2014-07-03,-0.001848428835489857
2014-07-07,0.0050925925925926485
2014-07-08,0.006678949792722211
2014-07-09,0.0027453671928621137
2014-07-10,0.0009126169290440966
2014-07-11,0.0020515158422611535
2014-07-14,-0.003412192902638722
2014-07-15,0.0002282583884958278
2014-07-16,0.0015974440894568342
2014-07-17,0.007063112326270327
2014-07-18,-0.0004524886877828038
2014-07-21,0.0027161611588955026
2014-07-22,0.0009029345372459918
2014-07-23,0.0
2014-07-24,-0.004961659900766802
2014-07-25,0.005666364460562123
2014-07-28,-0.0027045300878972833
2014-07-29,0.004745762711864332
2014-07-30,-0.010346378767431386
2014-07-31,-0.0006818181818182278
2014-08-01,0.0038662724584943575
2014-08-04,0.0011327594019030496
2014-08-05,0.0020366598778003286
2014-08-06,0.0009033423667570428
2014-08-07,0.005415162454873723
2014-08-08,0.001122082585278239
2014-08-11,0.0
2014-08-12,-0.0031383097960098194
2014-08-13,0.0035979311895659727
2014-08-14,0.004257226081111343
2014-08-15,0.006916555109326206
2014-08-18,-0.0062042986926655885
2014-08-19,-0.0026755852842809125
2014-08-20,-0.0006706908115359234
2014-08-21,0.0026845637583892135
2014-08-22,0.0026773761713521083
2014-08-25,0.0020026702269693164
2014-08-26,-0.0013324450366422047
2014-08-27,0.0044474093840338735
2014-08-28,0.003984945760460379
2014-08-29,-0.0013230429988975168
2014-09-02,-0.009935968204901724
2014-09-03,0.001784121320249854
2014-09-04,-0.005342831700801409
2014-09-05,-0.0017905102954342
2014-09-08,0.00022421524663673864
2014-09-09,-0.00179331988343423
2014-09-10,-0.0038176510217831083
2014-09-11,0.0006762849413886052
2014-09-12,-0.010362694300518172
2014-09-15,0.0020487138629639023
2014-09-16,-0.0006815084052703702
2014-09-17,-0.0006819731757217173
2014-09-18,-0.0015923566878981443
2014-09-19,0.005468215994531844
2014-09-22,-0.008384319057330614
2014-09-23,0.004798903107861019
2014-09-24,-0.004093700250170529
2014-09-25,0.007079241836035699
2014-09-26,-0.0013605442176870541
2014-09-29,0.004995458673932696
2014-09-30,-0.0029371893357433843
2014-10-01,0.012463176977113077
2014-10-02,-0.004476275738585445
2014-10-03,0.001573741007194318
2014-10-06,0.001122334455667895
2014-10-07,0.00874439461883414
2014-10-08,0.0004445432318291864
2014-10-09,0.0011108642523882661
2014-10-10,0.0033288948069241098
2014-10-13,0.005308560053085554
2014-10-14,0.004620462046204699
2014-10-15,0.01182654402102501
2014-10-16,-0.006709956709956666
2014-10-17,-0.0034865983874482476
2014-10-20,0.0013120489831619508
2014-10-21,-0.0028390478270364783
2014-10-22,-0.001971090670170872
2014-10-23,-0.004827737546631572
2014-10-24,0.0
2014-10-27,0.0017640573318633557
2014-10-28,-0.0030816640986132127
2014-10-29,-0.0011039964672112657
2014-10-30,0.0013262599469496816
2014-10-31,-0.0033112582781457123
2014-11-03,-0.00022148394241416902
2014-11-04,0.0013291980505094614
2014-11-05,-0.0011061946902655162
2014-11-06,-0.0031007751937984773
2014-11-07,0.007109531215285569
2014-11-10,-0.004853298036620379
2014-11-11,-0.001773442695632843
2014-11-12,0.0028869642460582767
2014-11-13,0.0008857395925598865
2014-11-14,0.003097345132743401
2014-11-17,-0.002205558006175612
2014-11-18,0.002210433244915988
2014-11-19,-0.0033083370092633624
2014-11-20,0.0024341668510732273
2014-11-21,0.003090507726269287
2014-11-24,0.00044014084507049134
2014-11-25,0.006379234491860952
2014-11-26,0.003278688524590123
2014-11-28,0.004357298474945592
2014-12-01,-0.0036876355748373113
2014-12-02,-0.006967123884171533
2014-12-03,0.001315500986625695
2014-12-04,0.0039413181519596385
2014-12-05,-0.0021810250817884125
2014-12-08,0.00721311475409836
2014-12-09,0.0041232638888888395
2014-12-10,0.005403068943159672
2014-12-11,0.0010748065348238356
2014-12-12,0.007515567962207426
2014-12-15,-0.0006393861892582953
2014-12-16,0.004691831947110314
2014-12-17,-0.007217151347909123
2014-12-18,-0.006628180457558308
2014-12-19,0.004089539388721475
2014-12-22,-0.008145766345123207
2014-12-23,-0.011886751674951346
2014-12-24,0.0019685039370078705
2014-12-26,0.0015280506439641073
2014-12-29,0.0043591979075849885
2014-12-30,0.001953125
2014-12-31,0.0019493177387914784
2015-01-02,0.006485084306095956
2015-01-05,0.010094501718213023
2015-01-06,0.008079948968743311
2015-01-07,0.00021092596498628602
2015-01-08,-0.008646140868831753
2015-01-09,0.004254413954477787
2015-01-12,0.00614276636305866
2015-01-13,0.001263157894736855
2015-01-14,0.0052565180824222235
2015-01-15,0.004601547793348759
2015-01-16,-0.0037476577139288203
2015-01-20,0.002089864158829613
2015-01-21,-0.005005213764337824
2015-01-22,-0.003982393628170211
2015-01-23,0.009048821548821584
2015-01-26,-0.0016684045881125709
2015-01-27,-0.0004177982034677674
2015-01-28,0.011076280041797393
2015-01-29,-0.005167424555601485
2015-01-30,0.00581757739455635
2015-02-02,-0.002891964470150832
2015-02-03,-0.010358400662937695
2015-02-04,0.0010466820180028424
2015-02-05,-0.0037641154328732496
2015-02-06,-0.008186397984886629
2015-02-09,-0.0004232804232804366
2015-02-10,-0.004869786152868927
2015-02-11,0.0002127659574469032
2015-02-12,-0.0006381620931716903
2015-02-13,-0.006172839506172867
2015-02-17,-0.012422360248447228
2015-02-18,0.004988072001735011
2015-02-19,-0.0034527406128614935
2015-02-20,-0.0019488956258120194
2015-02-23,0.009112605771316895
2015-02-24,0.00559019565684804
2015-02-25,0.004917682274962587
2015-02-26,-0.00042553191489358433
2015-02-27,0.0014899957428693433
2015-03-02,-0.008289054197662016
2015-03-03,-0.004500642948992661
2015-03-04,0.001291711517761085
2015-03-05,0.0008600301010535105
2015-03-06,-0.014393125671321116
2015-03-09,0.005666957279860441
2015-03-10,0.007368877329865686
2015-03-11,0.003227194492254837
2015-03-12,-0.00021445421402532805
2015-03-13,0.0
2015-03-16,0.0010725010725010087
2015-03-17,0.0055710306406684396
2015-03-18,0.01022799914766681
2015-03-19,-0.0012655557899177161
2015-03-20,0.004223864836325308
2015-03-23,0.10389064143007354
2015-03-24,0.007429986664126531
2015-03-25,-0.004349470499243613
2015-03-26,-0.012915479582146228
2015-03-27,0.012314796998268207
2015-03-30,-0.0057023379585630085
2015-03-31,0.0024851844771554
2015-04-01,0.011823035850495822
2015-04-02,-0.007538635506973201
2015-04-06,-0.004937333839726499
2015-04-07,0.005343511450381699
2015-04-08,0.0018982536066818323
2015-04-09,-0.010231148162182624
2015-04-10,0.0015313935681469104
2015-04-13,-0.00019113149847094224
2015-04-14,0.005543873064423721
2015-04-15,-0.0017110266159695575
2015-04-16,0.00019043991620648626
2015-04-17,0.00818735719725816
2015-04-20,-0.010198300283286166
2015-04-21,-0.002480442663613802
2015-04-22,-0.011667941851568497
2015-04-23,0.003483646216373204
2015-04-24,0.003278688524590123
2015-04-27,0.0017301038062282892
2015-04-28,-0.008443676837459169
2015-04-29,-0.00987033094639056
2015-04-30,-0.0017591868647380826
2015-05-01,-0.012336009398864256
2015-05-04,-0.005352894528152241
2015-05-05,-0.0045844129958142465
2015-05-06,-0.011213456147376899
2015-05-07,0.010733090319967609
2015-05-08,0.0016028851933480581
2015-05-11,-0.01940388077615518
2015-05-12,0.002651978784169673
2015-05-13,-0.006714140386571699
2015-05-14,0.0028676771814830637
2015-05-15,0.016952614379085018
2015-05-18,-0.013657360915846573
2015-05-19,-0.0030543677458766405
2015-05-20,-0.0018382352941176405
2015-05-21,0.011049723756906049
2015-05-22,-0.004047763610605104
2015-05-26,0.015850436903068532
2015-05-27,0.0022004400880175634
2015-05-28,-0.0013972055888223922
2015-05-29,0.005396761942834338
2015-06-01,-0.014115308151093409
2015-06-02,-0.010687638636821983
2015-06-03,-0.013452914798206317
2015-06-04,0.010950413223140387
2015-06-05,-0.010831800531371338
2015-06-08,0.0020661157024792765
2015-06-09,-0.0059793814432990144
2015-06-10,-0.007882182119892112
2015-06-11,0.01609868283504068
2015-06-12,0.0008230452674897748
2015-06-15,0.000822368421052655
2015-06-16,0.00534100246507796
2015-06-17,-0.002451982018798482
2015-06-18,-0.008603031544448969
2015-06-19,0.015495867768595017
2015-06-22,-0.025228891149542187
2015-06-23,-0.006053016071801309
2015-06-24,0.006929861402771964
2015-06-25,-0.00187695516162667
2015-06-26,-0.013372335979941474
2015-06-29,0.022659889877170603
2015-06-30,-0.00041416442327602
2015-07-01,-0.013258752848560151
2015-07-02,0.002309468822170979
2015-07-06,0.019271051529116123
2015-07-07,0.009453349773941744
2015-07-08,0.004071661237784907
2015-07-09,-0.01642335766423353
2015-07-10,-0.01649144506287359
2015-07-13,0.0004191993292810281
2015-07-14,0.0025141420490257804
2015-07-15,0.008777429467084596
2015-07-16,0.0033146882121399823
2015-07-17,0.004955606029320769
2015-07-20,-0.002260119169919861
2015-07-21,0.0037067545304778626
2015-07-22,0.0057447681575708565
2015-07-23,0.008363933088535225
2015-07-24,0.0008092251669027384
2015-07-27,0.0038407115423488847
2015-07-28,-0.002013693113169568
2015-07-29,-0.0032284100080710587
2015-07-30,0.005060728744939347
2015-07-31,0.0050352467270895485
2015-08-03,0.010621242484969873
2015-08-04,-0.004560777315090192
2015-08-05,-0.00776892430278886
2015-08-06,0.006825938566553003
2015-08-07,0.011565304087736816
2015-08-10,-0.011038833037650297
2015-08-11,0.012955949770779407
2015-08-12,-0.0011806375442738881
2015-08-13,-0.004531126871552438
2015-08-14,0.0013853156540668543
2015-08-17,0.006126482213438811
2015-08-18,-0.008642702808878466
2015-08-19,0.006934812760055475
2015-08-20,0.00806768988587181
2015-08-21,0.0005855943782939743
2015-08-24,0.004486929379633242
2015-08-25,-0.019809671780928295
2015-08-26,-0.01069942540122848
2015-08-27,0.0054075705988383405
2015-08-28,-0.0009960159362549792
2015-08-31,-0.003788634097706911
2015-09-01,0.0
2015-09-02,-0.004003202562049668
2015-09-03,0.003014469453376245
2015-09-04,0.00861550791424559
2015-09-08,-0.011918951132300348
2015-09-09,0.004624045034177682
2015-09-10,-0.005603362017210345
2015-09-11,0.006439927550815128
2015-09-14,0.0009998000399920048
2015-09-15,-0.025769077107471006
2015-09-16,-0.0038958376050850507
2015-09-17,0.008645533141210304
2015-09-18,0.017142857142857126
2015-09-21,-0.014446227929374
2015-09-22,0.014657980456026065
2015-09-23,-0.0008025682182986049
2015-09-24,0.006827309236947743
2015-09-25,-0.007977662544874309
2015-09-28,0.013470044229995981
2015-09-29,0.002380480063479462
2015-09-30,-0.0035622402533148634
2015-10-01,0.002979145978152964
2015-10-02,0.006336633663366342
2015-10-05,-0.009838646202282586
2015-10-06,0.003577106518283024
2015-10-07,-0.000990099009900991
2015-10-08,-0.007928642220019877
2015-10-09,0.003196803196803266
2015-10-12,0.005775741884086916
2015-10-13,0.0001980198019801982
2015-10-14,0.0110869134824787
2015-10-15,-0.005482670843939719
2015-10-16,0.0013782240598543272
2015-10-19,-0.0035391270153362075
2015-10-20,-0.006906077348066253
2015-10-21,0.007152791575601114
2015-10-22,0.000197277569540244
2015-10-23,-0.00808678500986193
2015-10-26,0.005567707297673419
2015-10-27,0.003163931184496649
2015-10-28,-0.0025625862408831246
2015-10-29,-0.014426877470355759
2015-10-30,0.0038099057549629833
2015-11-02,-0.0043947263284058735
2015-11-03,-0.007223113964687
2015-11-04,0.0004042037186742231
2015-11-05,-0.003838383838383863
2015-11-06,-0.011559521395254513
2015-11-09,-0.0014361920393927141
2015-11-10,0.00328744606533804
2015-11-11,-0.003686258447675561
2015-11-12,0.005344295991777992
2015-11-13,0.0034757718258024983
2015-11-16,-0.0008149959250203231
2015-11-17,0.0038743882544860497
2015-11-18,0.0
2015-11-19,0.005484460694698434
2015-11-20,-0.0016161616161616266
2015-11-23,0.0032375556454875554
2015-11-24,0.00040338846308984877
2015-11-25,0.001814516129032162
2015-11-27,-0.00020124773596297274
2015-11-30,0.0010064412238324216
2015-12-01,0.011662980092499442
2015-12-02,0.0017889087656528524
2015-12-03,-0.025396825396825418
2015-12-04,0.010993485342019493
2015-12-07,0.009665726943213881
2015-12-08,-0.0029916234543279074
2015-12-09,0.004000800160032014
2015-12-10,-0.002390914524805776
2015-12-11,0.013580986618733748
2015-12-14,-0.011231527093596094
2015-12-15,-0.004583499402152302
2015-12-16,-0.001201201201201152
2015-12-17,0.008618961715774809
2015-12-18,0.002980922098569261
2015-12-21,0.0011888250445808435
2015-12-22,-0.01800910350286955
2015-12-23,-0.0052398226521563895
2015-12-24,0.005267423014586603
2015-12-28,0.0036275695284160303
2015-12-29,-0.015060240963855387
2015-12-30,-0.00020387359836904206
2015-12-31,0.0032626427406199365
2016-01-04,0.003252032520325132
2016-01-05,-0.003646677471636939
2016-01-06,0.012403416022773506
2016-01-07,0.0026109660574411553
2016-01-08,0.0024038461538462563
2016-01-11,-0.0037969624300560056
2016-01-12,0.011434302908726268
2016-01-13,0.006148353827846176
2016-01-14,-0.006702148630001958
2016-01-15,0.010517959912681007
2016-01-19,0.0015710919088767206
2016-01-20,0.006666666666666599
2016-01-21,-0.005453837164004716
2016-01-22,-0.0033294163728946335
2016-01-25,0.0037335429357436833
2016-01-26,0.0033281127642912356
2016-01-27,-0.0009756097560975618
2016-01-28,0.0003906250000000888
2016-01-29,0.006052323311206642
2016-02-01,-0.0031049873859887445
2016-02-02,0.015573291804555245
2016-02-03,-0.004025301897642275
2016-02-04,0.002309468822170979
2016-02-05,0.003072196620583778
2016-02-08,0.01703675344563549
2016-02-09,0.000564652738565874
2016-02-10,0.0056433408577878375
2016-02-11,0.0076692854470632454
2016-02-12,-0.011137924633376595
2016-02-16,-0.004505350103247596
2016-02-17,-0.006977182726758402
2016-02-18,0.009304975313330743
2016-02-19,0.0030103480714958053
2016-02-22,-0.00243856687300692
2016-02-23,0.0033847311019179482
2016-02-24,-0.00037481259370319986
2016-02-25,0.003937007874015741
2016-02-26,-0.010270774976657293
2016-02-29,0.0015094339622641062
2016-03-01,-0.013187641296156793
2016-03-02,0.0019091256204657459
2016-03-03,0.004954268292682862
2016-03-04,-0.007394766780432271
2016-03-07,0.0003820439350525895
2016-03-08,0.009929348863853438
2016-03-09,-0.006617508035545505
2016-03-10,-0.0028549676437000793
2016-03-11,-0.007062416491696921
2016-03-14,0.0015378700499808495
2016-03-15,0.0013435700575816778
2016-03-16,-0.0011500862564692849
2016-03-17,0.007484168105929667
2016-03-18,0.0030476190476189657
2016-03-21,-0.00626661602734524
2016-03-22,-0.009936938658513306
2016-03-23,0.009843659525188286
2016-03-24,-0.0028669724770642446
2016-03-28,0.003066896683918019
2016-03-29,0.005923944200267428
2016-03-30,-0.006268996960486328
2016-03-31,0.005926209137832261
2016-04-01,-0.0003800836183960321
2016-04-04,0.0017110266159696685
2016-04-05,0.009489466691971815
2016-04-06,-0.005264147396127128
2016-04-07,0.010017010017010053
2016-04-08,-0.0048652694610777925
2016-04-11,-0.000564121850319621
2016-04-12,-0.006396989651928475
2016-04-13,0.005112668055292646
2016-04-14,-0.0033911077618689056
2016-04-15,0.004914933837429025
2016-04-18,-0.004514672686230292
2016-04-19,-0.0018896447467876554
2016-04-20,-0.010034078000757285
2016-04-21,-0.004398546567221273
2016-04-22,-0.001344602381867066
2016-04-25,-0.003269859588382329
2016-04-26,-0.004438440756464712
2016-04-27,0.009110292692382282
2016-04-28,0.00038417210910490773
2016-04-29,0.003456221198156584
2016-05-02,-0.006888633754305373
2016-05-03,0.010211946050096232
2016-05-04,0.0032424184627122266
2016-05-05,0.006273764258555081
2016-05-06,-0.002267145286227068
2016-05-09,0.002651013065707142
2016-05-10,0.0005665722379604166
2016-05-11,0.0037750094375235133
2016-05-12,-0.004512974802557301
2016-05-13,0.007744616547034289
2016-05-16,-0.00693533270852853
2016-05-17,0.0011325028312569874
2016-05-18,-0.015082956259426794
2016-05-19,0.006699846860643177
2016-05-20,-0.0005704506560182399
2016-05-23,0.0013318112633180501
2016-05-24,-0.0024700741022231076
2016-05-25,-0.0028571428571428914
2016-05-26,0.005921680993314249
2016-05-27,-0.0015191796429927518
2016-05-31,0.0024724229745149984
2016-06-01,0.0013280212483399723
2016-06-02,0.006820765441455157
2016-06-03,0.011667293940534451
2016-06-06,-0.002790178571428603
2016-06-07,0.0022383883603804833
2016-06-08,0.002233389168062594
2016-06-09,0.004085422469823685
2016-06-10,0.004808581468466855
2016-06-13,0.002576845205227274
2016-06-14,0.0009179364787956779
2016-06-15,0.0016507703595010081
2016-06-16,0.005676616004394841
2016-06-17,-0.006008739985433387
2016-06-20,-0.006594614398241383
2016-06-21,-0.000921998893601339
2016-06-22,-0.009413067552602405
2016-06-23,-0.00968883920253405
2016-06-24,0.02333019755409227
2016-06-27,0.018753447324875827
2016-06-28,-0.0003609456776755282
2016-06-29,-0.0005416140097490585
2016-06-30,-0.003793352601156097
2016-07-01,0.00779691749773348
2016-07-05,0.014753508456279318
2016-07-06,-0.0021276595744680327
2016-07-07,0.002132196162046851
2016-07-08,0.0039007092198581894
2016-07-11,-0.00706464146944541
2016-07-12,-0.01067235859124871
2016-07-13,0.006652283351312516
2016-07-14,-0.0112520092873728
2016-07-15,-0.007767341040462394
2016-07-18,-0.0005461496450027692
2016-07-19,0.0038251366120218844
2016-07-20,-0.004354926510615087
2016-07-21,0.0
2016-07-22,0.0009112447603425444
2016-07-25,-0.00036416605972322547
2016-07-26,0.0018214936247722413
2016-07-27,0.007818181818181724
2016-07-28,0.000721630885802016
2016-07-29,0.006309716964124856
2016-08-01,-0.004836975994267245
2016-08-02,-0.007200720072007227
2016-08-03,-0.0010879419764279197
2016-08-04,0.005808676710836735
2016-08-05,-0.00920411478072547
2016-08-08,0.0005464480874317612
2016-08-09,0.006189695976697607
2016-08-10,0.004342319522344873
2016-08-11,-0.009727976941091732
2016-08-12,0.006912861560851358
2016-08-15,-0.007046070460704601
2016-08-16,-0.003820960698689979
2016-08-17,0.0029223744292237175
2016-08-18,0.0018211619012931113
2016-08-19,-0.004726413379385619
2016-08-22,0.007488584474885762
2016-08-23,0.00036258158085566983
2016-08-24,-0.001087350489307748
2016-08-25,-0.003084179970972434
2016-08-26,-0.008189262966333044
2016-08-29,0.01045871559633027
2016-08-30,-0.0018158707100054405
2016-08-31,0.0003638348189922702
2016-09-01,0.0005455537370431252
2016-09-02,-0.005634314794620177
2016-09-06,0.006762931822335894
2016-09-07,0.0003631082062454105
2016-09-08,-0.01324863883847549
2016-09-09,-0.009012322972227316
2016-09-12,-0.00018559762435044203
2016-09-13,-0.009095971783924295
2016-09-14,0.003559385537654558
2016-09-15,-0.002800074668657837
2016-09-16,0.0014975664545113787
2016-09-19,0.00037383177570093906
2016-09-20,0.0016816143497757619
2016-09-21,-0.0011191941801902416
2016-09-22,0.0009337068160597539
2016-09-23,0.001865671641791078
2016-09-26,0.0026070763500931626
2016-09-27,0.0070579494799405396
2016-09-28,-0.0011066027296200431
2016-09-29,0.0022156573116691725
2016-09-30,-0.008658806190125268
2016-10-03,-0.0005575171901133213
2016-10-04,-0.009669021941242084
2016-10-05,-0.004318437852046553
2016-10-06,-0.003960022628700766
2016-10-07,-0.0009466111321468906
2016-10-11,-0.0034110289937464566
2016-10-12,-0.001521201749381973
2016-10-13,0.005332317653780283
2016-10-14,-0.010608069710172363
2016-10-17,0.004403599463909558
2016-10-18,0.0020968356843309444
2016-10-19,-0.0003804451207912729
2016-10-20,0.002664129400570925
2016-10-21,0.0009489466691972037
2016-10-24,-0.0030337504740235444
2016-10-25,0.0022822365918599985
2016-10-26,-0.004554079696394653
2016-10-27,-0.009149828440716767
2016-10-28,-0.0015390534821084767
2016-10-31,0.0032755298651252485
2016-11-01,0.0021125408104474275
2016-11-02,0.001149865848984355
2016-11-03,-0.0032542113323124067
2016-11-04,0.003840983291722777
2016-11-07,-0.004591543906638629
2016-11-08,-0.0030751489525273623
2016-11-09,-0.03161750530171581
2016-11-10,-0.004778021102926577
2016-11-14,-0.011602320464092819
2016-11-15,-0.0008095527221210208
2016-11-16,0.004861251772331432
2016-11-17,-0.008062890546260859
2016-11-18,-0.004064214590530413
2016-11-21,0.0002040399918383784
2016-11-22,0.000407996736026206
2016-11-23,-0.0022430668841761925
2016-11-25,-0.0006131207847945852
2016-11-28,0.00572597137014319
2016-11-29,0.002846685644571023
2016-11-30,-0.009529602595296005
2016-12-01,-0.011668372569089036
2016-12-02,0.006628003314001596
2016-12-05,0.0016460905349793276
2016-12-06,-0.0030813475760065323
2016-12-07,0.005975685143210452
2016-12-08,-0.007988529291274027
2016-12-09,-0.009704728474086322
2016-12-12,0.0008340283569641116
2016-12-13,0.0014583333333333393
2016-12-14,-0.0024963594757645424
2016-12-15,0.0006256517205422973
2016-12-16,-0.00604418507711546
2016-12-19,0.008597190186621972
2016-12-20,-0.0029106029106028553
2016-12-22,-0.007089241034195171
2016-12-23,0.002099958000840063
2016-12-27,-0.0037720033528918506
2016-12-28,0.007782919646613484
2016-12-29,0.0012523481527864089
2016-12-30,0.00500312695434646
2017-01-03,-0.000622277535780924
2017-01-04,0.0008302200083021294
2017-01-05,0.012028204064703507
2017-01-06,-0.004713114754098413
2017-01-09,0.0061766522544781655
2017-01-10,-0.0012277470841006721
2017-01-11,0.0018438844499077955
2017-01-12,-0.001431492842535742
2017-01-13,-0.002047921359819793
2017-01-17,0.006772009029345272
2017-01-18,-0.008357113738279631
2017-01-19,-0.006372045220966127
2017-01-20,-0.0018618121638395158
2017-01-23,0.008082901554404165
2017-01-24,-0.009251644736842146
2017-01-25,-0.00747042954969912
2017-01-26,0.0020907380305248413
2017-01-27,0.003964114333402824
2017-01-30,-0.0008312551953449931
2017-01-31,0.003951747088186464
2017-02-01,-0.0026931841723637495
2017-02-02,0.0008309098462817577
2017-02-03,-0.0035284350352843274
2017-02-06,0.009997917100603937
2017-02-07,0.004330789853578043
2017-02-08,0.007186858316221789
2017-02-09,-0.007135575942915362
2017-02-10,-0.0018480492813142124
2017-02-13,-0.0034972227936638234
2017-02-14,-0.0049545829892650994
2017-02-15,-0.004564315352697079
2017-02-16,0.005835764902042628
2017-02-17,0.0029009531703274583
2017-02-21,0.0004132231404958553
2017-02-22,0.00041305245766221077
2017-02-23,0.0028901734104045396
2017-02-24,0.009263071222725294
2017-02-27,-0.003875178462166007
2017-02-28,0.0020475020475021477
2017-03-01,-0.014711892112791225
2017-03-02,-0.0022812111157196613
2017-03-03,0.0010392849719393915
2017-03-06,-0.001245847176079784
2017-03-07,-0.0014553014553014831
2017-03-08,-0.006246096189881367
2017-03-09,-0.007332914309658545
2017-03-10,0.0
2017-03-13,-0.0029548332629801832
2017-03-14,0.003386960203217715
2017-03-15,0.010126582278481067
2017-03-16,-0.0025062656641604564
2017-03-17,0.003350083752093891
2017-03-20,0.0039649415692821766
2017-03-21,0.006235709831635905
2017-03-22,0.0045445155959511485
2017-03-23,-0.009459181575159348
2017-03-24,0.0037367656217561773
2017-03-27,0.0024819027921405556
2017-03-28,-0.00453889003507324
2017-03-29,0.002901554404145079
2017-03-30,-0.004546393883033684
2017-03-31,0.0020759809009756047
2017-04-03,0.006007872384503843
2017-04-04,-0.0006177924217463104
2017-04-05,-0.0010302905419328212
2017-04-06,0.0014438943894390377
2017-04-07,-0.0014418125643665958
2017-04-10,0.0018564356435644136
2017-04-11,0.007823759522338936
2017-04-12,0.00020429009193057013
2017-04-13,0.006535947712418277
2017-04-17,-0.0034496753246753276
2017-04-18,0.010995723885155684
2017-04-19,-0.002618328298086614
2017-04-20,-0.0038368336025847993
2017-04-21,0.0
2017-04-24,-0.004662477194405046
2017-04-25,-0.006720977596741395
2017-04-26,0.0016403526758252962
2017-04-27,0.0004094165813715023
2017-04-28,0.0016369961121343035
2017-05-01,-0.006332992849846786
2017-05-02,0.004934210526315708
2017-05-03,0.00040916530278223284
2017-05-04,-0.007157464212678932
2017-05-05,0.0006179196704427792
2017-05-08,-0.0032935364347468354
2017-05-09,-0.0037174721189591198
2017-05-10,-0.0014510779436152088
2017-05-11,0.0006227942702927702
2017-05-12,0.0053941908713692754
2017-05-15,-0.0010317787866281902
2017-05-16,0.0020656889072505624
2017-05-17,0.01443001443001446
2017-05-18,0.00020321072952644847
2017-05-19,0.00020316944331577602
2017-05-22,-0.0004062563477554848
2017-05-23,-0.003251371672424286
2017-05-24,0.0016309887869521145
2017-05-25,0.0020354162426217126
2017-05-26,0.0004062563477553738
2017-05-30,0.004467005076142172
2017-05-31,0.0034364261168384758
2017-06-01,-0.0018130539887187824
2017-06-02,0.008476286579212955
2017-06-05,-0.003201921152691578
2017-06-06,0.004015257980325204
2017-06-07,-0.0027994401119776358
2017-06-08,-0.0018046921997192378
2017-06-09,-0.0002008838891121023
2017-06-12,-0.0016073940124573527
2017-06-13,0.00020124773596297274
2017-06-14,0.010261569416498917
2017-06-15,-0.0011949810794662508
2017-06-16,0.0009970089730808596
2017-06-19,-0.0013944223107569265
2017-06-20,0.0061839218033112875
2017-06-21,-0.00019825535289452745
2017-06-22,-0.00713860797144561
2017-06-23,0.0009986019572598703
2017-06-26,0.0017956903431763926
2017-06-27,-0.007767377016530519
2017-06-28,-0.00441589723002811
2017-06-29,-0.004838709677419395
2017-06-30,-0.003646677471636939
2017-07-03,-0.004066693777958541
2017-07-05,0.0018374846876276774
2017-07-06,-0.006928877114326437
2017-07-07,-0.004104247896572932
2017-07-10,0.002266639192252118
2017-07-11,0.0004111842105263275
2017-07-12,0.004726674886970761
2017-07-13,-0.0038862753119247584
2017-07-14,0.002874743326488627
2017-07-17,0.0016380016380015405
2017-07-18,0.006336876533115321
2017-07-19,0.0006093845216330607
2017-07-20,0.0008120178643931109
2017-07-21,0.0046653144016226555
2017-07-24,-0.003432263274782965
2017-07-25,-0.010534846029173428
2017-07-26,0.0034807534807534957
2017-07-27,-0.0036727198530912553
2017-07-28,0.0038910505836575737
2017-07-31,-0.001427988576091388
2017-08-01,0.006945863125638496
2017-08-02,0.00121728545343891
2017-08-03,0.005065856129685908
2017-08-04,-0.0058467741935483986
2017-08-07,0.0014195903467857374
2017-08-08,-0.003847711624139327
2017-08-09,0.006505387273836094
2017-08-10,0.004039587962027857
2017-08-11,0.0008046670690002866
2017-08-14,-0.0020100502512563345
2017-08-15,-0.004833836858006091
2017-08-16,0.004250151791135304
2017-08-17,0.00403063280935112
2017-08-18,0.0010036130068244997
2017-08-21,0.0020052135552435235
2017-08-22,-0.003602161296778039
2017-08-23,0.005824462743522885
2017-08-24,-0.0025958466453673834
2017-08-25,0.002802802802802873
2017-08-28,0.0013974845278499348
2017-08-29,0.0011961722488038617
2017-08-30,-0.00019912385503784158
2017-08-31,0.002987452698665516
2017-09-01,-0.005758538522636969
2017-09-05,0.011583782704214007
2017-09-06,-0.00414610069101673
2017-09-07,0.006542426645519406
2017-09-08,-0.0005909001378766598
2017-09-11,-0.00808040993299175
2017-09-12,-0.004768527717067372
2017-09-13,-0.0027949690556997586
2017-09-14,0.0010010010010010895
2017-09-15,0.00039999999999995595
2017-09-18,-0.004398240703718526
2017-09-19,-0.0014056224899597902
2017-09-20,-0.00040217172732759376
2017-09-21,-0.009454838060752313
2017-09-22,0.0014216084484159897
2017-09-25,0.005272764145203723
2017-09-26,-0.0008069396812587781
2017-09-27,-0.0119119725418938
2017-09-28,-0.0010216591744993675
2017-09-29,0.00020454080589082935
2017-10-02,-0.0008179959100204082
2017-10-03,-0.00040933278755628244
2017-10-04,-0.00040950040950038513
2017-10-05,-0.002048340843916474
2017-10-06,-0.002257799671592786
2017-10-09,0.0012343139271755454
2017-10-10,0.002671049928087088
2017-10-11,0.0004098360655737654
2017-10-12,0.003482179434658006
2017-10-13,0.005919575423555923
2017-10-16,-0.0018262987012986898
2017-10-17,0.0022362268753812753
2017-10-18,-0.006693711967545646
2017-10-19,0.0032673065141923807
2017-10-20,-0.00875228984327292
2017-10-23,0.0010266940451746365
2017-10-24,-0.004307692307692346
2017-10-25,-0.005150391429748713
2017-10-26,-0.001242493269828171
2017-10-27,0.0031100974497200173
2017-10-30,0.00785448532451416
2017-10-31,0.0006152584085314938
2017-11-01,0.001844640295142419
2017-11-02,0.004705400981996677
2017-11-03,0.0012217470983506562
2017-11-06,0.0036607687614398365
2017-11-07,0.003039513677811634
2017-11-08,-0.0022222222222222365
2017-11-09,-0.0030370520348248498
2017-11-10,-0.010154346060113784
2017-11-13,0.0006155108740253379
2017-11-14,0.0030756612671725136
2017-11-15,0.007358953393295176
2017-11-16,-0.0028409090909090606
2017-11-17,0.0014245014245013454
2017-11-20,-0.000812842918106127
2017-11-21,0.002847264592231058
2017-11-22,0.0026363820726018616
2017-11-24,-0.0016181229773463146
2017-11-27,0.000607779578606138
2017-11-28,-0.00040494027130999477
2017-11-29,-0.006279116872594748
2017-11-30,-0.0030574806359560114
2017-12-01,0.01001840114496022
2017-12-04,-0.0016194331983805377
2017-12-05,0.0044606650446066265
2017-12-06,0.002220427937020597
2017-12-07,-0.0076535750251762735
2017-12-08,0.00020296326364932504
2017-12-11,0.0010146103896104819
2017-12-12,-0.002432596797080855
2017-12-13,0.00670595407437502
2017-12-14,0.002624142107388039
2017-12-15,0.0010066438494060748
2017-12-18,-0.007039420756234871
2017-12-19,-0.011342920802106526
2017-12-20,-0.01290719114935468
2017-12-21,0.004151100041511091
2017-12-22,-0.0012401818933444053
2017-12-26,0.004139072847682224
2017-12-27,0.008656224237427956
2017-12-28,-0.0014303228442991145
2017-12-29,0.0018416206261511192
2018-01-02,-0.008169934640522847
2018-01-03,0.0037067545304778626
2018-01-04,0.0
2018-01-05,-0.003282724661469061
2018-01-08,-0.00061753808151499
2018-01-09,-0.009886714727085466
2018-01-10,-0.0010401497815685223
2018-01-11,0.002498958767180426
2018-01-12,0.0004154549231407678
2018-01-16,0.0020764119601328623
2018-01-17,-0.0033153750518026825
2018-01-18,-0.0058212058212058215
2018-01-19,-0.0029276453366792188
2018-01-22,-0.002097315436241587
2018-01-23,0.003572929802438063
2018-01-24,-0.005026178010471227
2018-01-25,0.006314460113660214
2018-01-26,-0.004392386530014614
2018-01-29,-0.004201680672268893
2018-01-30,-0.005063291139240533
2018-01-31,0.002968617472434376
2018-02-01,-0.008456659619450302
2018-02-02,-0.012153518123667384
2018-02-05,0.006259443125404607
2018-02-06,0.002359502359502441
2018-02-07,-0.009629788144660867
2018-02-08,-0.0036732929991356578
2018-02-09,0.00043374539145513147
2018-02-12,0.001734229351831873
2018-02-13,0.00108201687946341
2018-02-14,-0.008214440121054878
2018-02-15,0.0043591979075849885
2018-02-16,0.001519097222222321
2018-02-20,-0.002383531960996721
2018-02-21,-0.00825369244135532
2018-02-22,0.0030661410424879243
2018-02-23,0.0065502183406114245
2018-02-26,0.0010845986984815426
2018-02-27,-0.004550379198266508
2018-02-28,0.006094906399651823
2018-03-01,0.006274340112505383
2018-03-02,-0.006235218232638173
2018-03-05,-0.002163565556036362
2018-03-06,0.0019514310494361808
2018-03-07,-0.001947630383034027
2018-03-08,0.0032523850823937828
2018-03-09,-0.00302571860816947
2018-03-12,0.004118794710600504
2018-03-13,0.0028065630397235974
2018-03-14,0.0049515608180839
2018-03-15,-0.00042844901456728923
2018-03-16,-0.002571795970852997
2018-03-19,0.0006446067898582264
2018-03-20,-0.004938801803736292
2018-03-21,-0.009063444108761365
2018-03-22,0.008710801393728262
2018-03-23,-0.00021588946459416558
2018-03-26,0.0
2018-03-27,0.0062621464046641595
2018-03-28,0.0017167381974247942
2018-03-29,0.005141388174807249
2018-04-02,0.0008525149190110604
2018-04-03,-0.005962521294718859
2018-04-04,-0.0010711225364181676
2018-04-05,-0.005575809564657974
2018-04-06,0.007763640284666806
2018-04-09,0.00021399529210364143
2018-04-10,-0.0008557980316645786
2018-04-11,0.0012847965738758127
2018-04-12,-0.0051325919589392255
2018-04-13,0.00021496130696485594
2018-04-16,0.00042983021706421987
2018-04-17,0.0038668098818475105
2018-04-18,-0.007489835223625119
2018-04-19,-0.007977576541612796
2018-04-20,-0.004781569224081683
2018-04-23,-0.0008735531775496685
2018-04-24,-0.0030601092896175297
2018-04-25,-0.005481254110940581
2018-04-26,0.0044091710758378255
2018-04-27,0.006145741878841093
2018-04-30,0.004144851657940762
2018-05-01,-0.004779491635889643
2018-05-02,0.0006548788474132206
2018-05-03,0.0021815008726002727
2018-05-04,0.0006530256856769334
2018-05-07,-0.0006525995214270441
2018-05-08,-0.0013060513713539779
2018-05-09,-0.0050130775937227146
2018-05-10,0.00372398685651687
2018-05-11,-0.0004364906154518122
2018-05-14,-0.0026200873362445254
2018-05-15,-0.011821366024518443
2018-05-16,-0.0008861320336730483
2018-05-17,-0.0035476718403547602
2018-05-18,0.005340453938584844
2018-05-21,0.0006640106241699861
2018-05-22,-0.00022119000221187957
2018-05-23,0.006858407079646023
2018-05-24,0.0039551746868820015
2018-05-25,0.006347121908513831
2018-05-29,0.017833840800348
2018-05-30,-0.005555555555555536
2018-05-31,0.0038676407391491363
2018-06-01,-0.008133561643835607
2018-06-04,-0.004747518342684498
2018-06-05,0.001300954032957602
2018-06-06,-0.007362494586401036
2018-06-07,0.00610820244328103
2018-06-08,-0.000650477016478801
2018-06-11,-0.0026036016489476843
2018-06-12,0.0006525995214270441
2018-06-13,-0.0021739130434782483
2018-06-14,0.004793028322439996
2018-06-15,0.002601908065914982
2018-06-18,-0.000648788927335664
2018-06-19,0.003678857390175372
2018-06-20,-0.003018542475204833
2018-06-21,-0.003676470588235281
2018-06-22,0.0
2018-06-25,0.002604731929672255
2018-06-26,-0.0006494912318684154
2018-06-27,0.007149046793760938
2018-06-28,-0.002151000215100063
2018-06-29,0.0002155636990730514
2018-07-02,-0.0017241379310344307
2018-07-03,0.004101899827288369
2018-07-05,0.0010750376263168882
2018-07-06,0.0010738831615120237
2018-07-09,-0.0036472859901308663
2018-07-10,-0.0008613264427217437
2018-07-11,0.003232758620689724
2018-07-12,-0.0012889366272824665
2018-07-13,0.0027963002796300707
2018-07-16,-0.0038610038610038533
2018-07-17,-0.0006459948320413078
2018-07-18,-0.0021547080370609706
2018-07-19,0.0038868494925501373
2018-07-20,-0.007528500752850054
2018-07-23,-0.009536194191590797
2018-07-24,0.0026258205689277947
2018-07-25,0.0015277171540812873
2018-07-26,-0.005011985181956891
2018-07-27,0.001752080595707417
2018-07-30,-0.0021862702229995534
2018-07-31,0.002410166520596002
2018-08-01,-0.0052459016393442415
2018-08-02,0.001538123489343013
2018-08-03,0.00372970601140854
2018-08-06,0.0019672131147541183
2018-08-07,-0.0045811518324607725
2018-08-08,0.0002191540653078139
2018-08-09,0.004601226993865115
2018-08-10,0.009596510359869193
2018-08-13,-0.002376323179952511
2018-08-14,-0.0019488956258120194
2018-08-15,0.004990236493816358
2018-08-16,-0.001511226252158937
2018-08-17,0.0
2018-08-20,0.00648648648648642
2018-08-21,-0.002363050483351281
2018-08-22,0.0023686477174849063
2018-08-23,0.0012889366272825775
2018-08-24,-0.0004290924694271281
2018-08-27,-0.00321957501609782
2018-08-28,-0.004737295434969813
2018-08-29,0.00108178277801807
2018-08-30,0.002593473092716625
2018-08-31,0.0
2018-09-04,-0.007544729467557687
2018-09-05,0.0
2018-09-06,0.0034752389226759828
2018-09-07,-0.0071428571428571175
2018-09-10,0.0010900370612600963
2018-09-11,-0.005226480836236891
2018-09-12,0.002189141856392185
2018-09-13,0.000655307994757548
2018-09-14,-0.004365858982754878
2018-09-17,-0.0008770006577505374
2018-09-18,-0.007022163704191398
2018-09-19,-0.0024309392265193797
2018-09-20,-0.005759858218874592
2018-09-21,0.0006684491978610207
2018-09-24,-0.0006680026720107257
2018-09-25,-0.0033422459893047707
2018-09-26,0.005365526492287165
2018-09-27,0.0008894818768068191
2018-09-28,-0.0011108642523883772
2018-10-01,-0.0037811387900356097
2018-10-02,0.003795490064746554
2018-10-03,-0.014234875444839812
2018-10-04,-0.004287003610108253
2018-10-05,-0.004532064355313836
2018-10-08,-0.0018210789893011725
2018-10-09,0.005017103762827713
2018-10-10,-0.003403675970047648
2018-10-11,0.011612021857923427
2018-10-12,-0.0009002925950933882
2018-10-15,-0.0031538634827663614
2018-10-16,0.0015819209039547033
2018-10-17,-0.00248194945848379
2018-10-18,-0.00022619316896632657
2018-10-19,-0.002941176470588225
2018-10-22,0.000680735194009463
2018-10-23,0.0027210884353741083
2018-10-24,0.004296698326549109
2018-10-25,-0.0004503490204909033
2018-10-26,0.005181347150259086
2018-10-29,-0.0006723442402509772
2018-10-30,-0.0031397174254317317
2018-10-31,-0.0056242969628796935
2018-11-01,0.002262443438914019
2018-11-02,-0.009255079006772027
2018-11-05,0.002961950330371277
2018-11-06,-0.0009086778736937529
2018-11-07,-0.00045475216007273556
2018-11-08,-0.0013648771610554888
2018-11-09,0.005239179954442008
2018-11-12,0.004078857919782353
2018-11-13,0.0009027307605506962
2018-11-14,0.0020293122886132497
2018-11-15,-0.0006750675067507261
2018-11-16,0.005629362756135903
2018-11-19,0.0015673981191222097
2018-11-20,0.0017885088307623143
2018-11-21,-0.0008926578888640568
2018-11-23,0.000670091579182408
2018-11-26,-0.0015625000000000222
2018-11-27,0.0008942544153811571
2018-11-28,0.00022336385972754336
2018-11-29,0.0013398838767306742
2018-11-30,0.002899197145405985
2018-12-03,0.0044474093840338735
2018-12-04,0.011512065530219218
2018-12-06,0.00700372072663602
2018-12-07,0.0010867202782003371
2018-12-10,0.0008684324793746256
2018-12-11,-0.0019522776572667988
2018-12-12,-0.003477504890241234
2018-12-13,-0.0017448200654307522
2018-12-14,0.001747869783701006
2018-12-17,0.0034896401308615044
2018-12-18,0.004781569224081794
2018-12-19,0.00302833657797974
2018-12-20,-0.0006469700237222709
2018-12-21,0.0
2018-12-24,0.004315925766076756
2018-12-26,-0.004727116458960068
2018-12-27,0.00539723661485314
2018-12-28,0.0
2018-12-31,0.0032209576980888333
2019-01-02,0.005136986301369939
2019-01-03,0.012989778534923335
2019-01-04,-0.011982341812066477
2019-01-07,-0.002553191489361728
2019-01-08,-0.003199658703071706
2019-01-09,-0.0032099293815536223
2019-01-10,-0.0019321597252039968
2019-01-11,0.003226500322649928
2019-01-14,-0.002358490566037763
2019-01-15,0.0
2019-01-16,-0.0015044057597248806
2019-01-17,-0.0010761945759792946
2019-01-18,-0.003447532859297553
2019-01-22,0.0060540540540541254
2019-01-23,-0.003008811519449872
2019-01-24,0.005604656175900002
2019-01-25,-0.004715969989281921
2019-01-28,0.0
2019-01-29,0.003876803790652694
2019-01-30,0.00021454623471361955
2019-01-31,0.0068640068640069
2019-02-01,-0.005112910097997414
2019-02-04,-0.00471092077087798
2019-02-05,0.003012048192771122
2019-02-06,-0.00021450021450020174
2019-02-07,0.005792748337266618
2019-02-08,0.0025597269624573205
2019-02-11,-0.0034042553191488967
2019-02-12,-0.0027754056362083723
2019-02-13,-0.0014986084350245843
2019-02-14,0.005145797598627766
2019-02-15,0.0004266211604095904
2019-02-19,0.001918976545842277
2019-02-20,-0.0017024898914662634
2019-02-21,-0.005542528245576661
2019-02-22,0.004287245444801746
2019-02-25,-0.0019210245464247322
2019-02-26,0.0047048759623609104
2019-02-27,-0.008514261387824629
2019-02-28,-0.003005581794761736
2019-03-01,-0.004521963824289377
2019-03-04,0.004109885355829457
2019-03-05,0.00021542438604060798
2019-03-06,0.003230669825543764
2019-03-07,0.006225848003434953
2019-03-08,0.0012801365478984916
2019-03-11,-0.002343916471340246
2019-03-12,0.0053395984621955606
2019-03-13,-0.0019120458891013214
2019-03-14,-0.004257130693912314
2019-03-15,0.004702864471996637
2019-03-18,-0.0006382978723403765
2019-03-19,-0.002129018522461168
2019-03-20,0.0029869852784296658
2019-03-21,0.0014890448840672033
2019-03-22,0.009558198810535323
2019-03-25,0.0031559015358719744
2019-03-26,0.0006291946308725205
2019-03-27,0.006497589603856602
2019-03-28,-0.00020824656393170216
2019-03-29,-0.0024994792751510397
2019-04-01,-0.009605345583629132
2019-04-02,0.0006325110689437974
2019-04-03,-0.0054782975136957734
2019-04-04,0.0012711864406780293
2019-04-05,0.0016927634363097521
2019-04-08,-0.0021123785382340943
2019-04-09,0.002540220152413175
2019-04-10,0.0014780405405405705
2019-04-11,-0.0033733923676997346
2019-04-12,-0.0055003173259995375
2019-04-15,0.0010636034886193357
2019-04-16,-0.004887377815554594
2019-04-17,-0.00021353833013026957
2019-04-18,0.0036309269542931233
2019-04-22,-0.004256224728665714
2019-04-23,0.0019234879247702619
2019-04-24,0.0057593856655289155
2019-04-25,-0.0012725344644750614
2019-04-26,0.0029730303673816127
2019-04-29,-0.004234596654668632
2019-04-30,0.003402083776312903
2019-05-01,0.0008476372112735664
2019-05-02,-0.004446326487402064
2019-05-03,0.002977456401531242
2019-05-06,0.002968617472434376
2019-05-07,0.00634249471458781
2019-05-08,-0.0035714285714285587
2019-05-09,0.003162555344718543
2019-05-10,-0.00021017234131992524
2019-05-13,0.00546562959848651
2019-05-14,-0.0018816642274722684
2019-05-15,0.004608294930875667
2019-05-16,-0.0029190992493745016
2019-05-17,0.0016729401923880616
2019-05-20,-0.0020876826722338038
2019-05-21,-0.001255230125522977
2019-05-22,0.00356095517385846
2019-05-23,0.011479858067209303
2019-05-24,-0.0030953363598844597
2019-05-28,0.007037880356034032
2019-05-29,0.004727646454265155
2019-05-30,0.0020458265139116083
2019-05-31,0.00857492854226205
2019-06-03,0.005668016194331882
2019-06-04,-0.005837359098228689
2019-06-05,-0.0018222312208948654
2019-06-06,0.0008113590263691961
2019-06-07,0.006485610052695545
2019-06-10,-0.006846556584776509
2019-06-11,0.0008110300081103361
2019-06-12,0.0
2019-06-13,0.004254457050243188
2019-06-14,0.0004034698406294446
2019-06-17,0.001814882032667775
2019-06-18,0.0024154589371980784
2019-06-19,-0.004016064257028162
2019-06-20,0.00463709677419355
2019-06-21,-0.007224563515954241
2019-06-24,0.005255710531635316
2019-06-25,0.003217373818620528
2019-06-26,-0.006013229104028905
2019-06-27,0.00483968542044777
2019-06-28,-0.0008027292795504959
2019-07-01,-0.0038160273147218593
2019-07-02,0.007056451612903247
2019-07-03,0.003603603603603567
2019-07-05,-0.010771992818671472
2019-07-08,0.00282314982859444
2019-07-09,-0.002010858636637858
2019-07-10,-0.0028208744710860323
2019-07-11,-0.0072741968074357954
2019-07-12,0.0012212497455730276
2019-07-15,0.0022362268753812753
2019-07-16,-0.0028397565922920753
2019-07-17,0.007323026851098424
2019-07-18,0.0014135702746365109
2019-07-19,-0.00141157491429722
2019-07-22,0.0012116316639740887
2019-07-23,-0.004235578862444522
2019-07-24,0.003443386672068005
2019-07-25,-0.0032297133629390906
2019-07-26,0.00020251113811253774
2019-07-29,0.0028345818991699634
2019-07-30,-0.0010094891984655519
2019-07-31,0.006265157639450347
2019-08-01,0.013456517372966381
2019-08-02,0.005747126436781658
2019-08-05,0.013399014778325169
2019-08-06,0.0017499513902392572
2019-08-07,0.007569875776397561
2019-08-08,-0.004045463301868613
2019-08-09,-0.0017408123791102792
2019-08-12,0.0133695020344895
2019-08-13,-0.003059273422562181
2019-08-14,0.012082853855005737
2019-08-15,0.004927041879855931
2019-08-16,-0.0009428625306430183
2019-08-19,-0.007927519818799578
2019-08-20,0.004566210045662045
2019-08-21,-0.001136363636363602
2019-08-22,-0.004361016306408838
2019-08-23,0.008760236145496147
2019-08-26,-0.002643005474797011
2019-08-27,0.008517887563884052
2019-08-28,0.0024399399399399613
2019-08-29,-0.005055233102415291
2019-08-30,0.0
2019-09-03,0.003951825366955264
2019-09-04,0.00018744142455484614
2019-09-05,-0.01236881559220393
2019-09-06,0.00379506641366234
2019-09-09,-0.009262759924385633
2019-09-10,-0.009349360809005947
2019-09-11,-0.003274268104776601
2019-09-12,-0.006956521739130417
2019-09-13,-0.013815917493675833
2019-09-16,0.008484609313338609
2019-09-17,0.002739189982390977
2019-09-18,0.004292682926829272
2019-09-19,0.0023314552166311397
2019-09-20,-0.002132196162046962
2019-09-23,0.00485625485625496
2019-09-24,0.009085636961144505
2019-09-25,-0.011494252873563204
2019-09-26,0.006589147286821806
2019-09-27,0.0001925298421254773
2019-09-30,-0.00019249278152067006
2019-10-01,0.0023103581055063938
2019-10-02,0.0038417210910488553
2019-10-03,0.006697282816685801
2019-10-04,0.0036114807070899424
2019-10-07,-0.0035984848484847953
2019-10-08,0.0009503896597604644
2019-10-09,-0.006076718571971118
2019-10-10,-0.008024455483377935
2019-10-11,-0.011171032357473076
2019-10-14,0.004285157771718007
2019-10-15,-0.007370054305663287
2019-10-16,0.0021492770613520396
2019-10-17,-0.0005849093390524196
2019-10-18,0.00019508388607092364
2019-10-21,-0.0048761458942852
2019-10-22,0.003920031360250986
2019-10-23,0.00019523623584527527
2019-10-24,-0.0007807925043920028
2019-10-25,-0.003711662434069174
2019-10-28,-0.006862745098039191
2019-10-29,0.0025666337611056633
2019-10-30,0.005710909807010722
2019-10-31,0.011161151360877142
2019-11-01,-0.004647560030983766
2019-11-04,-0.007198443579766511
2019-11-05,-0.009994121105232234
2019-11-06,0.006927949326999139
2019-11-07,-0.014546884214664879
2019-11-08,-0.001595850787951325
2019-11-11,0.0005994005994005569
2019-11-12,0.0031948881789136685
2019-11-13,0.00398089171974525
2019-11-14,0.006542426645519406
2019-11-15,-0.002166633838881271
2019-11-18,0.002960915909988149
2019-11-19,0.0035426097224955377
2019-11-20,0.0060796234555795525
2019-11-21,-0.0037037037037036535
2019-11-22,0.0009782821365682537
2019-11-25,0.0011727912431587217
2019-11-26,0.003319016009371234
2019-11-27,-0.0031134461957579296
2019-11-29,-0.002147179387077869
2019-12-02,-0.009780907668231587
2019-12-03,0.01698933227973143
2019-12-04,-0.008547008547008517
2019-12-05,-0.0023510971786834256
2019-12-06,-0.0043205027494108705
2019-12-09,0.002169625246548401
2019-12-10,0.0005904349537493303
2019-12-11,0.005114083398898517
2019-12-12,-0.013307240704500956
2019-12-13,0.009321697738992496
2019-12-16,-0.008646099430143495
2019-12-17,-0.0001982160555005219
2019-12-18,-0.004956383822363186
2019-12-19,0.002191671647738591
2019-12-20,-0.005964214711729587
2019-12-23,-0.0023999999999999577
2019-12-24,0.003207698476343168
2019-12-26,0.0005995203836930418
2019-12-27,0.0027960854803275037
2019-12-30,-0.004182433778131878
2019-12-31,-0.0021999999999999797
2020-01-02,0.004409701342954486
2020-01-03,0.010776292157254064
2020-01-06,-0.0027640671273445605
2020-01-07,-0.002771728370619675
2020-01-08,-0.00655151876116733
2020-01-09,0.0027977617905674546
2020-01-10,0.005181347150259086
2020-01-13,-0.0023790642347343294
2020-01-14,0.0041732909379967875
2020-01-15,0.0037601424896100966
2020-01-16,-0.002563091482649882
2020-01-17,-0.0051393556038742405
2020-01-21,0.008344923504867818
2020-01-22,0.0013793103448276334
2020-01-23,0.0047225501770955525
2020-01-24,0.006658832745789267
2020-01-27,0.008754863813229541
2020-01-28,-0.004435872709739663
2020-01-29,0.005811700891127369
2020-01-30,0.004044684129429932
2020-01-31,0.0038365624400538145
2020-02-03,0.0015287597936173292
2020-02-04,-0.010303377218088161
2020-02-05,-0.005976479660690148
2020-02-06,0.0015515903801397446
2020-02-07,0.007552285050348662
2020-02-10,0.0034595425715933104
2020-02-11,-0.004213752154759609
2020-02-12,-0.00480861704173885
2020-02-13,0.0011596443757246888
2020-02-14,0.003281853281853264
2020-02-18,0.004618048874350578
2020-02-19,-0.0011492051331162267
2020-02-20,0.005944391179290465
2020-02-21,0.006290507052992833
2020-02-24,0.010608069710172474
2020-02-25,0.005810684161199564
2020-02-26,0.002422661200149001
2020-02-27,0.002416806097787605
2020-02-28,0.017062314540059242
2020-03-02,0.004923413566739532
2020-03-03,0.006350934494647076
2020-03-04,0.0005409304002885751
2020-03-05,0.008830419895476727
2020-03-06,0.03447659878528042
2020-03-09,0.032982213780003544
2020-03-10,-0.032096288866599765
2020-03-11,0.0043177892918826455
2020-03-12,-0.008082545141874453
2020-03-13,-0.01282940360610263
2020-03-16,0.02476290832455219
2020-03-17,-0.04027420736932308
2020-03-18,-0.032678571428571446
2020-03-19,0.020121838656082636
2020-03-20,0.026782482808541452
2020-03-23,0.013218188227000383
2020-03-24,-0.004522525656635912
2020-03-25,-0.006115673597763438
2020-03-26,0.0021097046413502962
2020-03-27,0.0052631578947368585
2020-03-30,0.009249563699825547
2020-03-31,-0.009164793359847878
2020-04-01,0.011518324607329822
2020-04-02,0.002242926155969549
2020-04-03,0.005680840075744431
2020-04-06,-0.01095515234508726
2020-04-07,-0.007442021460713044
2020-04-08,-0.005231037489102031
2020-04-09,0.0031551270815075583
2020-04-13,-0.004018871221387332
2020-04-14,-0.002456140350877156
2020-04-15,0.016180091452690837
2020-04-16,0.004672897196261738
2020-04-17,-0.008440999138673577
2020-04-20,0.004864489228630919
2020-04-21,0.008298755186721962
2020-04-22,-0.007030178326474568
2020-04-23,0.002417544465550092
2020-04-24,0.0032730404823428927
2020-04-27,-0.00789835164835162
2020-04-28,0.0070958809276566726
2020-04-29,-0.00257776250214814
2020-04-30,-0.0018952446588559324
2020-05-01,-0.0020714655618850886
2020-05-04,0.00034596090641758614
2020-05-05,-0.0024208888120352823
2020-05-06,-0.008667013347200547
2020-05-07,0.01346389228886169
2020-05-08,-0.007936507936507908
2020-05-11,-0.006608695652173924
2020-05-12,0.007352941176470562
2020-05-13,0.004692387904066786
2020-05-14,0.005362394049472474
2020-05-15,-0.0037852718513420314
2020-05-18,-0.015371329879101947
2020-05-19,0.0026311173478337224
2020-05-20,0.005598320503848786
2020-05-21,0.0005219206680584509
2020-05-22,0.002956007650843251
2020-05-26,-0.007108183079056918
2020-05-27,0.002793783830976171
2020-05-28,-0.0045272505659063045
2020-05-29,0.007521427322022101
2020-06-01,-0.00347222222222221
2020-06-02,-0.0022648083623693083
2020-06-03,-0.010302077876724325
2020-06-04,-0.008468595624558928
2020-06-05,-0.008540925266903865
2020-06-08,0.002153625269203152
2020-06-09,0.008237822349570267
2020-06-10,0.009058614564831258
2020-06-11,0.013729977116704761
2020-06-12,-0.0065983677721827005
2020-06-15,0.0006991784653032074
2020-06-16,-0.009082969432314458
2020-06-17,0.0028203772254538073
2020-06-18,0.006855334856741058
2020-06-19,0.0006983240223463749
2020-06-22,-0.010293091416608502
2020-06-23,-0.0019390093424995758
2020-06-24,0.005298481102083974
2020-06-25,0.001932536893886061
2020-06-26,0.004909696650885476
2020-06-29,-0.0003489792357355137
2020-06-30,-0.0026182579856868227
2020-07-01,-0.0024501225061253074
2020-07-02,0.0008771929824560321
2020-07-06,-0.0017528483786152238
2020-07-07,0.0057945566286214945
2020-07-08,-0.00034916201117318746
2020-07-09,0.008033531260915217
2020-07-10,-0.0031185031185031464
2020-07-13,-0.0010427528675703845
2020-07-14,0.0036534446764091566
2020-07-15,-0.0031201248049922414
2020-07-16,0.002782124847852563
2020-07-17,-0.0027744061036933942
2020-07-20,0.0015649452269170805
2020-07-21,0.0015624999999999112
2020-07-22,0.0019067429363841537
2020-07-23,0.002595155709342656
2020-07-24,0.0
2020-07-27,-0.002415875754961161
2020-07-28,0.004324511330219716
2020-07-29,-0.0008611780916293332
2020-07-30,0.005688674366488566
2020-07-31,-0.00017140898183065634
2020-08-03,-0.0037716440939482565
2020-08-04,0.006539321975563617
2020-08-05,-0.0037613267225167224
2020-08-06,0.0008580744808648344
2020-08-07,-0.0036008230452675427
2020-08-10,-0.0017208742040957237
2020-08-11,-0.011894500948112396
2020-08-12,-0.0019190509420795587
2020-08-13,-0.005418633106100357
2020-08-14,0.00017574692442878792
2020-08-17,0.0028114566859953616
2020-08-18,0.002628351147713426
2020-08-19,-0.002097168822090212
2020-08-20,0.005078809106830118
2020-08-21,0.0013939710751000867
2020-08-24,-0.0008700191404210633
2020-08-25,-0.005050505050505083
2020-08-26,-0.00210047260633639
2020-08-27,-0.0098228380985792
2020-08-28,0.0001771479185119773
2020-08-31,0.005313496280552554
2020-09-01,0.0035236081747709314
2020-09-02,0.004915730337078594
2020-09-03,0.0036687631027254586
2020-09-04,-0.013925152306353383
2020-09-08,0.005119152691968276
2020-09-09,-0.0031612223393044925
2020-09-10,0.002995066948555225
2020-09-11,0.0019321974354471472
2020-09-14,0.0005259467040672483
2020-09-15,-0.0010513404590852815
2020-09-16,-0.0012278547623223446
2020-09-17,0.0010537407797681642
2020-09-18,-0.0026315789473684292
2020-09-21,0.0035180299032542273
2020-09-22,-0.008939526730937786
2020-09-23,-0.0012380615493455815
2020-09-24,0.0028333628475296635
2020-09-25,0.0003531696980398902
2020-09-28,-0.0010591350397175514
2020-09-29,0.0021205159922248473
2020-09-30,-0.005290072297654769
2020-10-01,0.0003545470661230343
2020-10-02,-0.0024809498493708615
2020-10-05,-0.009593178184402196
2020-10-06,0.0026905829596413078
2020-10-07,-0.0059033989266547016
2020-10-08,0.0030592046068023127
2020-10-09,-0.0008970218873340929
2020-10-12,0.0019752199676781323
2020-10-13,0.00465949820788536
2020-10-14,0.001070281840884757
2020-10-15,-0.0007127583749109156
2020-10-16,-0.001961483594864477
2020-10-19,-0.0023226728604609503
2020-10-20,-0.005730659025787954
2020-10-21,-0.002341498559077837
2020-10-22,-0.004332912077992468
2020-10-23,0.001450589301903893
2020-10-26,0.005793952562013427
2020-10-27,0.002880288028802802
2020-10-28,-0.00035900197451088633
2020-10-29,-0.006823487161070174
2020-10-30,-0.002169589585970022
2020-11-02,0.0016307302047471328
2020-11-03,-0.0041606367583212345
2020-11-04,0.013987284287011903
2020-11-05,-0.000537441777140768
2020-11-06,-0.005915038537372297
2020-11-09,-0.018031013342949875
2020-11-10,-0.0011017260374587279
2020-11-11,0.0038602941176471006
2020-11-12,0.009522065555759074
2020-11-13,-0.0005441683294031829
2020-11-16,-0.0016333938294010864
2020-11-17,0.0038174877295036325
2020-11-18,-0.0001810938065918144
2020-11-19,0.00416591197246885
2020-11-20,0.004689754689754633
2020-11-23,-0.003411131059245953
2020-11-24,-0.0032426589803639105
2020-11-25,-0.00018073377914329392
2020-11-27,0.005784526391901634
2020-11-30,-0.0005391804457225424
2020-12-01,-0.012048192771084376
2020-12-02,-0.0027302511831088783
2020-12-03,0.004015331264829447
2020-12-04,-0.006726049809125612
2020-12-07,0.004758418740849146
2020-12-08,0.0030965391621129434
2020-12-09,-0.0034501543490103037
2020-12-10,0.00564868804664731
2020-12-11,0.0009059612248596416
2020-12-14,0.00018102824040555632
2020-12-15,-0.004343891402714961
2020-12-16,0.00036357025995270575
2020-12-17,-0.0014537524986371064
2020-12-18,-0.00309372156505916
2020-12-21,0.001825483753194579
2020-12-22,0.008928571428571397
2020-12-23,-0.005598699656853889
2020-12-24,0.0039956411187795915
2020-12-28,0.0
2020-12-29,-0.0005426917510853446
2020-12-30,0.0010859728506786848
2020-12-31,0.0019887904538058443
2021-01-04,-0.0009022013713461119
2021-01-05,-0.005959906086328348
2021-01-06,-0.01326308139534882
2021-01-07,-0.0029460504511139574
2021-01-08,-0.0027700831024930483
2021-01-11,-0.0024074074074074137
2021-01-12,-0.0009281603861147625
2021-01-13,0.007060572277963528
2021-01-14,-0.00682656826568262
2021-01-15,0.003529630317666621
2021-01-19,0.000925583117364015
2021-01-20,0.00018494544109493027
2021-01-21,-0.003328402366863936
2021-01-22,0.0025974025974024872
2021-01-25,0.006476683937823857
2021-01-26,-0.0005515719801434393
2021-01-27,0.0033112582781456013
2021-01-28,-0.005133846718005097
2021-01-29,-0.004976041282712895
2021-02-01,0.0016669753658085096
2021-02-02,-0.003328402366863936
2021-02-03,-0.003525046382189201
2021-02-04,-0.0022342208154906285
2021-02-05,-0.004478447471543245
2021-02-08,0.0024367385192127777
2021-02-09,0.0
2021-02-10,0.002430815258040342
2021-02-11,-0.0016787912702853625
2021-02-12,-0.0065396113602391726
2021-02-16,-0.012413014858002613
2021-02-17,0.0019043991620644185
2021-02-18,0.0005702337958564119
2021-02-19,-0.008548632218844943
2021-02-22,-0.004406974516190876
2021-02-23,-0.001347190146266386
2021-02-24,-0.003854307188282946
2021-02-25,-0.011414200038692202
2021-02-26,0.006653620352250478
2021-03-01,-0.00019440124416791882
2021-03-02,0.0017499513902392572
2021-03-03,-0.005822981366459645
2021-03-04,-0.008980866848887104
2021-03-05,0.0007880220646176994
2021-03-08,-0.0029527559055118058
2021-03-09,0.006515301085883607
2021-03-10,0.0023538642604943316
2021-03-11,-0.0015655577299412693
2021-03-12,-0.014504116032928227
2021-03-15,0.0031821797931583795
2021-03-16,-0.0015860428231562196
2021-03-17,-0.004368546465448819
2021-03-18,-0.007379337854008794
2021-03-19,0.0004018485031143104
2021-03-22,0.00803374171520388
2021-03-23,-0.004383343295477182
2021-03-24,0.0038022813688212143
2021-03-25,-0.0003987240829346206
2021-03-26,-0.004587155963302725
2021-03-29,-0.007613704668403165
2021-03-30,0.0016151827175450162
2021-03-31,-0.0028220116911913395
2021-04-01,0.010511421063270632
2021-04-05,-0.004000800160032014
2021-04-06,0.006025306286402854
2021-04-07,-0.0009982032341784297
2021-04-08,0.002597921662669922
2021-04-09,-0.0017939007374925264
2021-04-12,-0.0013977635782748132
2021-04-13,0.0055988802239552715
2021-04-14,-0.001789620202823583
2021-04-15,0.013545816733067761
2021-04-16,-0.0062893081761006275
2021-04-19,-0.0031645569620253333
2021-04-20,0.004166666666666652
2021-04-21,-0.00019758940920766577
2021-04-22,0.0019762845849802257
2021-04-23,-0.0009861932938856066
2021-04-26,0.000987166831194486
2021-04-27,-0.0063116370808679045
2021-04-28,0.0003969829297341132
2021-04-29,-0.001984126984126977
2021-04-30,0.00039761431411533543
2021-05-03,0.0023847376788552754
2021-05-04,0.0023790642347343294
2021-05-05,0.0007911392405062223
2021-05-06,0.003162055335968361
2021-05-07,-0.004137115839243477
2021-05-10,-0.002769535113748778
2021-05-11,-0.003769093433842463
2021-05-12,-0.008562325766626855
2021-05-13,0.0038160273147218593
2021-05-14,0.00400160064025612
2021-05-17,-0.00019928258270229815
2021-05-18,-0.0005979669124974718
2021-05-19,-0.00398883127243721
2021-05-20,0.006007208650380402
2021-05-21,0.0015923566878981443
2021-05-24,0.002782193958664525
2021-05-25,0.005747126436781658
2021-05-26,-0.00039408866995072067
2021-05-27,-0.004730928444707239
2021-05-28,0.002178649237472685
2021-06-01,-0.0025691699604742935
2021-06-02,0.002377650089161909
2021-06-03,-0.0027673453251630953
2021-06-04,0.008919722497522375
2021-06-07,-0.001571709233791796
2021-06-08,0.004919323101141293
2021-06-09,0.0048952418249461616
2021-06-10,0.003312548713951591
2021-06-11,-0.0005826374053213845
2021-06-14,-0.003886513797124014
2021-06-15,-0.0003901677721420693
2021-06-16,-0.004488680718188864
2021-06-17,0.011958439521662312
2021-06-18,0.007555211158465802
2021-06-21,-0.005575850797923443
2021-06-22,-0.01044083526682138
2021-06-23,-0.0009769441187964523
2021-06-24,0.0009778994719342737
2021-06-25,-0.007424775302852682
2021-06-28,0.008267716535433012
2021-06-29,0.00019523623584527527
2021-06-30,0.00409916064805782
2021-07-01,-0.003499222395023316
2021-07-02,0.004486929379633242
2021-07-06,0.007380073800737907
2021-07-07,0.0073260073260073
2021-07-08,0.004019138755980922
2021-07-09,-0.008006099885627171
2021-07-12,-0.000768639508070712
2021-07-13,-0.006538461538461493
2021-07-14,0.007162214479287554
2021-07-15,0.008072266000384465
2021-07-16,-0.0005719733079122546
2021-07-19,0.014307516215185112
2021-07-20,-0.004513823584728183
2021-07-21,-0.008312866049499323
2021-07-22,0.0028576871785102043
2021-07-23,-0.002849544072948351
2021-07-26,0.0005715374357020409
2021-07-27,0.005331302361005319
2021-07-28,-0.0037878787878787845
2021-07-29,-0.0013307984790874583
2021-07-30,0.0034266133637921303
2021-08-02,0.007778410168848504
2021-08-03,0.0
2021-08-04,0.0011295180722892262
2021-08-05,-0.0030086498683715712
2021-08-06,-0.00905318747642403
2021-08-09,-0.0030452988199467512
2021-08-10,-0.00286368843069873
2021-08-11,-0.0011487650775416913
2021-08-12,-0.0007667241709794492
2021-08-13,0.009207749856128933
2021-08-16,0.0043717924348982695
2021-08-17,0.0
2021-08-18,-0.00037850113550341735
2021-08-19,0.004543733434305253
2021-08-20,-0.00037693177534869893
2021-08-23,0.00037707390648566985
2021-08-24,-0.004711647191858237
2021-08-25,-0.0066275326642680765
2021-08-26,0.0007624857033929899
2021-08-27,0.002666666666666595
2021-08-30,0.0032294832826746944
2021-08-31,-0.0030297292179511937
2021-09-01,0.001519468186134798
2021-09-02,0.0011378721790251678
2021-09-03,-0.0030308770600492307
2021-09-07,-0.006080182405472145
2021-09-08,0.0042056968074937195
2021-09-09,0.005901389682086533
2021-09-10,-0.005109765329295968
2021-09-13,0.0026631158455392434
2021-09-14,0.007019540884082742
2021-09-15,-0.0028259231348907177
2021-09-16,-0.0026450028339316534
2021-09-17,-0.004925175222580069
2021-09-20,0.007805063773081988
2021-09-21,-0.0003777861730260845
2021-09-22,-0.009826152683295564
2021-09-23,-0.009732824427480913
2021-09-24,-0.007323183657737542
2021-09-27,-0.0017472335468841083
2021-09-28,-0.008556981719175405
2021-09-29,-0.0013730874852883046
2021-09-30,0.0007857002553526282
2021-10-01,0.007065750736015675
2021-10-04,-0.0013642564802183177
2021-10-05,-0.006049960967993706
2021-10-06,0.0019634792852936123
2021-10-07,-0.0064667842445620405
2021-10-08,-0.004339250493096691
2021-10-11,-0.0017828843106180159
2021-10-12,0.0069458225838459065
2021-10-13,0.006897910918407524
2021-10-14,0.002740262282246997
2021-10-15,-0.004489556900253766
2021-10-18,0.0011764705882353343
2021-10-19,-0.008029768899334155
2021-10-20,-0.000987166831194486
2021-10-21,-0.002371541501976271
2021-10-22,0.0033676703645006967
2021-10-25,0.0015794669299111774
2021-10-26,0.00275970825941263
2021-10-27,0.01258108905052091
2021-10-28,-0.0029120559114734768
2021-10-29,0.0021417445482865283
2021-11-01,-0.002914319020788758
2021-11-02,0.002533125487139465
2021-11-03,-0.0019436345966957758
2021-11-04,0.004284323271664947
2021-11-05,0.010665115377157308
2021-11-08,-0.0036454336147352384
2021-11-09,0.008858078182168327
2021-11-10,-0.009734682191257837
2021-11-11,-0.0021202775636083304
2021-11-12,-0.0025111068186207675
2021-11-15,-0.006971340046475594
2021-11-16,-0.0015600624024960652
2021-11-17,0.0027343749999999556
2021-11-18,0.003116478379431298
2021-11-19,0.005436893203883519
2021-11-22,-0.009269988412514474
2021-11-23,-0.005847953216374324
2021-11-24,0.0039215686274509665
2021-11-25,0.0013671875000000888
2021-11-26,0.016578896040569502
2021-11-29,-0.005372217958557135
2021-11-30,0.01041666666666674
2021-12-01,0.00152730049637273
2021-12-02,-0.00019062142584824748
2021-12-03,0.011058150619637663
2021-12-06,-0.009805770318687568
2021-12-07,-0.003808798324128726
2021-12-08,-0.0066908812846492305
2021-12-09,0.0028868360277136684
2021-12-10,0.0001919017463059003
2021-12-13,0.007099002302379143
2021-12-14,-0.0015240998285387386
2021-12-15,-0.0028620492272467546
2021-12-16,0.0022962112514350874
2021-12-17,0.002672775868652222
2021-12-20,-0.0036176694592535696
2021-12-21,-0.009745843684311084
2021-12-22,-0.0034735623311462627
2021-12-23,-0.005615801704105361
2021-12-27,0.0017526777020446804
2021-12-28,-0.0005832037325038675
2021-12-29,-0.007975102120210131
2021-12-30,0.0031372549019608176
2021-12-31,0.0035183737294761652
2022-01-03,-0.01577717179587068
2022-01-04,-0.006926578270334494
2022-01-05,-0.002789956157831841
2022-01-06,-0.0027977617905675656
2022-01-07,-0.0052104208416833275
2022-01-10,0.0014101531023367198
2022-01-11,0.003822168577750862
2022-01-12,0.0006012024048096531
2022-01-13,0.003204486280793173
2022-01-14,-0.007586344579756488
2022-01-18,-0.010661838664252632
2022-01-19,0.005693371289141824
2022-01-20,-0.0006065507480792487
2022-01-21,0.00950839571110662
2022-01-24,-0.00020040080160321772
2022-01-25,-0.004209260372820212
2022-01-26,-0.005837359098228689
2022-01-27,0.006883984612269689
2022-01-28,0.00221194450030171
2022-01-31,-0.0008025682182986049
2022-02-01,-0.002008032128514081
2022-02-02,0.004426559356136783
2022-02-03,-0.0070112179487179516
2022-02-04,-0.010691950776679393
2022-02-07,0.0016313213703098572
2022-02-08,-0.004682410423452743
2022-02-09,0.0032726528942523814
2022-02-10,-0.010601427115188633
2022-02-11,0.0065938594683701
2022-02-14,-0.005936540429887449
2022-02-15,-0.00658978583196046
2022-02-16,0.0006218905472636926
2022-02-17,0.007458048477315016
2022-02-18,0.006991568990335262
2022-02-22,-0.0004084133142739921
2022-02-23,-0.0026557711950970786
2022-02-24,-0.0008193363375665896
2022-02-25,-0.0012300123001229846
2022-02-28,0.015394088669950845
2022-03-01,0.015767131594905948
2022-03-02,-0.015721393034825892
2022-03-03,0.002224019409623912
2022-03-04,0.014928384103288339
2022-03-07,0.0025839793281654533
2022-03-08,-0.016058683584456834
2022-03-09,-0.00906709651420512
2022-03-10,-0.005693371289141935
2022-03-11,0.0022494887525561502
2022-03-14,-0.01591511936339518
2022-03-15,-0.003939456769645466
2022-03-16,0.0002081598667775797
2022-03-17,-0.0022892819979187795
2022-03-18,0.006466416353775539
2022-03-21,-0.017823834196891153
2022-03-22,-0.007596539354294163
2022-03-23,0.017435679353604128
2022-03-24,-0.0012539184952977678
2022-03-25,-0.015275162167817546
2022-03-28,0.003824904377390581
2022-03-29,0.008890770533446224
2022-03-30,0.003357112882920621
2022-03-31,0.004182350480970376
2022-04-01,-0.0016659725114535062
2022-04-04,-0.006257822277847325
2022-04-05,-0.016582703610411365
2022-04-06,-0.006616862326574213
2022-04-07,-0.008165019338203683
2022-04-08,-0.007582322357019056
2022-04-11,-0.0076402532198209805
2022-04-12,0.0026396832380113366
2022-04-13,0.005265467310223704
2022-04-14,-0.014840680925360061
2022-04-18,-0.006202924235711116
2022-04-19,-0.005127061970575109
2022-04-20,0.011203226529240329
2022-04-21,-0.006869044981165473
2022-04-22,0.000223114680945935
2022-04-25,0.010260985946910495
2022-04-26,0.006403179509825607
2022-04-27,-0.006362439666520392
2022-04-28,-0.0022079929344226423
2022-04-29,-0.0037618942243858866
2022-05-02,-0.01132829853398487
2022-05-03,0.006515389800044957
2022-05-04,0.0011160714285713969
2022-05-05,-0.02051282051282055
2022-05-06,-0.00705668108354196
2022-05-09,0.004585052728106387
2022-05-10,0.012094933820173459
2022-05-11,0.007440811724915397
2022-05-12,0.009400179051029633
2022-05-13,-0.013082039911308185
2022-05-16,0.005841383958661073
2022-05-17,-0.008934554389099847
2022-05-18,0.011945007888212844
2022-05-19,0.002004454342984463
2022-05-20,0.00844632140475654
2022-05-23,-0.010359268238924413
2022-05-24,0.01135857461024492
2022-05-25,-0.00044043162299056693
2022-05-26,-0.001101564221194118
2022-05-27,0.0017644464049404451
2022-05-31,-0.010568031704095149
2022-06-01,-0.00578549176680021
2022-06-02,0.0008952551477170445
2022-06-03,-0.00402504472271914
2022-06-06,-0.010552312528064656
2022-06-07,0.009303380984796883
2022-06-08,-0.007194244604316502
2022-06-09,0.0006793478260869179
2022-06-10,-0.010409594930979815
2022-06-13,-0.022410244683283786
2022-06-14,-0.009122807017543866
2022-06-15,0.007790368271954673
2022-06-16,0.009369875849144949
2022-06-17,0.008586679043861789
2022-06-21,-0.008973768982972863
2022-06-22,0.010215927559786397
2022-06-23,0.008273960009193226
2022-06-24,-0.0077501709596534685
2022-06-27,-0.005283712382265104
2022-06-28,-0.0011547344110854896
2022-06-29,0.013179190751445136
2022-06-30,0.012323140118667197
2022-07-01,0.005184851217312936
2022-07-05,0.01300740076250273
2022-07-06,-0.009740978525570099
2022-07-07,-0.00983679856919295
2022-07-08,-0.011289230074508882
2022-07-11,0.013701758392327124
2022-07-12,0.00450551926109477
2022-07-13,0.007176496972415292
2022-07-14,-0.005566688933422381
2022-07-15,0.0033587102552619097
2022-07-18,-0.005579111805400605
