Date,^IXIC
2012-03-30,
2012-04-02,0.00909889867947511
2012-04-03,-0.00196489499260899
2012-04-04,-0.01460702006706871
2012-04-05,0.004044833024413164
2012-04-09,-0.010848862806362658
2012-04-10,-0.01833233981046145
2012-04-11,0.008438025448339825
2012-04-12,0.012958928146513893
2012-04-13,-0.014472016493424555
2012-04-16,-0.007614633795152592
2012-04-17,0.01821046974768814
2012-04-18,-0.003736703759033122
2012-04-19,-0.007880681839688597
2012-04-20,-0.0023640782838429963
2012-04-23,-0.009998500387677911
2012-04-24,-0.0029792972987588984
2012-04-25,0.022970618217526217
2012-04-26,0.006925012434158662
2012-04-27,0.006093811760726986
2012-04-30,-0.00744162782267721
2012-05-01,0.00133924875605973
2012-05-02,0.0030848521625579384
2012-05-03,-0.011618232166129672
2012-05-04,-0.022471302397337745
2012-05-07,0.0004802972028881136
2012-05-08,-0.0038846932125793376
2012-05-09,-0.003923624962110295
2012-05-10,-0.0003646249113602451
2012-05-11,6.141714315588409e-05
2012-05-14,-0.01064822978453639
2012-05-15,-0.003038699406037626
2012-05-16,-0.006814653128309089
2012-05-17,-0.020998349652754267
2012-05-18,-0.012403606321422678
2012-05-21,0.024622199199362038
2012-05-22,-0.002855385772050023
2012-05-23,0.0038885972775346556
2012-05-24,-0.003768344467389828
2012-05-25,-0.0006514991272645876
2012-05-29,0.011791931923903265
2012-05-30,-0.01171368863245481
2012-05-31,-0.003531458521969011
2012-06-01,-0.028245667284212628
2012-06-04,0.0045605534475039455
2012-06-05,0.006557982613181634
2012-06-06,0.02397668224283045
2012-06-07,-0.00481592259096375
2012-06-08,0.00967845587622751
2012-06-11,-0.017033865819935712
2012-06-12,0.011865940187271162
2012-06-13,-0.008603361981723845
2012-06-14,0.006286776115811632
2012-06-15,0.012858154621846474
2012-06-18,0.007842533038825872
2012-06-19,0.011891539379482952
2012-06-20,0.000235494171519246
2012-06-21,-0.024351162609930754
2012-06-22,0.011657496951753998
2012-06-25,-0.01945084437433786
2012-06-26,0.006311402402928046
2012-06-27,0.007449040780207028
2012-06-28,-0.0089833748977165
2012-06-29,0.030026446447250832
2012-07-02,0.005512659536107467
2012-07-03,0.00842025115653744
2012-07-05,1.3453624045256518e-05
2012-07-06,-0.0130337612512621
2012-07-09,-0.0018928954001993237
2012-07-10,-0.010041695361547198
2012-07-11,-0.004944336884494027
2012-07-12,-0.0075450796784828356
2012-07-13,0.01475130056318985
2012-07-16,-0.003964293739669444
2012-07-17,0.0045220466841611184
2012-07-18,0.011188869622646092
2012-07-19,0.007918100969974917
2012-07-20,-0.013688881908503259
2012-07-23,-0.01201591149545711
2012-07-24,-0.009397406026362076
2012-07-25,-0.003056245404226443
2012-07-26,0.013667389532448393
2012-07-27,0.022410814098548393
2012-07-30,-0.004141185574485062
2012-07-31,-0.002145421397907743
2012-08-01,-0.006569119606414264
2012-08-02,-0.0035750653363630924
2012-08-03,0.019977483588845324
2012-08-06,0.007416021594341515
2012-08-07,0.008679256591444418
2012-08-08,-0.0015286211089599044
2012-08-09,0.0024540946710254197
2012-08-10,0.0007355017235439743
2012-08-13,0.0005494832764008084
2012-08-14,-0.0018329205519569403
2012-08-15,0.004623812972636143
2012-08-16,0.010379639796051165
2012-08-17,0.004636965184255271
2012-08-20,-0.00012355463102520226
2012-08-21,-0.0029094084231973127
2012-08-22,0.0020897843968123997
2012-08-23,-0.006594728792115978
2012-08-24,0.005367831677131063
2012-08-27,0.0011075357925092177
2012-08-28,0.0012852935377198893
2012-08-29,0.0013161731248856334
2012-08-30,-0.01054137560046886
2012-08-31,0.005986138476218983
2012-09-04,0.0026410836005090754
2012-09-05,-0.0018829027570758106
2012-09-06,0.021679434731735503
2012-09-07,0.0001944834890681424
2012-09-10,-0.010330218258650992
2012-09-11,0.00016430621014551505
2012-09-12,0.003150244708404415
2012-09-13,0.01333201214717783
2012-09-14,0.008910452195063145
2012-09-17,-0.0016583267255604328
2012-09-18,-0.00027365944506807516
2012-09-19,0.0015167940982165895
2012-09-20,-0.002092664535749078
2012-09-21,0.0012594617215575532
2012-09-24,-0.006031500986248384
2012-09-25,-0.013620071130891587
2012-09-26,-0.007707540244797584
2012-09-27,0.01386693834614583
2012-09-28,-0.006494330342819654
2012-10-01,-0.0008664158899687191
2012-10-02,0.002090877462034735
2012-10-03,0.004868508485812217
2012-10-04,0.004538735772940727
2012-10-05,-0.0042134269671109115
2012-10-08,-0.007601530581821336
2012-10-09,-0.015207183202378793
2012-10-10,-0.004319707587554289
2012-10-11,-0.0007766343461019787
2012-10-12,-0.0017379771300848335
2012-10-15,0.006593002063170372
2012-10-16,0.012071742214749603
2012-10-17,0.0009513168858275023
2012-10-18,-0.010067265060707209
2012-10-19,-0.021885077284539367
2012-10-22,0.003772879907594895
2012-10-23,-0.008783676397138951
2012-10-24,-0.002929318526263991
2012-10-25,0.0014824315283259448
2012-10-26,0.0006127797652355493
2012-10-31,-0.0035877343591115274
2012-11-01,0.014385881643666831
2012-11-02,-0.012559411086318528
2012-11-05,0.005878358752215762
2012-11-06,0.0040904702168791385
2012-11-07,-0.024781417321175225
2012-11-08,-0.014200150609169238
2012-11-09,0.00320835162967259
2012-11-12,-0.00021347501350610365
2012-11-13,-0.007010452757811869
2012-11-14,-0.012857576178550434
2012-11-15,-0.003467079638033721
2012-11-16,0.005706832622697222
2012-11-19,0.022060049185293806
2012-11-20,0.00020913876105632667
2012-11-21,0.003384024788056994
2012-11-23,0.013770497054804265
2012-11-26,0.003346961023905193
2012-11-27,-0.0030200384797993696
2012-11-28,0.008083452642746014
2012-11-29,0.006768545749253896
2012-11-30,-0.0005942965525207455
2012-12-03,-0.002670896369918352
2012-12-04,-0.0018353240474453525
2012-12-05,-0.007671794774866347
2012-12-06,0.0052359244762536505
2012-12-07,-0.0037567634892049506
2012-12-10,0.0029952323534938596
2012-12-11,0.011831456850038613
2012-12-12,-0.002809115606396184
2012-12-13,-0.00718364663447868
2012-12-14,-0.006961470842542838
2012-12-17,0.01321631003581758
2012-12-18,0.014591752546219805
2012-12-19,-0.0033294555226032196
2012-12-20,0.001980641232799618
2012-12-21,-0.009631517231283748
2012-12-24,-0.0027838080913963337
2012-12-26,-0.007448776744159669
2012-12-27,-0.0014213286663327107
2012-12-28,-0.008573551871677298
2012-12-31,0.019997888734667457
2013-01-02,0.030716904299051828
2013-01-03,-0.003756094082618233
2013-01-04,0.0003514978619969522
2013-01-07,-0.0009188156008009818
2013-01-08,-0.0022589316116963243
2013-01-09,0.004528091873265749
2013-01-10,0.005135520482890232
2013-01-11,0.0012396446346834011
2013-01-14,-0.0026010382282321
2013-01-15,-0.002155563978548547
2013-01-16,0.002173091540372596
2013-01-17,0.005921322807790119
2013-01-18,-0.00041136449697065647
2013-01-22,0.002701995019849246
2013-01-23,0.0033373813979842293
2013-01-24,-0.007385059197524746
2013-01-25,0.006174994361269892
2013-01-28,0.0014573049415822492
2013-01-29,-0.00020294097227302466
2013-01-30,-0.003598946567460848
2013-01-31,-5.733863873724765e-05
2013-02-01,0.011765972834534288
2013-02-04,-0.015076648834236428
2013-02-05,0.012905769171991155
2013-02-06,-0.0009774615743212145
2013-02-07,-0.0010573201272852106
2013-02-08,0.009080270143436264
2013-02-11,-0.0005855332618055487
2013-02-12,-0.0017261935355967761
2013-02-13,0.0032606073171317362
2013-02-14,0.0005568020576702803
2013-02-15,-0.00207270638163215
2013-02-19,0.006754340778710954
2013-02-20,-0.01530381113838064
2013-02-21,-0.010403178725052031
2013-02-22,0.00968551016276109
2013-02-25,-0.014412606465307398
2013-02-26,0.00430000877456882
2013-02-27,0.010419730142165129
2013-02-28,-0.0006546167465617536
2013-03-01,0.0030219857050348686
2013-03-04,0.0038773019554803057
2013-03-05,0.013230501638266334
2013-03-06,-0.0005458110215661449
2013-03-07,0.0030164041837654754
2013-03-08,0.003799408111451852
2013-03-11,0.002619923033740923
2013-03-12,-0.003243304665741409
2013-03-13,0.0008635942069536995
2013-03-14,0.004255563416584396
2013-03-15,-0.003025491031740657
2013-03-18,-0.0035333126793867242
2013-03-19,-0.0026223178363837807
2013-03-20,0.007769918240754015
2013-03-21,-0.009707436971656547
2013-03-22,0.0069508786895529084
2013-03-25,-0.002989199128466846
2013-03-26,0.005310150953957926
2013-03-27,0.0012421411005634209
2013-03-28,0.0033778388998153552
2013-04-01,-0.008676334800334917
2013-04-02,0.004843890850219079
2013-04-03,-0.011140266730033432
2013-04-04,0.001982191828411972
2013-04-05,-0.006548838496605258
2013-04-08,0.0057399174625396565
2013-04-09,0.004844474333734139
2013-04-10,0.018342328145058096
2013-04-11,0.0008825269874517261
2013-04-12,-0.0015786995407049975
2013-04-15,-0.02381218595129042
2013-04-16,0.014966591758184489
2013-04-17,-0.018366541718304763
2013-04-18,-0.011954371397697838
2013-04-19,0.012538040470766232
2013-04-22,0.008574384051443174
2013-04-23,0.011065246789621286
2013-04-24,9.782561292603908e-05
2013-04-25,0.0062208763929265665
2013-04-26,-0.0032614021624988165
2013-04-29,0.008465327446727455
2013-04-30,0.006582971800193738
2013-05-01,-0.008910191361409248
2013-05-02,0.012576114263082472
2013-05-03,0.011378056855204655
2013-05-06,0.00424435004365975
2013-05-07,0.0010786750666751388
2013-05-08,0.0048990138145317275
2013-05-09,-0.0012012227666691189
2013-05-10,0.008040126153326055
2013-05-13,0.0006430698215260655
2013-05-14,0.006926874885873735
2013-05-15,0.002602086139098514
2013-05-16,-0.001837795247682128
2013-05-17,0.009733807922050586
2013-05-20,-0.0007259390860074877
2013-05-21,0.00162742730674581
2013-05-22,-0.011084733550073333
2013-05-23,-0.0011203554120117198
2013-05-24,-8.09468937564839e-05
2013-05-28,0.008600403835598236
2013-05-29,-0.0061251210857455884
2013-05-30,0.006857935689752681
2013-05-31,-0.010136664343882162
2013-06-03,0.002737399214307379
2013-06-04,-0.005803162935506645
2013-06-05,-0.012707322284175926
2013-06-06,0.006635367101665235
2013-06-07,0.013191957252628228
2013-06-10,0.001311548090507264
2013-06-11,-0.010599454814899767
2013-06-12,-0.01062570594570278
2013-06-13,0.013213086781521222
2013-06-14,-0.006327364382365697
2013-06-17,0.008345062954872029
2013-06-18,0.008704785117656932
2013-06-19,-0.011194131616968028
2013-06-20,-0.022816002470902874
2013-06-21,-0.002196339820622728
2013-06-24,-0.010869011909859227
2013-06-25,0.00816978123463219
2013-06-26,0.00846206985116349
2013-06-27,0.007594332401691828
2013-06-28,0.0004085684108798837
2013-07-01,0.009179457940020619
2013-07-02,-0.00031739440025291277
2013-07-03,0.0029912098279722965
2013-07-05,0.010369739768222752
2013-07-08,0.0015664272071649332
2013-07-09,0.005575575051016246
2013-07-10,0.004708554717406166
2013-07-11,0.016343073342942827
2013-07-12,0.006086697314275691
2013-07-15,0.0020582631354228997
2013-07-16,-0.002492034699669632
2013-07-17,0.0031957760177852013
2013-07-18,0.0003545787525969235
2013-07-19,-0.006554440996814237
2013-07-22,0.003562200120300618
2013-07-23,-0.005865996094037373
2013-07-24,9.221939758630171e-05
2013-07-25,0.007148799601037759
2013-07-26,0.002210693703426969
2013-07-29,-0.0038802654386433932
2013-07-30,0.004815060998528242
2013-07-31,0.0027375165740557428
2013-08-01,0.013614129681049914
2013-08-02,0.0037679753445691855
2013-08-05,0.0009106332143176132
2013-08-06,-0.0073599512584783255
2013-08-07,-0.003208059890000614
2013-08-08,0.0041352123780427075
2013-08-09,-0.0024556322709139433
2013-08-12,0.0026884010210641573
2013-08-13,0.003948280065712684
2013-08-14,-0.0041172938401080605
2013-08-15,-0.017210481105944142
2013-08-16,-0.0009262275748124216
2013-08-19,-0.0037998271598396194
2013-08-20,0.006826242696627016
2013-08-21,-0.003818930341426885
2013-08-22,0.010811719976072887
2013-08-23,0.005243638083229918
2013-08-26,-6.013759695766563e-05
2013-08-27,-0.021612723023945568
2013-08-28,0.0041441931424328615
2013-08-29,0.0074999514212246154
2013-08-30,-0.008405361773943354
2013-09-03,0.006334488294019502
2013-09-04,0.010084102783685989
2013-09-05,0.0026691924807922263
2013-09-06,0.0003361722921031429
2013-09-09,0.012614698252684908
2013-09-10,0.006162703460680152
2013-09-11,-0.0010753521688331436
2013-09-12,-0.00242684960276629
2013-09-13,0.0016711547688650352
2013-09-16,-0.0011632521973398147
2013-09-17,0.007490848954125884
2013-09-18,0.010128932349314335
2013-09-19,0.0015170551102483554
2013-09-20,-0.003866042148531368
2013-09-23,-0.002500825610068591
2013-09-24,0.0007861176448009655
2013-09-25,-0.0018974065796457662
2013-09-26,0.007000567201277841
2013-09-27,-0.0015419014623118121
2013-09-30,-0.002673506960537475
2013-10-01,0.012329377390522644
2013-10-02,-0.0007752688470452629
2013-10-03,-0.010663097816619893
2013-10-04,0.008851855246580831
2013-10-07,-0.009814225510472063
2013-10-08,-0.020037716897413516
2013-10-09,-0.004614569132439628
2013-10-10,0.022559796954193523
2013-10-11,0.00827497631788865
2013-10-14,0.0061737114895534795
2013-10-15,-0.0055749563250721
2013-10-16,0.011971481824795127
2013-10-17,0.006177992859734083
2013-10-18,0.013235346348352772
2013-10-21,0.0014740947219062939
2013-10-22,0.002428545404438376
2013-10-23,-0.005725817229006447
2013-10-24,0.005602636296542451
2013-10-25,0.0036651293542169228
2013-10-28,-0.0008191553703896792
2013-10-29,0.0030989346649175076
2013-10-30,-0.005495471093105553
2013-10-31,-0.0027756832063960957
2013-11-01,0.0005944516681644085
2013-11-04,0.0037098164942759304
2013-11-05,0.0008306731100373721
2013-11-06,-0.00200772515630665
2013-11-07,-0.018977828805942787
2013-11-08,0.016047343911475442
2013-11-11,0.0001429001606287894
2013-11-12,3.313514530267625e-05
2013-11-13,0.011648236994637351
2013-11-14,0.0018055144438693382
2013-11-15,0.003330190372707875
2013-11-18,-0.00925744614609847
2013-11-19,-0.00443649244707589
2013-11-20,-0.002614752240007512
2013-11-21,0.012212852555318232
2013-11-22,0.0056661839614375875
2013-11-25,0.0007315686713682545
2013-11-26,0.005802860193699244
2013-11-27,0.006720179204778853
2013-11-29,0.003743097244112814
2013-12-02,-0.0036035171395275567
2013-12-03,-0.0019924698472514324
2013-12-04,0.00019816923555970867
2013-12-05,-0.0011961560487865341
2013-12-06,0.007277178553043884
2013-12-09,0.00153352609680657
2013-12-10,-0.0020301099270353395
2013-12-11,-0.013958889635719451
2013-12-12,-0.0013512519751999186
2013-12-13,0.0006452776580669894
2013-12-16,0.007133262151228337
2013-12-17,-0.001449325940141244
2013-12-18,0.011526793318825002
2013-12-19,-0.002928744501068503
2013-12-20,0.011483177768736308
2013-12-23,0.01075821256578835
2013-12-24,0.0015715056243141845
2013-12-26,0.0028300999964747664
2013-12-27,-0.0025413664839353256
2013-12-30,-0.000574905999227493
2013-12-31,0.005389641178767501
2014-01-02,-0.008025691002771174
2014-01-03,-0.002693574678253041
2014-01-06,-0.004411998271834361
2014-01-07,0.009602107677828542
2014-01-08,0.0029928120076470055
2014-01-09,-0.002261354803778981
2014-01-10,0.004446375341184972
2014-01-13,-0.014700591504474336
2014-01-14,0.016949947281814204
2014-01-15,0.007616474014585428
2014-01-16,0.0009039542524773569
2014-01-17,-0.005003890680388201
2014-01-21,0.006713317429452692
2014-01-22,0.004079795192155178
2014-01-23,-0.005684684701272702
2014-01-24,-0.02150095841956723
2014-01-27,-0.010794084375501223
2014-01-28,0.0035140116558984857
2014-01-29,-0.011354437266446693
2014-01-30,0.017697443219224063
2014-01-31,-0.004668783314405123
2014-02-03,-0.026053375081174335
2014-02-04,0.008646586138342016
2014-02-05,-0.004953459391588755
2014-02-06,0.011359715771884105
2014-02-07,0.016942990128032465
2014-02-10,0.0054073718771454615
2014-02-11,0.010337060347112681
2014-02-12,0.002443357834484905
2014-02-13,0.009373283550137224
2014-02-14,0.0007899925525844953
2014-02-18,0.006776538633806117
2014-02-19,-0.008151505950470206
2014-02-20,0.006984416524700832
2014-02-21,-0.0009700293205606725
2014-02-24,0.006933430636603344
2014-02-25,-0.0012532980254897907
2014-02-26,0.0010425938596403395
2014-02-27,0.0062604243232102785
2014-02-28,-0.0025029482195308983
2014-03-03,-0.00715400491667828
2014-03-04,0.017457371137374667
2014-03-05,0.0013786859063362744
2014-03-06,-0.0013401495979382672
2014-03-07,-0.003655605047905519
2014-03-10,-0.00040819410536185874
2014-03-11,-0.006289206860821905
2014-03-12,0.0037472544601737656
2014-03-13,-0.014551319263895746
2014-03-14,-0.003525478663295667
2014-03-17,0.008138289386984798
2014-03-18,0.012467402854288157
2014-03-19,-0.005933099775888961
2014-03-20,0.002713794489096255
2014-03-21,-0.009839580027189987
2014-03-24,-0.011784516397442268
2014-03-25,0.0018644475681597328
2014-03-26,-0.014333035240149505
2014-03-27,-0.0053551380919689695
2014-03-28,0.0010911910873554476
2014-03-31,0.010402542781126956
2014-04-01,0.016444383252483874
2014-04-02,0.001972784181483389
2014-04-03,-0.0090541538833937
2014-04-04,-0.025959650148890012
2014-04-07,-0.01162381761786202
2014-04-08,0.008147615509528805
2014-04-09,0.017240417294480892
2014-04-10,-0.03102124762812053
2014-04-11,-0.013413579185619806
2014-04-14,0.005740377737901481
2014-04-15,0.0028513186127179235
2014-04-16,0.012907289124329369
2014-04-17,0.0022734988257890887
2014-04-21,0.006355672791761746
2014-04-22,0.009683288602896356
2014-04-23,-0.008287895694659042
2014-04-24,0.005178042921024417
2014-04-25,-0.017544316014972083
2014-04-28,-0.0002846617969850529
2014-04-29,0.0071520070236570366
2014-04-30,0.0026854909240188185
2014-05-01,0.003132810442717293
2014-05-02,-0.0008601661560403429
2014-05-05,0.003433680881039791
2014-05-06,-0.013847080036725634
2014-05-07,-0.003207757344048434
2014-05-08,-0.003975229599639252
2014-05-09,0.0050277964179934465
2014-05-12,0.01767977465437287
2014-05-13,-0.003303669008587029
2014-05-14,-0.007152257563555531
2014-05-15,-0.007642690183125023
2014-05-16,0.005234340296134787
2014-05-19,0.008609997566704886
2014-05-20,-0.007009513638360998
2014-05-21,0.008457610818800587
2014-05-22,0.005518476033617992
2014-05-23,0.0075752625031617615
2014-05-27,0.01224608018697837
2014-05-28,-0.0028297258698022354
2014-05-29,0.00541294289448091
2014-05-30,-0.0012547411998572455
2014-06-02,-0.0012774940308803995
2014-06-03,-0.00073636293865742
2014-06-04,0.004147313765857419
2014-06-05,0.010487680592933035
2014-06-06,0.005858606729487459
2014-06-09,0.003434149203178638
2014-06-10,0.0004058275210514495
2014-06-11,-0.0013992218116066768
2014-06-12,-0.00791801612143117
2014-06-13,0.003029581393996006
2014-06-16,0.0024242737288449057
2014-06-17,0.0037328185989602414
2014-06-18,0.005904658825235387
2014-06-19,-0.0008044681333027048
2014-06-20,0.0019980044597234237
2014-06-23,0.00014655010325581586
2014-06-24,-0.004195793097104494
2014-06-25,0.006760299127326341
2014-06-26,-0.00016210042913133993
2014-06-27,0.0043115223475056474
2014-06-30,0.002330641822474888
2014-07-01,0.011449107012409199
2014-07-02,-0.00020632296662637106
2014-07-03,0.006326133578314019
2014-07-07,-0.007668507818227255
2014-07-08,-0.013494197976402278
2014-07-09,0.006278054329081018
2014-07-10,-0.005166199585356024
2014-07-11,0.00438788913277155
2014-07-14,0.0056459614169044325
2014-07-15,-0.005411601960857659
2014-07-16,0.0021692101079000548
2014-07-17,-0.01412572080163832
2014-07-18,0.015744354571767927
2014-07-21,-0.0016808337252560701
2014-07-22,0.007078405956618239
2014-07-23,0.00396770564399529
2014-07-24,-0.00035548471328417097
2014-07-25,-0.005042319034388565
2014-07-28,-0.0010450251895733897
2014-07-29,-0.0004971891128986439
2014-07-30,0.0045467184692233875
2014-07-31,-0.020867571500671978
2014-08-01,-0.003920087953355855
2014-08-04,0.007179550575839189
2014-08-05,-0.0070828173153058005
2014-08-06,0.0005077055478328596
2014-08-07,-0.00461064528404187
2014-08-08,0.008288335494663901
2014-08-11,0.006961993287682766
2014-08-12,-0.0027446426217926367
2014-08-13,0.010224954790112095
2014-08-14,0.004255652785599251
2014-08-15,0.002679132221255376
2014-08-18,0.00971569119889093
2014-08-19,0.004258737039315008
2014-08-20,-0.00022745067588114676
2014-08-21,0.001241608758185242
2014-08-22,0.0014231166329679024
2014-08-25,0.004142356871204234
2014-08-26,0.0029161768961605272
2014-08-27,-0.00022316776222564005
2014-08-28,-0.0026085148369699995
2014-08-29,0.004952020372459565
2014-09-02,0.003912416036300437
2014-09-03,-0.005573906937098361
2014-09-04,-0.0022460108559860803
2014-09-05,0.004517438195464907
2014-09-08,0.002048950864920185
2014-09-09,-0.008710251238435718
2014-09-10,0.007519288133011726
2014-09-11,0.0011533884164840469
2014-09-12,-0.0052724221229905055
2014-09-15,-0.010662097003082516
2014-09-16,0.007492943860891499
2014-09-17,0.002071309769615226
2014-09-18,0.00684764000978233
2014-09-19,-0.002969488203100834
2014-09-22,-0.011376088687881203
2014-09-23,-0.004196400426240032
2014-09-24,0.010320131577508107
2014-09-25,-0.019421720722844316
2014-09-26,0.010172931416857933
2014-09-29,-0.001405048065867609
2014-09-30,-0.002765285277462115
2014-10-01,-0.015867817126784423
2014-10-02,0.0018340539991430482
2014-10-03,0.010252340723351017
2014-10-06,-0.004651939162585439
2014-10-07,-0.015623510017613973
2014-10-08,0.019016155414441016
2014-10-09,-0.020196528022420335
2014-10-10,-0.023319251821154352
2014-10-13,-0.014634369140897108
2014-10-14,0.003206183015248998
2014-10-15,-0.0028033170833581256
2014-10-16,0.0004911400762772633
2014-10-17,0.009733461538238952
2014-10-20,0.013533097473594768
2014-10-21,0.02395933348198742
2014-10-22,-0.008288278931996573
2014-10-23,0.015957639400820733
2014-10-24,0.006946246175973281
2014-10-27,0.0004928855574404256
2014-10-28,0.01746791862795849
2014-10-29,-0.0032995402274749175
2014-10-30,0.0037171469287331504
2014-10-31,0.01414763798788532
2014-11-03,0.001764279890794418
2014-11-04,-0.0032917256460931466
2014-11-05,-0.0006315201418490846
2014-11-06,0.003841392504782881
2014-11-07,-0.0012806872551406334
2014-11-10,0.004120930229616571
2014-11-11,0.0019218984313051912
2014-11-12,0.0031283961458914433
2014-11-13,0.0010694866578928597
2014-11-14,0.0017947971852054767
2014-11-17,-0.003741044955650419
2014-11-18,0.006730880198297928
2014-11-19,-0.005684278970452206
2014-11-20,0.005594905686740814
2014-11-21,0.002360783556243806
2014-11-24,0.008894586633068746
2014-11-25,0.0007066121791761137
2014-11-26,0.00610935201360796
2014-11-28,0.000900307218236307
2014-12-01,-0.013415014666892433
2014-12-02,0.006020277819408726
2014-12-03,0.003923654649806929
2014-12-04,-0.0010535772999192838
2014-12-05,0.0023734074352159684
2014-12-08,-0.008381476205280847
2014-12-09,0.005438084699935564
2014-12-10,-0.017297956684116822
2014-12-11,0.005153721935023947
2014-12-12,-0.01158840327921351
2014-12-15,-0.010409132798206322
2014-12-16,-0.01244909540164274
2014-12-17,0.021214508636287377
2014-12-18,0.022412337341128685
2014-12-19,0.0035759373300401354
2014-12-22,0.0033659518143249745
2014-12-23,-0.0033462863043673963
2014-12-24,0.0016893144991894093
2014-12-26,0.006994837494464834
2014-12-29,1.0462749108652858e-05
2014-12-30,-0.006130802092365384
2014-12-31,-0.008663664478546385
2015-01-02,-0.0019509393850979384
2015-01-05,-0.015706202164824656
2015-01-06,-0.012859471669250278
2015-01-07,0.012569833590121648
2015-01-08,0.01843248587828672
2015-01-09,-0.006781847346680303
2015-01-12,-0.008367193675273943
2015-01-13,-0.0006881373042226802
2015-01-14,-0.004758162776198671
2015-01-15,-0.014765095444036369
2015-01-16,0.013905614537018884
2015-01-20,0.0044170342875144986
2015-01-21,0.002700371430882198
2015-01-22,0.017778554717102768
2015-01-23,0.0015746001647269914
2015-01-26,0.0029172411146065613
2015-01-27,-0.01891540439131434
2015-01-28,-0.0092939796272562
2015-01-29,0.00979301800559318
2015-01-30,-0.01028522385781594
2015-02-02,0.008942299629662864
2015-02-03,0.010915902830496371
2015-02-04,-0.002335161941053543
2015-02-05,0.010261390450860164
2015-02-06,-0.0043441260179784
2015-02-09,-0.003876177619358212
2015-02-10,0.013040677897456554
2015-02-11,0.0028281238096101724
2015-02-12,0.01175329511369938
2015-02-13,0.007458396513605026
2015-02-17,0.0011095940927010606
2015-02-18,0.001447122473702489
2015-02-19,0.0037380731422713698
2015-02-20,0.006349629072042617
2015-02-23,0.001008884190834003
2015-02-24,0.001441230653301817
2015-02-25,-0.00019725377922319431
2015-02-26,0.004177454114211443
2015-02-27,-0.004883898982291024
2015-03-02,0.008979559794985104
2015-03-03,-0.005630916867196301
2015-03-04,-0.002562253433848083
2015-03-05,0.003154717089450143
2015-03-06,-0.011126240164550105
2015-03-09,0.0030583909591415104
2015-03-10,-0.016722489969242638
2015-03-11,-0.002026856629005813
2015-03-12,0.008938275149790842
2015-03-13,-0.004399958568902851
2015-03-16,0.011854032788620295
2015-03-17,0.0016067338402454556
2015-03-18,0.00919504696318385
2015-03-19,0.001916542313859848
2015-03-20,0.0068183992127064386
2015-03-23,-0.0030737000233531653
2015-03-24,-0.0032409361218895816
2015-03-25,-0.023666937231791252
2015-03-26,-0.0026986777860629196
2015-03-27,0.005728622258214466
2015-03-30,0.011494008466820915
2015-03-31,-0.00941093962638706
2015-04-01,-0.004213509173356722
2015-04-02,0.001374927198995568
2015-04-06,0.00621654515438097
2015-04-07,-0.0014418105804469006
2015-04-08,0.008266383430399982
2015-04-09,0.004795212756252276
2015-04-10,0.004305892706631731
2015-04-13,-0.0015472400808188569
2015-04-14,-0.002197155502931869
2015-04-15,0.00677677615811656
2015-04-16,-0.000644575446947071
2015-04-17,-0.015172357442320816
2015-04-20,0.01273164179408881
2015-04-21,0.0039042164775415777
2015-04-22,0.004202114797947187
2015-04-23,0.004148844436807186
2015-04-24,0.0071241280985234745
2015-04-27,-0.006250898971863816
2015-04-28,-0.0009545137344992849
2015-04-29,-0.0062862800019317655
2015-04-30,-0.01636666094826078
2015-05-01,0.012945715169958127
2015-05-04,0.002305522396315096
2015-05-05,-0.015467645539668284
2015-05-06,-0.0039863586953727825
2015-05-07,0.005264592861262463
2015-05-08,0.011729713068099334
2015-05-11,-0.0019945800198492014
2015-05-12,-0.0034804525468349334
2015-05-13,0.0011052632766759274
2015-05-14,0.0138727749205807
2015-05-15,-0.0004969045937379679
2015-05-18,0.005972299949182247
2015-05-19,-0.0016560511391360277
2015-05-20,0.0003373647278677172
2015-05-21,0.003756068687900349
2015-05-22,-0.0002809339552949375
2015-05-26,-0.01112317949643904
2015-05-27,0.01467186801450504
2015-05-28,-0.001686029923039123
2015-05-29,-0.005482602014833748
2015-06-01,0.0025444407965351523
2015-06-02,-0.0012611143628418198
2015-06-03,0.0044735292779554126
2015-06-04,-0.00786586669651701
2015-06-05,0.001846139947986103
2015-06-08,-0.009239508348870884
2015-06-09,-0.0015452683304197912
2015-06-10,0.01252920852564654
2015-06-11,0.0011463816553543005
2015-06-12,-0.006179952310408909
2015-06-15,-0.004183223932209268
2015-06-16,0.005085435648955361
2015-06-17,0.0018455120581244433
2015-06-18,0.013439669661465148
2015-06-19,-0.003107412833864287
2015-06-22,0.007224978472493593
2015-06-23,0.0011873621016715852
2015-06-24,-0.007302137877626014
2015-06-25,-0.0019951965055512444
2015-06-26,-0.006196987229417306
2015-06-29,-0.024021123157163538
2015-06-30,0.005727553280189479
2015-07-01,0.005263822674973717
2015-07-02,-0.0007799845522540316
2015-07-06,-0.003447653355703628
2015-07-07,0.0011057864469610212
2015-07-08,-0.01754895406826784
2015-07-09,0.0025744918941346118
2015-07-10,0.015297475715635445
2015-07-13,0.01476870709085909
2015-07-14,0.00658193962673681
2015-07-15,-0.0011655873394220695
2015-07-16,0.012598743094291764
2015-07-17,0.009095162155636771
2015-07-20,0.0016736069153009403
2015-07-21,-0.002057872097565361
2015-07-22,-0.006979504473464404
2015-07-23,-0.004903517206967467
2015-07-24,-0.011227296636535988
2015-07-27,-0.009599852766114414
2015-07-28,0.009808003104984309
2015-07-29,0.004425052160178744
2015-07-30,0.0033354274878847345
2015-07-31,-9.748907555884312e-05
2015-08-03,-0.002515444336927297
2015-08-04,-0.0019216711857567015
2015-08-05,0.006735834148004161
2015-08-06,-0.016245326006115723
2015-08-07,-0.0025511827477896487
2015-08-10,0.011551363759140454
2015-08-11,-0.012742515997054449
2015-08-12,0.0015089169088462473
2015-08-13,-0.002146954900685949
2015-08-14,0.002916459843602448
2015-08-17,0.008608932800298952
2015-08-18,-0.006353496163429284
2015-08-19,-0.00796550785987693
2015-08-20,-0.028204456186167293
2015-08-21,-0.03515131493327728
2015-08-24,-0.03820410314620193
2015-08-25,-0.004365593068213158
2015-08-26,0.042394367845334235
2015-08-27,0.024517070832244414
2015-08-28,0.0032434664477909436
2015-08-31,-0.010730452927718681
2015-09-01,-0.029395871642351357
2015-09-02,0.024563723908823887
2015-09-03,-0.0034694841949889366
2015-09-04,-0.010474295579380954
2015-09-08,0.027329727245850588
2015-09-09,-0.011513132693369843
2015-09-10,0.008350670896186907
2015-09-11,0.0054396338285118695
2015-09-14,-0.003438181186356748
2015-09-15,0.011394713131093859
2015-09-16,0.00590887697784237
2015-09-17,0.0009633318699264759
2015-09-18,-0.013633202664721789
2015-09-21,0.00035635651309551264
2015-09-22,-0.014957698370727468
2015-09-23,-0.0008367068671245592
2015-09-24,-0.00384204753589934
2015-09-25,-0.010134160597717767
2015-09-28,-0.030412842239677773
2015-09-29,-0.005865001169669037
2015-09-30,0.022765785030294028
2015-10-01,0.0014977666663003042
2015-10-02,0.01744074138953544
2015-10-05,0.015608202554510786
2015-10-06,-0.006881011272444337
2015-10-07,0.009011540888758773
2015-10-08,0.004099253231284239
2015-10-09,0.0040908407187700835
2015-10-12,0.0016913305561629954
2015-10-13,-0.008686381348872563
2015-10-14,-0.0028686439000038533
2015-10-15,0.01824226104070359
2015-10-16,0.003406468741368185
2015-10-19,0.0038431481560492475
2015-10-20,-0.0049944243725839055
2015-10-21,-0.008369257720938106
2015-10-22,0.016513988406231084
2015-10-23,0.02272539161843956
2015-10-26,0.0005644696212581124
2015-10-27,-0.0009037862816512199
2015-10-28,0.01302944054052202
2015-10-29,-0.0042035371306538005
2015-10-30,-0.004043935275865662
2015-11-02,0.014523849091021557
2015-11-03,0.0035068177859458594
2015-11-04,-0.0005150311856270129
2015-11-05,-0.0028662719446126417
2015-11-06,0.003779419769079251
2015-11-09,-0.010067826536038882
2015-11-10,-0.002366802891834885
2015-11-11,-0.0031909203767436223
2015-11-12,-0.012224135915685608
2015-11-13,-0.015424367663947725
2015-11-16,0.011514126911432943
2015-11-17,0.0002808443393556015
2015-11-18,0.017886044466711493
2015-11-19,-0.00030738858246237566
2015-11-20,0.006165156438643127
2015-11-23,-0.0004779588012330249
2015-11-24,6.468974425444252e-05
2015-11-25,0.002612301451932364
2015-11-27,0.002224310223800652
2015-11-30,-0.0036762601773270287
2015-12-01,0.009325350325484427
2015-12-02,-0.006417349494887481
2015-12-03,-0.016725892328271375
2015-12-04,0.020791983142934622
2015-12-07,-0.007868112873074762
2015-12-08,-0.0006997171940450464
2015-12-09,-0.014783555447096308
2015-12-10,0.004439653856705084
2015-12-11,-0.022139929627927657
2015-12-14,0.0038025496877545084
2015-12-15,0.00870918414181121
2015-12-16,0.015168080299520215
2015-12-17,-0.013523628798670195
2015-12-18,-0.015885844152523032
2015-12-21,0.009311212294450089
2015-12-22,0.0064782572294108665
2015-12-23,0.008962073164814122
2015-12-24,0.0005073511730380176
2015-12-28,-0.0014855926528157815
2015-12-29,0.013281062632241047
2015-12-30,-0.008240081957269885
2015-12-31,-0.011536058169839603
2016-01-04,-0.02083318706573145
2016-01-05,-0.0023780245396916033
2016-01-06,-0.011381213296652759
2016-01-07,-0.03025989646630789
2016-01-08,-0.009766707521371654
2016-01-11,-0.0012144913741670704
2016-01-12,0.010334150155117516
2016-01-13,-0.03411493707670632
2016-01-14,0.019650632173423555
2016-01-15,-0.027427969257854845
2016-01-19,-0.002555404075853196
2016-01-20,-0.0011749636866091873
2016-01-21,8.276897377723635e-05
2016-01-22,0.026636519999008623
2016-01-25,-0.01583251770202654
2016-01-26,0.010884097330975617
2016-01-27,-0.02178353552288992
2016-01-28,0.00861879798208065
2016-01-29,0.023802447776905877
2016-02-01,0.001391415512356886
2016-02-02,-0.02238347129167939
2016-02-03,-0.00281383685626857
2016-02-04,0.0011810702675560947
2016-02-05,-0.03246878187063318
2016-02-08,-0.01819564218225056
2016-02-09,-0.003499325211555271
2016-02-10,0.0034740952733911534
2016-02-11,-0.003910271667218357
2016-02-12,0.016562590690746504
2016-02-16,0.022697400267020384
2016-02-17,0.022114739204164735
2016-02-18,-0.010260124244070634
2016-02-19,0.00376378518558651
2016-02-22,0.01469213305954331
2016-02-23,-0.014665391963279317
2016-02-24,0.008666390844436656
2016-02-25,0.008715327360878211
2016-02-26,0.0018048141021227426
2016-02-29,-0.0070842458417643694
2016-03-01,0.02888357632322136
2016-03-02,0.002946908890089972
2016-03-03,0.0008504450094699578
2016-03-04,0.002039354426750739
2016-03-07,-0.0018592288128812529
2016-03-08,-0.012622561627196993
2016-03-09,0.005498182239842997
2016-03-10,-0.0026141920145239528
2016-03-11,0.01851289009839019
2016-03-14,0.00038108490326904665
2016-03-15,-0.004549176945066846
2016-03-16,0.007465163259852359
2016-03-17,0.0023132007620267903
2016-03-18,0.004326640884000588
2016-03-21,0.0027567097500775795
2016-03-22,0.0026596765458037908
2016-03-23,-0.010950645889115318
2016-03-24,0.0009730075640255187
2016-03-28,-0.001405668992877307
2016-03-29,0.01674713538268202
2016-03-30,0.004677470345696433
2016-03-31,0.00011501853232331882
2016-04-01,0.0091768618150605
2016-04-04,-0.004627133809929851
2016-04-05,-0.009785688461817155
2016-04-06,0.015852837732144742
2016-04-07,-0.01470315207883599
2016-04-08,0.0004784750674307059
2016-04-11,-0.003564449443554274
2016-04-12,0.008004705215368002
2016-04-13,0.01546155357164336
2016-04-14,-0.00030920867450245915
2016-04-15,-0.0015507667301498662
2016-04-18,0.004414506388753514
2016-04-19,-0.003969730228651547
2016-04-20,0.0015788023399563311
2016-04-21,-0.00045264496825958567
2016-04-22,-0.008018810599038417
2016-04-25,-0.0021278948291887367
2016-04-26,-0.0015340228740055029
2016-04-27,-0.005142841560304978
2016-04-28,-0.011895626288754735
2016-04-29,-0.006228588813150915
2016-05-02,0.008843308499840052
2016-05-03,-0.01128564918758812
2016-05-04,-0.007889636932570943
2016-05-05,-0.0018093406864211348
2016-05-06,0.004042813075792351
2016-05-09,0.0029664969561806753
2016-05-10,0.012561533567081229
2016-05-11,-0.010226854433938004
2016-05-12,-0.004906823080007117
2016-05-13,-0.004147885416404651
2016-05-16,0.012247499407202156
2016-05-17,-0.012507691606113647
2016-05-18,0.004960024601837976
2016-05-19,-0.005610816221942594
2016-05-20,0.012101838298643086
2016-05-23,-0.0007925832552813095
2016-05-24,0.019992588355480567
2016-05-25,0.006959403446413326
2016-05-26,0.0014055234377765569
2016-05-27,0.006473167925529211
2016-05-31,0.002949185099321072
2016-06-01,0.0008488587379458234
2016-06-02,0.003858824429552321
2016-06-03,-0.005801198171754285
2016-06-06,0.005298904466295662
2016-06-07,-0.001400758142901748
2016-06-08,0.002597901288607929
2016-06-09,-0.003220337369331139
2016-06-10,-0.012920996363064874
2016-06-13,-0.009420654630399428
2016-06-14,-0.0010086000399814887
2016-06-15,-0.0017796098427454998
2016-06-16,0.002066161398522226
2016-06-17,-0.009201406595745643
2016-06-20,0.007680730612334541
2016-06-21,0.0013540459769976199
2016-06-22,-0.0021553383964951767
2016-06-23,0.015873192264108216
2016-06-24,-0.04115242584301415
2016-06-27,-0.024116508467224906
2016-06-28,0.02120610499294706
2016-06-29,0.018623678965963952
2016-06-30,0.013269848171784338
2016-07-01,0.004109283239367434
2016-07-05,-0.008158221539034338
2016-07-06,0.007518350917594008
2016-07-07,0.003632294836186434
2016-07-08,0.016393852963447975
2016-07-11,0.006431695825736661
2016-07-12,0.0068515039295822255
2016-07-13,-0.003402440132850737
2016-07-14,0.00565952982592699
2016-07-15,-0.0008879939436000628
2016-07-18,0.005207172397724502
2016-07-19,-0.0038391047066046458
2016-07-20,0.010634654989109427
2016-07-21,-0.003149409301089201
2016-07-22,0.005175556162256845
2016-07-25,-0.0004961164669308182
2016-07-26,0.0024364110695591634
2016-07-27,0.005823867681084227
2016-07-28,0.0029514557351464354
2016-07-29,0.0013869893522069354
2016-08-01,0.004275427585323621
2016-08-02,-0.008963815650052998
2016-08-03,0.004284042561583101
2016-08-04,0.0012616459994692075
2016-08-05,0.010620879203968148
2016-08-08,-0.001528403922844146
2016-08-09,0.002367065420529224
2016-08-10,-0.003999613896114362
2016-08-11,0.004576704337563298
2016-08-12,0.0008588161691662766
2016-08-15,0.005566691073465968
2016-08-16,-0.006634364012379712
2016-08-17,0.000296587025966355
2016-08-18,0.002197455131983661
2016-08-19,-0.0003377803238907573
2016-08-22,0.0011874310345760808
2016-08-23,0.002951603588549734
2016-08-24,-0.008058838665790824
2016-08-25,-0.0010521411113728618
2016-08-26,0.0012892303270590766
2016-08-29,0.002569527114947956
2016-08-30,-0.001785025717136457
2016-08-31,-0.0018705797048880202
2016-09-01,0.002683513359730494
2016-09-02,0.0043407365642111895
2016-09-06,0.004954428539606592
2016-09-07,0.001520120565690286
2016-09-08,-0.004627274490599187
2016-09-09,-0.025396013429990427
2016-09-12,0.01677360270622663
2016-09-13,-0.010867484776724168
2016-09-14,0.003592458082779748
2016-09-15,0.014674003983246031
2016-09-16,-0.0009753180177586307
2016-09-19,-0.0018190317570843106
2016-09-20,0.0012073116599873313
2016-09-21,0.010270269514923491
2016-09-22,0.008373623234351646
2016-09-23,-0.006324542170030978
2016-09-26,-0.009095748127031955
2016-09-27,0.009171624560940783
2016-09-28,0.00242000483338356
2016-09-29,-0.00928822783613148
2016-09-30,0.008132260127424074
2016-10-03,-0.002095233963196552
2016-10-04,-0.002114739786050035
2016-10-05,0.004983281062036493
2016-10-06,-0.0017249599966345786
2016-10-07,-0.002722932633594022
2016-10-10,0.006853227307178411
2016-10-11,-0.015365913823329636
2016-10-12,-0.0014809091794033558
2016-10-13,-0.004903577636748313
2016-10-14,0.0001592222461574977
2016-10-17,-0.002750266888917996
2016-10-18,0.008465681700396965
2016-10-19,0.0004901584671894721
2016-10-20,-0.000872992768120473
2016-10-21,0.00297030311679225
2016-10-24,0.009972643655635993
2016-10-25,-0.0049775935185072395
2016-10-26,-0.006270561272070929
2016-10-27,-0.0065329601258417025
2016-10-28,-0.004959790052841528
2016-10-31,-0.00018496000451584393
2016-11-01,-0.006852784402973544
2016-11-02,-0.009315903348438348
2016-11-03,-0.009236905887574753
2016-11-04,-0.002380202215833349
2016-11-07,0.02373979749909183
2016-11-08,0.005288310859524525
2016-11-09,0.011086877464915323
2016-11-10,-0.008049791936929562
2016-11-11,0.005435044473829365
2016-11-14,-0.003572573695404091
2016-11-15,0.010965088133251477
2016-11-16,0.00359388290216911
2016-11-17,0.0074397093135853964
2016-11-18,-0.002336055267814219
2016-11-21,0.008897869165272354
2016-11-22,0.0032577185511246665
2016-11-23,-0.0010526463694714439
2016-11-25,0.00338985880927245
2016-11-28,-0.005577016091543152
2016-11-29,0.002069334388812516
2016-11-30,-0.010453640000304909
2016-12-01,-0.013631606351963144
2016-12-02,0.0008645865694500987
2016-12-05,0.010130095300156405
2016-12-06,0.0045414131127887725
2016-12-07,0.01139316812769553
2016-12-08,0.0043754447142150266
2016-12-09,0.005009845645054023
2016-12-12,-0.005870137007530585
2016-12-13,0.009476149588240945
2016-12-14,-0.00497090060665295
2016-12-15,0.003711863341206989
2016-12-16,-0.0036082980206304516
2016-12-19,0.003729848776468092
2016-12-20,0.0048557565973270655
2016-12-21,-0.0022811638636932585
2016-12-22,-0.0043882957718310855
2016-12-23,0.0028031654893962976
2016-12-27,0.004530734906332379
2016-12-28,-0.008907593219138477
2016-12-29,-0.0011896926344550085
2016-12-30,-0.00901489628689467
2017-01-03,0.00853779219801476
2017-01-04,0.008826526996365436
2017-01-05,0.001997433157978845
2017-01-06,0.006035072821699572
2017-01-09,0.00194885864504446
2017-01-10,0.003615446749085871
2017-01-11,0.002130846911384543
2017-01-12,-0.0029045084166676727
2017-01-13,0.00480034784874217
2017-01-17,-0.006349008628218522
2017-01-18,0.003054837830091861
2017-01-19,-0.0028025207657850215
2017-01-20,0.002752667792693897
2017-01-23,-0.000430242071152831
2017-01-24,0.008647674932189098
2017-01-25,0.009887569844943211
2017-01-26,-0.00020502091472307526
2017-01-27,0.0009901734694468534
2017-01-30,-0.008315077781717806
2017-01-31,0.0001924000585202812
2017-02-01,0.004961870895870968
2017-02-02,-0.0011430280352092703
2017-02-03,0.0054238357686751115
2017-02-06,-0.0005682628433218984
2017-02-07,0.001884049849339764
2017-02-08,0.0014504161201251975
2017-02-09,0.005759835870756902
2017-02-10,0.003315679724595899
2017-02-13,0.0052021978459910745
2017-02-14,0.0032286593604691216
2017-02-15,0.006376078163912391
2017-02-16,-0.0007801505141752374
2017-02-17,0.004072327327888425
2017-02-21,0.004687803681933778
2017-02-22,-0.000906982214791352
2017-02-23,-0.004286248695071104
2017-02-24,0.0016794236257611228
2017-02-27,0.0028381460664537173
2017-02-28,-0.006219819775994839
2017-03-01,0.013490799757696736
2017-03-02,-0.007250906900932441
2017-03-03,0.001625904642196474
2017-03-06,-0.0036741173135885763
2017-03-07,-0.0026072029825894294
2017-03-08,0.000620444331211889
2017-03-09,0.00021588747820833198
2017-03-10,0.003925443993723743
2017-03-13,0.002396869991335926
2017-03-14,-0.003226799102545974
2017-03-15,0.007381135456820509
2017-03-16,0.0001203313465143463
2017-03-17,4.0712447979984745e-05
2017-03-20,8.977887752070757e-05
2017-03-21,-0.01824945581095605
2017-03-22,0.0047999437710037895
2017-03-23,-0.0006785364982602182
2017-03-24,0.0018994296842982372
2017-03-27,0.001995265245123168
2017-03-28,0.0059533931640609605
2017-03-29,0.0038143205859368923
2017-03-30,0.002846951635602224
2017-03-31,-0.0004395434560202638
2017-04-03,-0.0028857930012808897
2017-04-04,0.0006666498237080098
2017-04-05,-0.005786089197890143
2017-04-06,0.002467433581825107
2017-04-07,-0.0001939354273929883
2017-04-10,0.0005308298765009933
2017-04-11,-0.002407808939530409
2017-04-12,-0.005217498415541422
2017-04-13,-0.005313468629376206
2017-04-17,0.008895573342197594
2017-04-18,-0.0012498013707047395
2017-04-19,0.0023180851965176608
2017-04-20,0.009167615033456311
2017-04-21,-0.0010579683294457132
2017-04-24,0.012401583015586137
2017-04-25,0.006963847739464679
2017-04-26,-4.319215468395754e-05
2017-04-27,0.003935113018815439
2017-04-28,-0.0002198861516040651
2017-05-01,0.007273986809581023
2017-05-02,0.0006188882183353339
2017-05-03,-0.0037438764277253345
2017-05-04,0.00045945099706656833
2017-05-05,0.004184115214748152
2017-05-08,0.00031150064877283334
2017-05-09,0.0029380117917328086
2017-05-10,0.0013969720544959596
2017-05-11,-0.002150411882784309
2017-05-12,0.0008616831314969264
2017-05-15,0.004646115486102387
2017-05-16,0.0032847609008486156
2017-05-17,-0.025710408776775107
2017-05-18,0.007301263420902648
2017-05-19,0.004718364932368546
2017-05-22,0.008205519712076503
2017-05-23,0.0008298270275555186
2017-05-24,0.003960124968998668
2017-05-25,0.00685374150333562
2017-05-26,0.0007945156153754684
2017-05-30,-0.0011271796943483903
2017-05-31,-0.0007528258717064418
2017-06-01,0.007793805366688611
2017-06-02,0.009439944071633732
2017-06-05,-0.0016048129055298288
2017-06-06,-0.0032752802893042388
2017-06-07,0.0035569100550969512
2017-06-08,0.0038714327650837266
2017-06-09,-0.0180076193924692
2017-06-12,-0.005228798268341106
2017-06-13,0.00727235809706106
2017-06-14,-0.004096216139670927
2017-06-15,-0.004744254711564144
2017-06-16,-0.002228567735787834
2017-06-19,0.014182933554645283
2017-06-20,-0.008171165358585197
2017-06-21,0.007420845042860558
2017-06-22,0.0004394879663636164
2017-06-23,0.004579361626451117
2017-06-26,-0.0028889665466261816
2017-06-27,-0.016092103875806507
2017-06-28,0.014282652480347213
2017-06-29,-0.014445642223822053
2017-06-30,-0.0006396405997030064
2017-07-03,-0.004944264996127434
2017-07-05,0.006677480138696179
2017-07-06,-0.009982328277431396
2017-07-07,0.010447579521929429
2017-07-10,0.003788356123727521
2017-07-11,0.0027377914274264725
2017-07-12,0.010958635836768593
2017-07-13,0.002119415332410668
2017-07-14,0.00606114231591115
2017-07-17,0.0003104903264163905
2017-07-18,0.0047319998765846805
2017-07-19,0.006419922748507334
2017-07-20,0.0007768096843803196
2017-07-21,-0.00035211267605639307
2017-07-24,0.003610044005126989
2017-07-25,0.0002121203512226444
2017-07-26,0.0016499996497139069
2017-07-27,-0.00631506108656732
2017-07-28,-0.001176675356569734
2017-07-31,-0.004166492727691207
2017-08-01,0.002334521708029058
2017-08-02,-4.558255541786682e-05
2017-08-03,-0.0035064098977899416
2017-08-04,0.0017696551163279839
2017-08-07,0.0050711889111274555
2017-08-08,-0.0020849840381197415
2017-08-09,-0.002845929952259185
2017-08-10,-0.021324452487752832
2017-08-11,0.006384232042506488
2017-08-14,0.013373150915425791
2017-08-15,-0.0011387938396544284
2017-08-16,0.001910639349070431
2017-08-17,-0.0194164813038461
2017-08-18,-0.000864745867206973
2017-08-21,-0.0005469132234946494
2017-08-22,0.013576104032460234
2017-08-23,-0.0030281675015869647
2017-08-24,-0.0011276864602342007
2017-08-25,-0.0009072942000130091
2017-08-28,0.0027738399322756457
2017-08-29,0.0030033514343168477
2017-08-30,0.01053968260855509
2017-08-31,0.009476626781827369
2017-09-01,0.0010375290827149275
2017-09-05,-0.009286276411739514
2017-09-06,0.002782533148270261
2017-09-07,0.0007132547228207997
2017-09-08,-0.005889487453023534
2017-09-11,0.011331394955606422
2017-09-12,0.0034233722414209744
2017-09-13,0.0009156957006406508
2017-09-14,-0.004815626717389998
2017-09-15,0.003016004853435339
2017-09-18,0.0009568039658145455
2017-09-19,0.001034865981451194
2017-09-20,-0.0008171372567660207
2017-09-21,-0.005165720388111583
2017-09-22,0.000658599513185365
2017-09-25,-0.008764708259904053
2017-09-26,0.0015022647407427758
2017-09-27,0.011457331412502603
2017-09-28,2.9509068969257868e-05
2017-09-29,0.006587137784975328
2017-10-02,0.0031958715926649894
2017-10-03,0.002300197890897193
2017-10-04,0.00044703789550704087
2017-10-05,0.007763252300207579
2017-10-06,0.0007319740454696522
2017-10-09,-0.001585722246396859
2017-10-10,0.0011429070119248763
2017-10-11,0.0024744475596796267
2017-10-12,-0.0018232676997382846
2017-10-13,0.0021679462779564673
2017-10-16,0.002755184209425332
2017-10-17,-5.1304913949223874e-05
2017-10-18,8.455424652509258e-05
2017-10-19,-0.0028909652764995686
2017-10-20,0.0036305415547346342
2017-10-23,-0.006368895664752072
2017-10-24,0.0017611047375845068
2017-10-25,-0.005234584309048995
2017-10-26,-0.0010847404571368013
2017-10-27,0.022036726263594097
2017-10-30,-0.00034318990278470185
2017-10-31,0.00428573406990207
2017-11-01,-0.0016558685024852249
2017-11-02,-0.00023670612665394053
2017-11-03,0.007371622148810042
2017-11-06,0.0032523017708139257
2017-11-07,-0.0027496237218793684
2017-11-08,0.0031532249435857196
2017-11-09,-0.005754841838942926
2017-11-10,0.00013187113347390422
2017-11-13,0.000986552436817112
2017-11-14,-0.002919672692024644
2017-11-15,-0.004698837421819535
2017-11-16,0.012984991318826244
2017-11-17,-0.0015456428239665199
2017-11-20,0.0011676495703669687
2017-11-21,0.010568853616793605
2017-11-22,0.0007110961090435186
2017-11-24,0.0031744794801438214
2017-11-27,-0.001544475157700731
2017-11-28,0.004919640221139554
2017-11-29,-0.012726439060240291
2017-11-30,0.007265129503401857
2017-12-01,-0.0038377197266267205
2017-12-04,-0.01054673661980754
2017-12-05,-0.0019423523766791684
2017-12-06,0.0020954572479787714
2017-12-07,0.005380448199189036
2017-12-08,0.003998367053937191
2017-12-11,0.005116899159109511
2017-12-12,-0.001856015313458026
2017-12-13,0.0019643474530546268
2017-12-14,-0.0028025858923514946
2017-12-15,0.01167504488087423
2017-12-18,0.008387373438313528
2017-12-19,-0.004418974919003227
2017-12-20,-0.0004150199499157736
2017-12-21,0.0006320826967027848
2017-12-22,-0.0007752510207285068
2017-12-26,-0.003406623180387758
2017-12-27,0.0004454631465129477
2017-12-28,0.0015592711617582466
2017-12-29,-0.0067293441416873545
2018-01-02,0.014994048369718627
2018-01-03,0.008367449746625955
2018-01-04,0.0017522212021183758
2018-01-05,0.00828633043497451
2018-01-08,0.002918784113631334
2018-01-09,0.0008648321927422487
2018-01-10,-0.0013973814485326308
2018-01-11,0.0081371905730796
2018-01-12,0.0068333025834943495
2018-01-16,-0.005146647581198649
2018-01-17,0.010325726097745402
2018-01-18,-0.00030554877784838563
2018-01-19,0.00552765937796762
2018-01-22,0.009766383896178787
2018-01-23,0.007054541547735882
2018-01-24,-0.006062764347220195
2018-01-25,-0.0005259434600574098
2018-01-26,0.012765864086942358
2018-01-29,-0.005230676373521703
2018-01-30,-0.008575597858458073
2018-01-31,0.0012158087591922495
2018-02-01,-0.00345681527239039
2018-02-02,-0.01961987780043961
2018-02-05,-0.03776029426818206
2018-02-06,0.021291634514759794
2018-02-07,-0.008979901768450649
2018-02-08,-0.03897059052633367
2018-02-09,0.014361484143950776
2018-02-12,0.015633119387545413
2018-02-13,0.004518760471846628
2018-02-14,0.01855138951972446
2018-02-15,0.015791721388197733
2018-02-16,-0.002337232017212143
2018-02-20,-0.0007127809213746117
2018-02-21,-0.0022227521345865586
2018-02-22,-0.0011277192249036228
2018-02-23,0.017655853911321184
2018-02-26,0.011457728518214694
2018-02-27,-0.012276541780296912
2018-02-28,-0.007822318343237544
2018-03-01,-0.01271134097305937
2018-03-02,0.010766577810490618
2018-03-05,0.010035980607796535
2018-03-06,0.005633806944698394
2018-03-07,0.003342390677999907
2018-03-08,0.004231685071214741
2018-03-09,0.01788647739790883
2018-03-12,0.003638468022845176
2018-03-13,-0.01018803376565769
2018-03-14,-0.0018905190479496792
2018-03-15,-0.002010164870253739
2018-03-16,3.341468591111507e-05
2018-03-19,-0.018410876743346405
2018-03-20,0.0027313336263987686
2018-03-21,-0.0025813405387026256
2018-03-22,-0.024316243787705694
2018-03-23,-0.024280454776577365
2018-03-26,0.0325869974892794
2018-03-27,-0.029323288746175402
2018-03-28,-0.008500740871404622
2018-03-29,0.016436384342549237
2018-04-02,-0.027370487903107033
2018-04-03,0.010357849172203615
2018-04-04,0.014526150975879393
2018-04-05,0.0048905714444793524
2018-04-06,-0.022813368924403332
2018-04-09,0.005094637853234829
2018-04-10,0.020712650629156615
2018-04-11,-0.003562017426237518
2018-04-12,0.010074963185655372
2018-04-13,-0.004705731263786261
2018-04-16,0.006983583473857635
2018-04-17,0.01744206714205143
2018-04-18,0.0019420330072514869
2018-04-19,-0.007838011353185959
2018-04-20,-0.012700941279438771
2018-04-23,-0.0024530459764539048
2018-04-24,-0.017008949630919035
2018-04-25,-0.0005151538357498486
2018-04-26,0.016411222798086378
2018-04-27,0.00015728040572171587
2018-04-30,-0.007518439650649578
2018-05-01,0.009117989491367329
2018-05-02,-0.004179153821154857
2018-05-03,-0.0017955470680260932
2018-05-04,0.017137083232901862
2018-05-07,0.007710509409154076
2018-05-08,0.00023260737340513593
2018-05-09,0.010046960173856645
2018-05-10,0.008863876697230433
2018-05-11,-0.00028228770279992155
2018-05-14,0.0011400889302344286
2018-05-15,-0.008053888217209981
2018-05-16,0.006348241494598339
2018-05-17,-0.0021396253546958066
2018-05-18,-0.0038104279834666466
2018-05-21,0.005398199723696262
2018-05-22,-0.002107113031940666
2018-05-23,0.006437657756696025
2018-05-24,-0.00020600503696455164
2018-05-25,0.0012687737175747227
2018-05-29,-0.005012241761237268
2018-05-30,0.00890415082541729
2018-05-31,-0.002724316758290768
2018-06-01,0.015077687429198017
2018-06-04,0.00690066257012667
2018-06-05,0.004128057270399443
2018-06-06,0.006727063865201277
2018-06-07,-0.007044962636760799
2018-06-08,0.0013673668540834516
2018-06-11,0.0018861280147839388
2018-06-12,0.0057258829094712915
2018-06-13,-0.0010501121797167334
2018-06-14,0.008490435190003698
2018-06-15,-0.0018889422263270728
2018-06-18,8.389755648208208e-05
2018-06-19,-0.0027675047083631776
2018-06-20,0.0072382721586286
2018-06-21,-0.008810574345786137
2018-06-22,-0.0026099443901483887
2018-06-25,-0.02090391589407614
2018-06-26,0.003932564894257196
2018-06-27,-0.015413317828794626
2018-06-28,0.007870982855970654
2018-06-29,0.0008821843083899328
2018-07-02,0.007641524068443983
2018-07-03,-0.00859179221594375
2018-07-05,0.011164059565253792
2018-07-06,0.013439781105874404
2018-07-09,0.008819799384255811
2018-07-10,0.00038678733457819803
2018-07-11,-0.005489010588614507
2018-07-12,0.013906373458683507
2018-07-13,0.0002633026173990416
2018-07-16,-0.0025887832163591362
2018-07-17,0.006328679607271681
2018-07-18,-8.659011843270559e-05
2018-07-19,-0.0037100209481686353
2018-07-20,-0.0006516823000116689
2018-07-23,0.002771018814580861
2018-07-24,-0.000140285115643346
2018-07-25,0.01166597344596254
2018-07-26,-0.01009299469358016
2018-07-27,-0.01461508158717617
2018-07-30,-0.0138831707416196
2018-07-31,0.0054770693397772074
2018-08-01,0.004627342487117714
2018-08-02,0.01237787884720043
2018-08-03,0.0011944373400374353
2018-08-06,0.006102195412762246
2018-08-07,0.0030510122463560663
2018-08-08,0.0005923545386843365
2018-08-09,0.0004373177842564857
2018-08-10,-0.0066740232633033525
2018-08-13,-0.002474758318494863
2018-08-14,0.006545022262579359
2018-08-15,-0.012294672883287339
2018-08-16,0.004167661658856847
2018-08-17,0.0012566493865648898
2018-08-20,0.000598706484146172
2018-08-21,0.004879185347360426
2018-08-22,0.0038083125926495764
2018-08-23,-0.0013487136158800705
2018-08-24,0.008570205327693925
2018-08-27,0.00905110786231278
2018-08-28,0.0015141292441429588
2018-08-29,0.009918991929839693
2018-08-30,-0.0026301965030861574
2018-08-31,0.0026185995849914434
2018-09-04,-0.0022553731746066674
2018-09-05,-0.011874565502858037
2018-09-06,-0.009060463018809917
2018-09-07,-0.002548356621520975
2018-09-10,0.002735844055282266
2018-09-11,0.006096552523064069
2018-09-12,-0.0022879024798410086
2018-09-13,0.007477779824671904
2018-09-14,-0.0004579554155177412
2018-09-17,-0.014263349426824057
2018-09-18,0.007639491921686448
2018-09-19,-0.0007629135749825933
2018-09-20,0.00983516322207989
2018-09-21,-0.005140612517535281
2018-09-24,0.0007875385745343966
2018-09-25,0.0017790279102680717
2018-09-26,-0.002135518109646073
2018-09-27,0.006457785671937444
2018-09-28,0.0005446280818617311
2018-10-01,-0.0011247699713421433
2018-10-02,-0.004696851046664174
2018-10-03,0.0031926845492646905
2018-10-04,-0.018140616611087346
2018-10-05,-0.011556501993278179
2018-10-08,-0.006740750557998942
2018-10-09,0.0002675591448357828
2018-10-10,-0.04083347084218203
2018-10-11,-0.012528849649462215
2018-10-12,0.02289926358676908
2018-10-15,-0.008823645690065107
2018-10-16,0.02890021629427375
2018-10-17,-0.0003649261168310325
2018-10-18,-0.020615758117842442
2018-10-19,-0.00482427194453694
2018-10-22,0.0026312282567735323
2018-10-23,-0.00416272385133809
2018-10-24,-0.04425389779282962
2018-10-25,0.029534064527943826
2018-10-26,-0.02065084240950732
2018-10-29,-0.016313171026415163
2018-10-30,0.015795075474094755
2018-10-31,0.020142006655867517
2018-11-01,0.017542008234863182
2018-11-02,-0.010367124237805614
2018-11-05,-0.0038249523000951635
2018-11-06,0.006428002026718449
2018-11-07,0.026408771209997406
2018-11-08,-0.005266336517187886
2018-11-09,-0.01646288115040928
2018-11-12,-0.0278159267537903
2018-11-13,0.0
2018-11-14,-0.008954470698595896
2018-11-15,0.01718510985077515
2018-11-16,-0.0015373497972924755
2018-11-19,-0.030269601023684367
2018-11-20,-0.017025040489909715
2018-11-21,0.009181043563894375
2018-11-23,-0.004771776618917811
2018-11-26,0.02058949839740687
2018-11-27,0.00012003892267231642
2018-11-28,0.029492939511367222
2018-11-29,-0.002538508887861446
2018-11-30,0.007900361376512288
2018-12-03,0.01513800156211853
2018-12-04,-0.03804061255840796
2018-12-06,0.004167057456908818
2018-12-07,-0.030467703278104552
2018-12-10,0.007356605019370743
2018-12-11,0.001611000119974726
2018-12-12,0.009454150588132038
2018-12-13,-0.0039417805418171525
2018-12-14,-0.022583093025459355
2018-12-17,-0.0227084203582667
2018-12-18,0.004468667812975724
2018-12-19,-0.021680723172534222
2018-12-20,-0.016336100306734158
2018-12-21,-0.029933769049102055
2018-12-24,-0.02211756331783188
2018-12-26,0.05836341273032608
2018-12-27,0.0038341457622024233
2018-12-28,0.000764464263503406
2018-12-31,0.007708954559244141
2019-01-02,0.00462077821022544
2019-01-03,-0.030369301731743903
2019-01-04,0.04260228410013922
2019-01-07,0.01255558852373917
2019-01-08,0.01077601027645625
2019-01-09,0.008711045110192828
2019-01-10,0.004166941557119941
2019-01-11,-0.0020884193999065603
2019-01-14,-0.009404037417796829
2019-01-15,0.01707377982714675
2019-01-16,0.001546145501878149
2019-01-17,0.007074941460931017
2019-01-18,0.010271780761341276
2019-01-22,-0.01912333648087361
2019-01-23,0.000770638023600112
2019-01-24,0.006787859732623636
2019-01-25,0.01292152678441627
2019-01-28,-0.011051114608086499
2019-01-29,-0.008099453446249072
2019-01-30,0.022023854764415374
2019-01-31,0.01373507676051866
2019-02-01,-0.0024540997910280637
2019-02-04,0.011518642338747664
2019-02-05,0.007422897836900866
2019-02-06,-0.003620643479385177
2019-02-07,-0.011786629122187087
2019-02-08,0.0013514852503335728
2019-02-11,0.0013290546671329562
2019-02-12,0.014603404024393196
2019-02-13,0.0007768119652749039
2019-02-14,0.0008854415277603778
2019-02-15,0.006120945979440018
2019-02-19,0.0019217177565178378
2019-02-20,0.00030718249411965104
2019-02-21,-0.003920361803318229
2019-02-22,0.009092857293405476
2019-02-25,0.003576191124232464
2019-02-26,-0.0006830609039801816
2019-02-27,0.0006901250542818982
2019-02-28,-0.0029095177782103576
2019-03-01,0.008339869113268561
2019-03-04,-0.002340941919581341
2019-03-05,-0.00015967664641414192
2019-03-06,-0.009297333109483996
2019-03-07,-0.011252446311257991
2019-03-08,-0.0017947714181385521
2019-03-11,0.020237187621750863
2019-03-12,0.0043621943073888225
2019-03-13,0.006900298454391107
2019-03-14,-0.0016353956865416963
2019-03-15,0.00755081998430529
2019-03-18,0.0033751830372823477
2019-03-19,0.0012275895287467975
2019-03-20,0.0006499290394565982
2019-03-21,0.014230840983513016
2019-03-22,-0.0250403165777906
2019-03-25,-0.0006712160625722552
2019-03-26,0.007067718164836645
2019-03-27,-0.006258858664673128
2019-03-28,0.0033741668552276227
2019-03-29,0.007843078580405782
2019-04-01,0.01288474720882915
2019-04-02,0.0025265055750396392
2019-04-03,0.005970405714976534
2019-04-04,-0.00047748663798075075
2019-04-05,0.005944179580154252
2019-04-08,0.00191340655931449
2019-04-09,-0.005607338596177014
2019-04-10,0.006948856370196488
2019-04-11,-0.0021195205816232354
2019-04-12,0.00463050542593102
2019-04-15,-0.0010208200318502225
2019-04-16,0.003036633047784676
2019-04-17,-0.0005187228809523381
2019-04-18,0.0002476188894313669
2019-04-22,0.0021517669049018195
2019-04-23,0.013168590007610614
2019-04-24,-0.002316275819548741
2019-04-25,0.00205756480657171
2019-04-26,0.003414314391296136
2019-04-29,0.0018965672564215108
2019-04-30,-0.008142756867904777
2019-05-01,-0.005651364446598972
2019-05-02,-0.0015988437953632362
2019-05-03,0.01583098435808794
2019-05-06,-0.004986521427915225
2019-05-07,-0.01963862827381102
2019-05-08,-0.0025666195374799416
2019-05-09,-0.004120440973427564
2019-05-10,0.0008027337760745379
2019-05-13,-0.034093971139442014
2019-05-14,0.01143847075335791
2019-05-15,0.011333606393238105
2019-05-16,0.009703202225900487
2019-05-17,-0.010353191174195864
2019-05-20,-0.014572137317813927
2019-05-21,0.010820075522011141
2019-05-22,-0.004480044251686466
2019-05-23,-0.01581248755805198
2019-05-24,0.0011444232139645738
2019-05-28,-0.0038836755325691863
2019-05-29,-0.007892372283615279
2019-05-30,0.0027042954498417426
2019-05-31,-0.015139343058068633
2019-06-03,-0.01611800170216937
2019-06-04,0.02646932602655805
2019-06-05,0.0064247497752591975
2019-06-06,0.00528941061451671
2019-06-07,0.016617354782560323
2019-06-10,0.010471296314457534
2019-06-11,-7.670773640899853e-05
2019-06-12,-0.003815831631516442
2019-06-13,0.005698865960073629
2019-06-14,-0.005163845332109895
2019-06-17,0.0062026383492530535
2019-06-18,0.013876301527622426
2019-06-19,0.004204230124031705
2019-06-20,0.008015206720173085
2019-06-21,-0.002438088963259699
2019-06-24,-0.003238384572089803
2019-06-25,-0.015111730081971642
2019-06-26,0.0032023964467964294
2019-06-27,0.007305912564980588
2019-06-28,0.004829521707722106
2019-07-01,0.010606716684617323
2019-07-02,0.0022159600296813853
2019-07-03,0.0075397039491273965
2019-07-05,-0.0010330114851633265
2019-07-08,-0.00776914818275376
2019-07-09,0.005352934572537604
2019-07-10,0.007467736355124099
2019-07-11,-0.0007912478416589597
2019-07-12,0.005868640117148827
2019-07-15,0.0017043356674171228
2019-07-16,-0.0042855181533201225
2019-07-17,-0.004571416627286884
2019-07-18,0.002691473223366936
2019-07-19,-0.007402000948571796
2019-07-22,0.007076595245795847
2019-07-23,0.005760596992824274
2019-07-24,0.008495480288975621
2019-07-25,-0.009969351792044723
2019-07-26,0.011126961990881146
2019-07-29,-0.004427245289787329
2019-07-30,-0.002377781467364226
2019-07-31,-0.011867905970330939
2019-08-01,-0.007865015534609165
2019-08-02,-0.01319796667070805
2019-08-05,-0.03473605194134943
2019-08-06,0.01387903504597432
2019-08-07,0.003773655002322851
2019-08-08,0.022425777534677227
2019-08-09,-0.009953778501233024
2019-08-12,-0.012027678722115853
2019-08-13,0.01945081128824011
2019-08-14,-0.030240648624745403
2019-08-15,-0.0009415848686664674
2019-08-16,0.01665719646841035
2019-08-19,0.01352836326388962
2019-08-20,-0.00677886887265855
2019-08-21,0.009014199026688319
2019-08-22,-0.003593400217589915
2019-08-23,-0.029984785261139457
2019-08-26,0.01315444273847488
2019-08-27,-0.0034111185579124292
2019-08-28,0.003823927168710606
2019-08-29,0.014829074090991767
2019-08-30,-0.001318166266297216
2019-09-03,-0.011141663301238225
2019-09-04,0.013045166027130906
2019-09-05,0.01754447821309757
2019-09-06,-0.0016952743588083408
2019-09-09,-0.0019288841329967443
2019-09-10,-0.0004055405888652164
2019-09-11,0.010578714161808556
2019-09-12,0.0030343355245090464
2019-09-13,-0.0021672867455269085
2019-09-16,-0.0028336484950168828
2019-09-17,0.0039835433827690725
2019-09-18,-0.0010542220507535616
2019-09-19,0.0006713322957527801
2019-09-20,-0.007969072242459352
2019-09-23,-0.00064180497453592
2019-09-24,-0.01464784771785399
2019-09-25,0.010477092538406785
2019-09-26,-0.005784019971861509
2019-09-27,-0.01133534126290403
2019-09-30,0.007520496776147967
2019-10-01,-0.011333393722431251
2019-10-02,-0.015606924674894551
2019-10-03,0.011176232699656508
2019-10-04,0.013999849153859767
2019-10-07,-0.003279708545929405
2019-10-08,-0.016654779206850545
2019-10-09,0.010220181474235313
2019-10-10,0.005951555768073602
2019-10-11,0.013364758775564756
2019-10-14,-0.0010413423140598344
2019-10-15,0.012431905947929645
2019-10-16,-0.0030102660757148625
2019-10-17,0.0040213192184475055
2019-10-18,-0.00825196709365672
2019-10-21,0.00907965038281855
2019-10-22,-0.007189819906968653
2019-10-23,0.0019113599876994236
2019-10-24,0.008129491687277834
2019-10-25,0.007002408300674112
2019-10-28,0.010053246344756017
2019-10-29,-0.005902075743148938
2019-10-30,0.0032779210273761183
2019-10-31,-0.0013993430296747045
2019-11-01,0.011340563491645694
2019-11-04,0.005580440058623459
2019-11-05,0.00017543662586394504
2019-11-06,-0.0028513002957469835
2019-11-07,0.0028404113330822156
2019-11-08,0.004836083301647864
2019-11-11,-0.0013013444268317187
2019-11-12,0.0025766597522700607
2019-11-13,-0.0004702088297990903
2019-11-14,-0.00036312685146910884
2019-11-15,0.0072898224431721115
2019-11-18,0.0010666822169702606
2019-11-19,0.0024233767162349373
2019-11-20,-0.005125589709442102
2019-11-21,-0.0024066091789468613
2019-11-22,0.0016070520170294866
2019-11-25,0.013217363755288813
2019-11-26,0.001788528304789594
2019-11-27,0.006620081576605763
2019-11-29,-0.004561647474608743
2019-12-02,-0.011249187322032173
2019-12-03,-0.005526451903216212
2019-12-04,0.005402208676427378
2019-12-05,0.00047045975557069575
2019-12-06,0.01001436010700063
2019-12-09,-0.0040085570334083
2019-12-10,-0.0006553586157230784
2019-12-11,0.004395232987357556
2019-12-12,0.00731108662885549
2019-12-13,0.002014331203055608
2019-12-16,0.009084336247558111
2019-12-17,0.0010358116735056377
2019-12-18,0.0004963962297792612
2019-12-19,0.006737793660475999
2019-12-20,0.004246573792048958
2019-12-23,0.002318265827304211
2019-12-24,0.0008081572464619935
2019-12-26,0.0077639560158115906
2019-12-27,-0.001747822014396272
2019-12-30,-0.006731702017363728
2019-12-31,0.0029744471324988364
2020-01-02,0.013328447219192352
2020-01-03,-0.007855191660339544
2020-01-06,0.005620384728471706
2020-01-07,-0.00031854247708495986
2020-01-08,0.006689046766684248
2020-01-09,0.008126574744484083
2020-01-10,-0.0026695847930331418
2020-01-13,0.010357422631592339
2020-01-14,-0.002436896778014286
2020-01-15,0.0007966548728952638
2020-01-16,0.010631048141058974
2020-01-17,0.003399605143178608
2020-01-21,-0.0019310868474221587
2020-01-22,0.0013830140117838674
2020-01-23,0.0019939681423002398
2020-01-24,-0.009313533039611022
2020-01-27,-0.018851559810233676
2020-01-28,0.014264766521421501
2020-01-29,0.0005912252564013176
2020-01-30,0.002562708443798023
2020-01-31,-0.015914654996416755
2020-02-03,0.01338222687366808
2020-02-04,0.02098144453400308
2020-02-05,0.0042997561370825554
2020-02-06,0.006675027996624783
2020-02-07,-0.005394882329740391
2020-02-10,0.011331313707803048
2020-02-11,0.0010957991559588098
2020-02-12,0.009027914622439681
2020-02-13,-0.0014384425219915453
2020-02-14,0.001977967547093895
2020-02-18,0.00016036564169130685
2020-02-19,0.008675814939226312
2020-02-20,-0.006744295515116572
2020-02-21,-0.017883337524623233
2020-02-24,-0.03710188867954778
2020-02-25,-0.027726076455074633
2020-02-26,0.0016920121754293582
2020-02-27,-0.04613182731047061
2020-02-28,0.00010385226940567982
2020-03-02,0.044914576985011
2020-03-03,-0.029945821009265572
2020-03-04,0.038461140546626416
2020-03-05,-0.030993259641753035
2020-03-06,-0.018649430797928912
2020-03-09,-0.07287402343694394
2020-03-10,0.04950140308971451
2020-03-11,-0.047002450227701664
2020-03-12,-0.09434674309481184
2020-03-13,0.09345998172386105
2020-03-16,-0.12321331290147408
2020-03-17,0.06230492341201921
2020-03-18,-0.047027988775385166
2020-03-19,0.022996268579562162
2020-03-20,-0.037907422283539605
2020-03-23,-0.0027400309327879624
2020-03-24,0.08121509236724389
2020-03-25,-0.004524223861369192
2020-03-26,0.055962006595761116
2020-03-27,-0.03785298373222423
2020-03-30,0.03622450792632592
2020-03-31,-0.00952513208745509
2020-04-01,-0.04409293583528773
2020-04-02,0.017217390358319706
2020-04-03,-0.01525647790392215
2020-04-06,0.0732611270359842
2020-04-07,-0.0032831644156512407
2020-04-08,0.025818870275615025
2020-04-09,0.007746996815903406
2020-04-13,0.004763532506929291
2020-04-14,0.039465788568367355
2020-04-15,-0.014392236435332606
2020-04-16,0.016582590775434225
2020-04-17,0.01380383528380058
2020-04-20,-0.010336154480887538
2020-04-21,-0.03475170735558031
2020-04-22,0.028094268330097538
2020-04-23,-7.41441608484994e-05
2020-04-24,0.016453636805085603
2020-04-27,0.011076542783169163
2020-04-28,-0.014023761913732113
2020-04-29,0.03566323240510094
2020-04-30,-0.0028223191063138087
2020-05-01,-0.03201507563689321
2020-05-04,0.01229057266160738
2020-05-05,0.0112976045226294
2020-05-06,0.005138939036791523
2020-05-07,0.014147842232649754
2020-05-08,0.01577567010165759
2020-05-11,0.0077861021011040865
2020-05-12,-0.020646542913830723
2020-05-13,-0.015482267339407163
2020-05-14,0.009088148528969997
2020-05-15,0.00792062429456597
2020-05-18,0.024434971680470374
2020-05-19,-0.005385098407798439
2020-05-20,0.020759781839260194
2020-05-21,-0.009695234740358605
2020-05-22,0.004276841643477525
2020-05-26,0.0016762005701491667
2020-05-27,0.00772365395161323
2020-05-28,-0.0046077833367589305
2020-05-29,0.012902124966358564
2020-06-01,0.006552216914684994
2020-06-02,0.005897171735574247
2020-06-03,0.007756799205120846
2020-06-04,-0.006929795366756419
2020-06-05,0.02061922153956064
2020-06-08,0.011276647530284345
2020-06-09,0.0029219879593944675
2020-06-10,0.0066909063795053125
2020-06-11,-0.05265476367524757
2020-06-12,0.010121334623245826
2020-06-15,0.014309384280850601
2020-06-16,0.017463525072283215
2020-06-17,0.0014814418617457026
2020-06-18,0.0032813109241147664
2020-06-19,0.00030878981402193695
2020-06-22,0.011095819300612542
2020-06-23,0.007446904378745289
2020-06-24,-0.021931899905181185
2020-06-25,0.010881847720358495
2020-06-26,-0.025933939646351156
2020-06-29,0.011984014641401863
2020-06-30,0.018697217818384404
2020-07-01,0.009530027630585192
2020-07-02,0.005219294116244111
2020-07-06,0.022142310252948327
2020-07-07,-0.008603004588705887
2020-07-08,0.01436696993233566
2020-07-09,0.005265665951870391
2020-07-10,0.006607137037519806
2020-07-13,-0.021342298780777758
2020-07-14,0.00940638445445674
2020-07-15,0.005902625120736804
2020-07-16,-0.00726602788562658
2020-07-17,0.0028032106061965933
2020-07-20,0.02512564309189158
2020-07-21,-0.00805505419255359
2020-07-22,0.002412796048237187
2020-07-23,-0.022856995349024745
2020-07-24,-0.009390717044975738
2020-07-27,0.01670238758465037
2020-07-28,-0.012735028000378179
2020-07-29,0.013540604633609066
2020-07-30,0.00425584692659875
2020-07-31,0.014871816487803668
2020-08-03,0.014660430152948933
2020-08-04,0.0035192902625804656
2020-08-05,0.005230744898274242
2020-08-06,0.00997144293532748
2020-08-07,-0.008740477960491821
2020-08-10,-0.0038706922883442463
2020-08-11,-0.01691593210976783
2020-08-12,0.021276430027220572
2020-08-13,0.0027478301400056804
2020-08-14,-0.002100991198777491
2020-08-17,0.010021568159487293
2020-08-18,0.007287631558350771
2020-08-19,-0.005742645841862681
2020-08-20,0.010630301888693516
2020-08-21,0.0041588829566681085
2020-08-24,0.0060043426375751
2020-08-25,0.007623210596084284
2020-08-26,0.017319179179443367
2020-08-27,-0.003405017035968405
2020-08-28,0.006046278217000989
2020-08-31,0.0068256330719147496
2020-09-01,0.013945099510527026
2020-09-02,0.009780044890400408
2020-09-03,-0.04962831474198304
2020-09-04,-0.012652161484430269
2020-09-08,-0.04114152829024975
2020-09-09,0.02709047999938785
2020-09-10,-0.01992268004866704
2020-09-11,-0.006047849782590431
2020-09-14,0.01871282571991184
2020-09-15,0.012089549470456262
2020-09-16,-0.012497460486567302
2020-09-17,-0.012686289053217337
2020-09-18,-0.010723830833645143
2020-09-21,-0.0013416188946410168
2020-09-22,0.01714846245401236
2020-09-23,-0.030158726906864608
2020-09-24,0.003694096957600479
2020-09-25,0.022609065331040012
2020-09-28,0.018689658659109654
2020-09-29,-0.0029035471587268713
2020-09-30,0.007420650470219448
2020-10-01,0.014237731001536469
2020-10-02,-0.02220368318034316
2020-10-05,0.023247878019402535
2020-10-06,-0.01569739936421055
2020-10-07,0.01882631446703864
2020-10-08,0.004961095094673684
2020-10-09,0.013918241202884873
2020-10-12,0.02558902074986724
2020-10-13,-0.0010406790726970039
2020-10-14,-0.008021807225404909
2020-10-15,-0.004661535218957846
2020-10-16,-0.003612004098706767
2020-10-19,-0.016508478266271776
2020-10-20,0.0032764827183890954
2020-10-21,-0.0027612409718876796
2020-10-22,0.0018563265651803107
2020-10-23,0.0036737764588716804
2020-10-26,-0.01639550125792366
2020-10-27,0.006374642083539106
2020-10-28,-0.037307886361706455
2020-10-29,0.01642179549945344
2020-10-30,-0.024495802530529853
2020-11-02,0.0042175804325030875
2020-11-03,0.018522283091455094
2020-11-04,0.03854730976029597
2020-11-05,0.02589553136041678
2020-11-06,0.0003616858700730141
2020-11-09,-0.01525402940188414
2020-11-10,-0.013652289708527277
2020-11-11,0.020129145485651367
2020-11-12,-0.006519348588783558
2020-11-13,0.010222407181613713
2020-11-16,0.008017374114323017
2020-11-17,-0.0020789809660017866
2020-11-18,-0.008213920743371017
2020-11-19,0.00873698100049003
2020-11-20,-0.00417819791815266
2020-11-23,0.0021645062654613856
2020-11-24,0.01314409739132727
2020-11-25,0.004786188956984239
2020-11-27,0.009214943705385448
2020-11-30,-0.000582456381777785
2020-12-01,0.012818546356685445
2020-12-02,-0.0004646040554606712
2020-12-03,0.0022519019228190995
2020-12-04,0.007033167769060933
2020-12-07,0.00447037036920972
2020-12-08,0.005017538804668709
2020-12-09,-0.019377239274069313
2020-12-10,0.005418562676863692
2020-12-11,-0.002252126551407052
2020-12-14,0.0050226671702324754
2020-12-15,0.012461337002391382
2020-12-16,0.005012350995449388
2020-12-17,0.008418230939438498
2020-12-18,-0.0007137117109617952
2020-12-21,-0.0010285738347199924
2020-12-22,0.00513245363011694
2020-12-23,-0.002873969429620815
2020-12-24,0.0026325132476352486
2020-12-28,0.0073948806151047375
2020-12-29,-0.0038141401404465647
2020-12-30,0.0015392945691514726
2020-12-31,0.0014203786664723772
2021-01-04,-0.01472889121725851
2021-01-05,0.009490116019786887
2021-01-06,-0.006097992513683037
2021-01-07,0.025641300789502663
2021-01-08,0.010292726308001487
2021-01-11,-0.012539844430301206
2021-01-12,0.002761492284541589
2021-01-13,0.004323642135673156
2021-01-14,-0.001242334431341141
2021-01-15,-0.008704551600417165
2021-01-19,0.015284816517290523
2021-01-20,0.0197065068945248
2021-01-21,0.005473641067082813
2021-01-22,0.0008979007267215788
2021-01-25,0.006861866299858299
2021-01-26,-0.0007282686399603389
2021-01-27,-0.026086775791876904
2021-01-28,0.005015639747580014
2021-01-29,-0.019979495142946724
2021-02-01,0.025453836623223758
2021-02-02,0.015622214267598356
2021-02-03,-0.0001645684665440017
2021-02-04,0.012284611399153267
2021-02-05,0.005701919834175451
2021-02-08,0.009478709727799739
2021-02-09,0.0014341624018918697
2021-02-10,-0.00251075632577924
2021-02-11,0.003810280369455299
2021-02-12,0.004969438229909917
2021-02-16,-0.0034032017018987837
2021-02-17,-0.005838032790532077
2021-02-18,-0.007169807943156803
2021-02-19,0.0006562836554027118
2021-02-22,-0.024607095138204582
2021-02-23,-0.0050136229714826674
2021-02-24,0.009860197347546285
2021-02-25,-0.03519202121238085
2021-02-26,0.005558162482053319
2021-03-01,0.030053817590480314
2021-03-02,-0.016928612525136666
2021-03-03,-0.027026402691170515
2021-03-04,-0.02110213486468815
2021-03-05,0.0154580997392475
2021-03-08,-0.02407017139681733
2021-03-09,0.03685099962979543
2021-03-10,-0.00038169672335397475
2021-03-11,0.025238666489519668
2021-03-12,-0.005881895051674801
2021-03-15,0.010499329999251517
2021-03-16,0.0008811743787140447
2021-03-17,0.003980967442432259
2021-03-18,-0.030242086440928184
2021-03-19,0.0075532959004116496
2021-03-22,0.012281260257784199
2021-03-23,-0.011200851824211822
2021-03-24,-0.02009499330572939
2021-03-25,0.0012181895920093666
2021-03-26,0.012409828654125432
2021-03-29,-0.0060188523018330775
2021-03-30,-0.0010919696746045648
2021-03-31,0.015444572694241598
2021-04-01,0.017607195685596322
2021-04-05,0.016726828364677537
2021-04-06,-0.0005260598791950732
2021-04-07,-0.0006964355744338846
2021-04-08,0.010261623933502051
2021-04-09,0.005125408395453057
2021-04-12,-0.0036107728121699267
2021-04-13,0.010548708258122819
2021-04-14,-0.009878449674107004
2021-04-15,0.013055420174782562
2021-04-16,0.0009673274813244426
2021-04-19,-0.009789850945085554
2021-04-20,-0.009234791831184364
2021-04-21,0.01189228129776998
2021-04-22,-0.00944856589330434
2021-04-23,0.014357615081555863
2021-04-26,0.008701745037853259
2021-04-27,-0.0034345640809080313
2021-04-28,-0.002781323065609853
2021-04-29,0.0022432185139893424
2021-04-30,-0.008511961175354799
2021-05-03,-0.00483858197885767
2021-05-04,-0.018828201194453165
2021-05-05,-0.0037466591942640903
2021-05-06,0.0037121457122524237
2021-05-07,0.008758291888812941
2021-05-10,-0.02547802225972562
2021-05-11,-0.0009275327257869392
2021-05-12,-0.026718837795905892
2021-05-13,0.007160285482193274
2021-05-14,0.023237368480184983
2021-05-17,-0.0037923111043243196
2021-05-18,-0.005636435871819501
2021-05-19,-0.0002931088157486217
2021-05-20,0.017744707478573485
2021-05-21,-0.004783631990481263
2021-05-24,0.014117721428874797
2021-05-25,-0.00029280069151282895
2021-05-26,0.005918508635931463
2021-05-27,-0.00012518027096375395
2021-05-28,0.0009070840642058098
2021-06-01,-0.0008917010152208471
2021-06-02,0.0014450287626555092
2021-06-03,-0.010309458387126047
2021-06-04,0.014688774858050868
2021-06-07,0.004866592327830599
2021-06-08,0.0031113169361038917
2021-06-09,-0.0009450801550839882
2021-06-10,0.007804918728772536
2021-06-11,0.003501332955533787
2021-06-14,0.007443073498693664
2021-06-15,-0.0071453576292487275
2021-06-16,-0.0023577768295566237
2021-06-17,0.008666146563395483
2021-06-18,-0.009248392997500465
2021-06-21,0.007918572901479237
2021-06-22,0.00790504662839453
2021-06-23,0.0012952072125995695
2021-06-24,0.006865284655006576
2021-06-25,-0.0006486082548177174
2021-06-28,0.009757403567579814
2021-06-29,0.0019185747914842732
2021-06-30,-0.0016780925737093222
2021-07-01,0.0012706667667650162
2021-07-02,0.008053101231080717
2021-07-06,0.0016605657624200187
2021-07-07,9.683284021178018e-05
2021-07-08,-0.007178920506270892
2021-07-09,0.009762485818334499
2021-07-12,0.0021303552642399914
2021-07-13,-0.0037730901597803346
2021-07-14,-0.0022278903259194127
2021-07-15,-0.006952588512905256
2021-07-16,-0.00796868689005259
2021-07-19,-0.010553630711868212
2021-07-20,0.01568474398635078
2021-07-21,0.009177971924420714
2021-07-22,0.0035982499502607013
2021-07-23,0.010377581211183262
2021-07-26,0.00025070627558165803
2021-07-27,-0.0121375515919806
2021-07-28,0.006957432752077386
2021-07-29,0.0010621237898131852
2021-07-30,-0.0071442835489050616
2021-08-02,0.0005718536203818125
2021-08-03,0.005464160640535676
2021-08-04,0.0013034249936207942
2021-08-05,0.0077527559316279415
2021-08-06,-0.003985221407782014
2021-08-09,0.00164601761290184
2021-08-10,-0.00485120942451589
2021-08-11,-0.0015519377793203892
2021-08-12,0.003462216978957544
2021-08-13,0.00044819847282950853
2021-08-16,-0.0019659192352415866
2021-08-17,-0.009299872399218145
2021-08-18,-0.008888368867441265
2021-08-19,0.0010932108653904926
2021-08-20,0.011887815511235633
2021-08-23,0.01549408766183169
2021-08-24,0.005163034136896005
2021-08-25,0.0014687643751494228
2021-08-26,-0.006385565282822414
2021-08-27,0.012290430225497584
2021-08-30,0.009014815323540093
2021-08-31,-0.00043557330857424414
2021-09-01,0.003285854843843916
2021-09-02,0.0014239508624365182
2021-09-03,0.0021094165230068906
2021-09-07,0.0007036504137616362
2021-09-08,-0.005703691103410624
2021-09-09,-0.002511320298010933
2021-09-10,-0.008706557514796764
2021-09-13,-0.0006556291656001356
2021-09-14,-0.004489752273612702
2021-09-15,0.008230648031459342
2021-09-16,0.001344827868280607
2021-09-17,-0.009086478918501784
2021-09-20,-0.021940308438318068
2021-09-21,0.0022087957059100383
2021-09-22,0.010202436849988672
2021-09-23,0.010431106514105393
2021-09-24,-0.0003016188282812804
2021-09-27,-0.0051656045602379574
2021-09-28,-0.028275944894625926
2021-09-29,-0.0023537507216799813
2021-09-30,-0.004400386817909885
2021-10-01,0.00817520590596521
2021-10-04,-0.02136514944288126
2021-10-05,0.01251095042120598
2021-10-06,0.004716702202846257
2021-10-07,0.010488919967170274
2021-10-08,-0.00508252988394553
2021-10-11,-0.006402111692132784
2021-10-12,-0.0013999719156209123
2021-10-13,0.00730819243666847
2021-10-14,0.017279458258460334
2021-10-15,0.004986036147378581
2021-10-18,0.008355164604418874
2021-10-19,0.007141634497185745
2021-10-20,-0.0004897952438996933
2021-10-21,0.00621759683814882
2021-10-22,-0.008248059464175173
2021-10-25,0.009046252790430476
2021-10-26,0.0005910666206350168
2021-10-27,8.524894004491301e-06
2021-10-28,0.013932955164567495
2021-10-29,0.0032540872849680103
2021-11-01,0.0062929295010552
2021-11-02,0.0034419058169636862
2021-11-03,0.010350454503191608
2021-11-04,0.008141469198615692
2021-11-05,0.0019623378893316445
2021-11-08,0.0006743541449454327
2021-11-09,-0.005995379305199555
2021-11-10,-0.01660714526110052
2021-11-11,0.005221265241686979
2021-11-12,0.009976877944862572
2021-11-15,-0.0004482926367641582
2021-11-16,0.007569817119782218
2021-11-17,-0.003273475409930282
2021-11-18,0.004530938030708143
2021-11-19,0.0039847207999677
2021-11-22,-0.012622227368676908
2021-11-23,-0.005021843179240482
2021-11-24,0.004443118848677985
2021-11-26,-0.0223139898909841
2021-11-29,0.01879526912792029
2021-11-30,-0.01553204635822969
2021-12-01,-0.018255005548189707
2021-12-02,0.008343391390618793
2021-12-03,-0.019234407705369105
2021-12-06,0.009259285033501596
2021-12-07,0.03032939047579708
2021-12-08,0.006379219948745574
2021-12-09,-0.017078626969719846
2021-12-10,0.007296951180025157
2021-12-13,-0.01390345484936839
2021-12-14,-0.0113954084973521
2021-12-15,0.021521734156584316
2021-12-16,-0.024743722282876468
2021-12-17,-0.0007081485979841817
2021-12-20,-0.012441874957189958
2021-12-21,0.02404050772065003
2021-12-22,0.011785329890441787
2021-12-23,0.008470648337796538
2021-12-27,0.013919663740542099
2021-12-28,-0.005641646623189445
2021-12-29,-0.000982148984303155
2021-12-30,-0.001564113444927684
2021-12-31,-0.00613597676383737
2022-01-03,0.012005780861697346
2022-01-04,-0.013268662568625578
2022-01-05,-0.033448068827544475
2022-01-06,-0.0012787651008169254
2022-01-07,-0.009612181106264384
2022-01-10,0.0004639618180870553
2022-01-11,0.014095062052256635
2022-01-12,0.0023057094374328013
2022-01-13,-0.025123142542254673
2022-01-14,0.005871651774452147
2022-01-18,-0.025973956147712918
2022-01-19,-0.011486990364095284
2022-01-20,-0.012987228782384785
2022-01-21,-0.02720779129382689
2022-01-24,0.0062611999653316985
2022-01-25,-0.02279587751406098
2022-01-26,0.00020902706987113717
2022-01-27,-0.013981551050466057
2022-01-28,0.03128861783890824
2022-01-31,0.03408061973195786
2022-02-01,0.007452318282233916
2022-02-02,0.004987439334134924
2022-02-03,-0.03736623070394007
2022-02-04,0.01579308962791215
2022-02-07,-0.0058405296292791675
2022-02-08,0.012755742282319904
2022-02-09,0.020847579004696026
2022-02-10,-0.021029860954935087
2022-02-11,-0.027809056735481952
2022-02-14,-1.6711350646736456e-05
2022-02-15,0.025294892996708285
2022-02-16,-0.0011082169806798658
2022-02-17,-0.02884222075150311
2022-02-18,-0.012295170961021396
2022-02-22,-0.012293321292873194
2022-02-23,-0.025709284814148692
2022-02-24,0.03344965952305512
2022-02-25,0.01640470550170625
2022-02-28,0.004146173676350395
2022-03-01,-0.015921318808865603
2022-03-02,0.01622466062683925
2022-03-03,-0.015567102786323672
2022-03-04,-0.016583024660655976
2022-03-07,-0.03624010422385804
2022-03-08,-0.0027597433362587243
2022-03-09,0.03594999879032046
2022-03-10,-0.009474510344760545
2022-03-11,-0.021793698646173865
2022-03-14,-0.02044485651336314
2022-03-15,0.02920228710808659
2022-03-16,0.03768198333754036
2022-03-17,0.013264600759922862
2022-03-18,0.02049681043012841
2022-03-21,-0.003985930702764762
2022-03-22,0.019536881439528697
2022-03-23,-0.013198885448984954
2022-03-24,0.0193383593530696
2022-03-25,-0.0015882393904287362
2022-03-28,0.013098783178834283
2022-03-29,0.018442430849983316
2022-03-30,-0.012132317995023678
2022-03-31,-0.015354234978109282
2022-04-01,0.0028817842175135056
2022-04-04,0.019005700991305163
2022-04-05,-0.02259616428127298
2022-04-06,-0.022201199444210284
2022-04-07,0.000610526451974458
2022-04-08,-0.013405467774730062
2022-04-11,-0.02181022821548395
2022-04-12,-0.0030114650323394
2022-04-13,0.020343125369180592
2022-04-14,-0.0214393549626527
2022-04-18,-0.0014021132712079831
2022-04-19,0.021549057864598486
2022-04-20,-0.012231571260869711
2022-04-21,-0.020695641619913663
2022-04-22,-0.025454971602217213
2022-04-25,0.012894760520932191
2022-04-26,-0.039532127663313155
2022-04-27,-0.00014495112707713087
2022-04-28,0.03063517815465322
2022-04-29,-0.04171148368488564
2022-05-02,0.016326369359157544
2022-05-03,0.002212842306591023
2022-05-04,0.0319252033961146
2022-05-05,-0.04991723044645091
2022-05-06,-0.014047298430269972
2022-05-09,-0.0429332850439349
2022-05-10,0.0098440558256081
2022-05-11,-0.03181463527135442
2022-05-12,0.0005913045152083907
2022-05-13,0.03817092317214654
2022-05-16,-0.012046587118805574
2022-05-17,0.027585979950759842
2022-05-18,-0.04725839355913897
2022-05-19,-0.0025967770269819113
2022-05-20,-0.002974920561311878
2022-05-23,0.015909771722706134
2022-05-24,-0.023477503945948386
2022-05-25,0.015117474542464926
2022-05-26,0.026752698354298943
2022-05-27,0.03325876158439245
2022-05-31,-0.0041002144775873495
2022-06-01,-0.007195338452745226
2022-06-02,0.026882446624324485
2022-06-03,-0.024695330174669516
2022-06-06,0.004049008555051747
2022-06-07,0.009440084373188107
2022-06-08,-0.0073067148690396655
2022-06-09,-0.027472419148148797
2022-06-10,-0.03523930712446288
2022-06-13,-0.04680671501819644
2022-06-14,0.001768779070838944
2022-06-15,0.0250085000040583
2022-06-16,-0.040818510003493014
2022-06-17,0.014301012162795113
2022-06-21,0.0250918154268005
2022-06-22,-0.0014652893000179912
2022-06-23,0.01620456472734455
2022-06-24,0.03342444110524623
2022-06-27,-0.007156532662280779
2022-06-28,-0.029763398261811846
2022-06-29,-0.0003264658188628644
2022-06-30,-0.013343253400551203
2022-07-01,0.008986463811260226
2022-07-05,0.01746884005659366
2022-07-06,0.003498369066551321
2022-07-07,0.0228395911688426
2022-07-08,0.001201234056863676
2022-07-11,-0.02257868253095774
2022-07-12,-0.009485002930735176
2022-07-13,-0.0015224856620029703
2022-07-14,0.00032098918500000906
2022-07-15,0.01788517343520679
2022-07-18,-0.008065554513161488
