Date,ZS=F
2012-03-30,
2012-04-02,0.01282965074839626
2012-04-03,-0.0029908515130190327
2012-04-04,0.0019410622904534325
2012-04-05,0.010214864388869316
2012-04-09,-0.0020920502092049986
2012-04-10,-0.0034940600978337066
2012-04-11,-0.0028050490883591017
2012-04-12,0.013361462728551432
2012-04-13,-0.00294934073560027
2012-04-16,-0.011658256481642648
2012-04-17,0.004049295774647854
2012-04-18,-0.012624934245134112
2012-04-19,0.005682827206535235
2012-04-20,0.0218965212784743
2012-04-23,-0.006566442025228936
2012-04-24,0.016698556270655862
2012-04-25,0.008383233532934131
2012-04-26,0.005259586019681128
2012-04-27,0.010464135021096999
2012-04-30,0.0041757140471021525
2012-05-01,-0.003493013972055925
2012-05-02,-0.011851109998330833
2012-05-03,-0.007601351351351315
2012-05-04,0.004255319148936065
2012-05-07,-0.0077966101694915135
2012-05-08,-0.01759480696959348
2012-05-09,-0.006955312119631407
2012-05-10,0.017159866923480926
2012-05-11,-0.0332243071096574
2012-05-14,-0.009971509971509973
2012-05-15,0.016546762589928043
2012-05-16,0.006369426751592355
2012-05-17,0.011251758087201136
2012-05-18,-0.02294853963838661
2012-05-21,0.005338078291814874
2012-05-22,-0.021415929203539852
2012-05-23,-0.014288298064749516
2012-05-24,0.009908256880734045
2012-05-25,0.0043604651162789665
2012-05-29,0.0034370477568741453
2012-05-30,-0.009734991887506705
2012-05-31,-0.02421263426178777
2012-06-01,0.003171641791044788
2012-06-04,-0.003161614283057501
2012-06-05,0.0070895522388059184
2012-06-06,0.02723230826231937
2012-06-07,0.030117222723174075
2012-06-08,-0.001225490196078427
2012-06-11,-0.001051709027169112
2012-06-12,0.007194244604316502
2012-06-13,-0.018641114982578366
2012-06-14,-0.015799751464583678
2012-06-15,-0.00721500721500723
2012-06-18,0.00599563953488369
2012-06-19,0.03575943651797009
2012-06-20,0.008892763731473519
2012-06-21,-0.005530591081921887
2012-06-22,0.0027806743135210255
2012-06-25,0.02772963604852685
2012-06-26,-0.008094435075885364
2012-06-27,0.0003400204012240504
2012-06-28,-0.003399048266485405
2012-06-29,0.031889495225102316
2012-07-02,0.012890431333663965
2012-07-03,0.026105400554739866
2012-07-05,0.034504690729845855
2012-07-06,-0.004150015370427251
2012-07-09,0.027936409939805618
2012-07-10,-0.009759759759759734
2012-07-11,-0.015617892342683848
2012-07-12,0.0016943930991990541
2012-07-13,0.009995386744579449
2012-07-16,-0.005024360535931804
2012-07-17,0.0032134659525631104
2012-07-18,0.02715070164734601
2012-07-19,0.029848529848529815
2012-07-20,0.013698630136986356
2012-07-23,-0.03357041251778092
2012-07-24,-0.02899617309390634
2012-07-25,0.027285129604365688
2012-07-26,-0.022723919138261772
2012-07-27,0.017212743469726677
2012-07-30,0.02464004749888682
2012-07-31,-0.002752426481240078
2012-08-01,-0.02251597908192915
2012-08-02,-0.017387427552385204
2012-08-03,0.0019661222020568303
2012-08-06,-0.02943396226415096
2012-08-07,-0.0013996889580093486
2012-08-08,0.015418159165239143
2012-08-09,0.03957055214723937
2012-08-10,0.008852168781351422
2012-08-13,-0.03114945890611287
2012-08-14,0.014339622641509342
2012-08-15,-0.012053571428571441
2012-08-16,-0.002108751317969615
2012-08-17,0.008905660377358515
2012-08-20,0.019599042489527152
2012-08-21,0.029200293470286187
2012-08-22,-0.0031365839749073476
2012-08-23,-0.011870709382151068
2012-08-24,0.005934288609060756
2012-08-27,-0.004460431654676245
2012-08-28,0.0015898251192367763
2012-08-29,0.017748917748917847
2012-08-30,0.003969941868708249
2012-08-31,-0.003248128795367844
2012-09-04,0.0036837631056956255
2012-09-05,-0.012987012987012991
2012-09-06,-0.0020022883295194305
2012-09-07,-0.007308684436801327
2012-09-10,-0.010827197921178033
2012-09-11,-0.009632224168126147
2012-09-12,0.026083112290008925
2012-09-13,0.0015797788309637184
2012-09-14,-0.0040149125322627155
2012-09-17,-0.03887129283040602
2012-09-18,-0.017375674056321122
2012-09-19,0.017987804878048852
2012-09-20,-0.03039832285115307
2012-09-21,0.0018532818532819295
2012-09-24,-0.007245259750269795
2012-09-25,0.0009316770186336143
2012-09-26,-0.023890784982935176
2012-09-27,-0.0014303877940241572
2012-09-28,0.01925831609103934
2012-10-01,-0.025452841973766405
2012-10-02,-0.019067457138279176
2012-10-03,0.0008167265599476892
2012-10-04,0.012893748979925013
2012-10-05,0.0
2012-10-08,-0.00032226877215602023
2012-10-09,-0.0006447453255964408
2012-10-10,-0.01725806451612899
2012-10-11,0.016576399146561727
2012-10-12,-0.01679044236357763
2012-10-15,-0.019704433497536922
2012-10-16,0.0008375209380233617
2012-10-17,0.010376569037656935
2012-10-18,0.024018552261056758
2012-10-19,-0.007279197670656767
2012-10-22,0.007984357177774237
2012-10-23,0.004364694471387098
2012-10-24,0.011105746016417228
2012-10-25,-0.004138809296402424
2012-10-26,-0.0017583120204603953
2012-10-31,-0.009127301841473145
2012-11-01,0.0074337427278603485
2012-11-02,-0.0202117420596728
2012-11-05,-0.014898493778650934
2012-11-06,0.00830978893136125
2012-11-07,-0.005274435470578487
2012-11-08,-0.006296603148301605
2012-11-09,-0.031515757878939454
2012-11-12,-0.028236914600551
2012-11-13,0.01133947554925574
2012-11-14,0.004029432375613151
2012-11-15,-0.021462222997731595
2012-11-16,-0.01337375178316691
2012-11-19,0.008313753840592852
2012-11-20,0.012905538626994062
2012-11-21,-0.0031852769421341076
2012-11-23,0.0074560624889046245
2012-11-26,0.004229074889867901
2012-11-27,0.017195999298122544
2012-11-28,-0.0020700362256339533
2012-11-29,0.001210025929127001
2012-11-30,-0.006388121546961334
2012-12-03,0.010425716768027726
2012-12-04,0.001203783319002616
2012-12-05,0.01631741669529374
2012-12-06,0.00811221902991388
2012-12-07,-0.012740989103101397
2012-12-10,0.0016980811682798524
2012-12-11,-0.0018647228343786626
2012-12-12,0.0010190217391303769
2012-12-13,0.002035968781812114
2012-12-14,0.013206908228919678
2012-12-17,0.0001671122994653107
2012-12-18,-0.02021720969089391
2012-12-19,-0.01978171896316505
2012-12-20,-0.0196590118302018
2012-12-21,0.015616681455190795
2012-12-24,0.006290407129128095
2012-12-26,-0.010592116686924835
2012-12-27,-0.004036504036504018
2012-12-28,0.0037004405286342745
2012-12-31,-0.0036867977528090012
2013-01-02,-0.009339207048458142
2013-01-03,-0.001778726431874822
2013-01-04,-0.009978617248752708
2013-01-07,0.01565874730021588
2013-01-08,0.0021265284423179764
2013-01-09,0.004244031830238804
2013-01-10,-0.0015847860538826808
2013-01-11,0.0051146384479718865
2013-01-14,0.024565713283032142
2013-01-15,-0.03168350744990578
2013-01-16,0.01627166607711361
2013-01-17,-0.00435085276714231
2013-01-18,-0.0006991784653033184
2013-01-22,0.015742522301906536
2013-01-23,-0.010160151541243279
2013-01-24,-0.0012178148921363485
2013-01-25,0.00400627068454984
2013-01-28,0.004684247050659174
2013-01-29,0.0027629079606286133
2013-01-30,0.01859824349922512
2013-01-31,-0.006931530008453035
2013-02-01,0.003915560095335335
2013-02-04,0.009835509581142876
2013-02-05,0.00453400503778334
2013-02-06,-0.005349381477766646
2013-02-07,-0.0005042016806722227
2013-02-08,-0.023036825290062235
2013-02-11,-0.014457831325301207
2013-02-12,-0.007509605309116263
2013-02-13,0.0015836705965159847
2013-02-14,-0.0035137034434293835
2013-02-15,0.004583921015514747
2013-02-19,0.032116532116532204
2013-02-20,0.008501955449753407
2013-02-21,0.003372112628561741
2013-02-22,-0.01781213241472024
2013-02-25,-0.006843455945252375
2013-02-26,-0.002411714039621038
2013-02-27,0.006734588154032162
2013-02-28,0.011492281303602025
2013-03-01,-0.006613532304561631
2013-03-04,0.017582792762034893
2013-03-05,0.00419392719342393
2013-03-06,-0.008018710324089517
2013-03-07,0.01279892219602563
2013-03-08,0.0033255736614565823
2013-03-11,0.004143188597945047
2013-03-12,-0.01650437365901969
2013-03-13,-0.00990099009900991
2013-03-14,-0.012033898305084723
2013-03-15,-0.021444501629782176
2013-03-18,-0.011570827489481017
2013-03-19,-0.0019510464703795805
2013-03-20,0.009241158699129226
2013-03-21,0.020602218700475516
2013-03-22,-0.005866114561766778
2013-03-25,-0.002256161055189221
2013-03-26,0.007305618368411926
2013-03-27,0.00414436194094292
2013-03-28,-0.03370593293207225
2013-04-01,-0.009966186154119927
2013-04-02,0.0023368685960811764
2013-04-03,-0.009863701578192274
2013-04-04,-0.005977178047455123
2013-04-05,-0.007470845481049593
2013-04-08,0.01193317422434359
2013-04-09,0.012699564586357015
2013-04-10,-0.0019706198495162974
2013-04-11,0.006641536528450898
2013-04-12,0.007845934379457908
2013-04-15,-0.01273885350318471
2013-04-16,0.011827956989247213
2013-04-17,0.007616011335458639
2013-04-18,0.0058006679557038865
2013-04-19,-0.0015728766165676866
2013-04-22,-0.007701732889900281
2013-04-23,0.0017639795378374679
2013-04-24,-0.011093502377179099
2013-04-25,0.01388888888888884
2013-04-26,0.005093080435546238
2013-04-29,0.02865629914380574
2013-04-30,-0.0027178528962119586
2013-05-01,-0.020609776869357832
2013-05-02,0.0024347826086956736
2013-05-03,0.009715475364330262
2013-05-06,-0.007216494845360799
2013-05-07,0.013153340256143897
2013-05-08,0.010591048855483454
2013-05-09,0.008282623394185284
2013-05-10,-0.0020117351215422907
2013-05-13,0.022005711406013706
2013-05-14,0.002301117685733045
2013-05-15,-0.07330272220400136
2013-05-16,0.010440629976995242
2013-05-17,0.014711033274956264
2013-05-20,0.011045909561615552
2013-05-21,0.009388869921474807
2013-05-22,0.010823608997124978
2013-05-23,0.003513468295131439
2013-05-24,-0.015505168389463142
2013-05-28,0.022353937341236252
2013-05-29,-0.004969355640218609
2013-05-30,-0.003995338771433321
2013-05-31,0.009526993147250584
2013-06-03,0.01490066225165565
2013-06-04,-0.002446982055464897
2013-06-05,0.0021259198691740977
2013-06-06,-0.0031005221932114413
2013-06-07,0.0006547716483875643
2013-06-10,-0.010796662849664629
2013-06-11,0.019017694724656753
2013-06-12,0.00016228497241166373
2013-06-13,-0.01979555411325651
2013-06-14,0.004138387684158307
2013-06-17,-0.002637652489284492
2013-06-18,-0.001157024793388417
2013-06-19,0.00810855535330135
2013-06-20,-0.016743269862114274
2013-06-21,-0.0028380634390651194
2013-06-24,0.01255650426921151
2013-06-25,0.008763227513227445
2013-06-26,0.005900672020980213
2013-06-27,0.009287925696594534
2013-06-28,0.010332579916047857
2013-07-01,0.003835091083413289
2013-07-02,0.0015918497293856415
2013-07-03,0.006675143038779474
2013-07-05,0.002841806125670976
2013-07-08,0.013381612090680006
2013-07-09,0.002485629951840984
2013-07-10,-0.013327134666046847
2013-07-11,0.005968273912360544
2013-07-12,-0.023731459797033616
2013-07-15,-0.07004637773868538
2013-07-16,0.014789337919174583
2013-07-17,0.0015251652262329163
2013-07-18,-0.005583756345177715
2013-07-19,0.014633316317849143
2013-07-22,0.01978869696461505
2013-07-23,-0.03798717316230882
2013-07-24,-0.047863247863247915
2013-07-25,-0.026750448833034124
2013-07-26,-0.004058291828076044
2013-07-29,0.013150583441378094
2013-07-30,-0.012797074954296161
2013-07-31,0.01777777777777767
2013-08-01,-0.011826783114992745
2013-08-02,-0.01970171239182472
2013-08-05,-0.0009391435011270044
2013-08-06,-0.004136115811242735
2013-08-07,0.002643005474797011
2013-08-08,0.021088307286763364
2013-08-09,-0.011063986723215957
2013-08-12,0.024613089688607204
2013-08-13,-0.010191082802547768
2013-08-14,0.006067291781577389
2013-08-15,-0.058296783625730986
2013-08-16,-0.003881234232485875
2013-08-19,0.030196766023767863
2013-08-20,-0.009644478063540074
2013-08-21,0.018140156578193567
2013-08-22,-0.008252063015753985
2013-08-23,0.03271558245083206
2013-08-26,0.04577916132576454
2013-08-27,-0.009630537559096486
2013-08-28,0.013437057991513512
2013-08-29,-0.002093510118632236
2013-08-30,-0.004195804195804231
2013-09-03,0.008075842696629199
2013-09-04,-0.02629745733194011
2013-09-05,0.018064746914684404
2013-09-06,0.00983836964160223
2013-09-09,-0.022790535838552506
2013-09-10,-0.00035606195478010694
2013-09-11,0.0010685663401603929
2013-09-12,0.026151930261519407
2013-09-13,0.03242024965325929
2013-09-16,-0.09437447523089837
2013-09-17,-0.00426478768774341
2013-09-18,0.003910614525139744
2013-09-19,-0.006121313299944364
2013-09-20,-0.018103770063456537
2013-09-23,-0.0057023379585630085
2013-09-24,0.0036321926973810204
2013-09-25,0.007047619047618969
2013-09-26,-0.003782863627766253
2013-09-27,0.002278336814125703
2013-09-30,-0.028035612805455634
2013-10-01,-0.011498733190411281
2013-10-02,0.004534700315457441
2013-10-03,0.011383709519136476
2013-10-04,0.005239666213856076
2013-10-07,0.0011583011583011782
2013-10-08,-0.005977632086386464
2013-10-09,-0.0007759456838021261
2013-10-10,0.00019413706076498727
2013-10-11,-0.016498447204968958
2013-10-14,0.004933885928557258
2013-10-15,-0.004713275726630051
2013-10-16,0.007498026835043303
2013-10-17,0.01312181746964347
2013-10-18,-0.001546491397641625
2013-10-21,0.009293320425943774
2013-10-22,-0.0007673124880107629
2013-10-23,0.005951238241505008
2013-10-24,-0.0001908396946564972
2013-10-25,-0.007444168734491274
2013-10-28,-0.022115384615384648
2013-10-29,0.0060963618485743165
2013-10-30,0.006645817044566016
2013-10-31,-0.005631067961165082
2013-11-01,-0.011130638547158789
2013-11-04,-0.0015797788309637184
2013-11-05,-0.003757911392405111
2013-11-06,0.0029779630732578166
2013-11-07,0.012470308788598672
2013-11-08,0.021309872922776085
2013-11-11,0.0015313935681469104
2013-11-12,0.008600917431192734
2013-11-13,0.0003790032215273964
2013-11-14,-0.0018942981625307276
2013-11-15,-0.027899032074397367
2013-11-18,0.005466614603670372
2013-11-19,-0.008737864077669855
2013-11-20,-0.0019588638589618235
2013-11-21,0.013935230618253192
2013-11-22,0.021680216802167918
2013-11-25,0.00738916256157629
2013-11-26,0.0
2013-11-27,-0.006958811359789374
2013-11-29,0.012499999999999956
2013-12-02,-0.011410400299289192
2013-12-03,-0.0011352885525071077
2013-12-04,0.007387762833870104
2013-12-05,-0.001128243700639353
2013-12-06,-0.0018825301204818956
2013-12-09,0.013768389287061478
2013-12-10,-0.0040930232558139545
2013-12-11,0.00429665608070251
2013-12-12,-0.015066964285714302
2013-12-13,0.0028328611898016387
2013-12-16,0.007721280602636549
2013-12-17,0.006540833489067532
2013-12-18,-0.016709988860007408
2013-12-19,0.0022658610271903967
2013-12-20,0.009042954031650341
2013-12-23,-0.007841672890216533
2013-12-24,0.003951825366955264
2013-12-26,-0.011246485473289547
2013-12-27,0.009668246445497575
2013-12-30,-0.0024408561772436554
2013-12-31,-0.011857707509881465
2014-01-02,-0.01942857142857146
2014-01-03,0.0017482517482516613
2014-01-06,0.005817335660267542
2014-01-07,0.002120686331212651
2014-01-08,0.0009619084263177147
2014-01-09,-0.0034595425715933104
2014-01-10,0.005785920925747368
2014-01-13,0.017641418983700863
2014-01-14,0.009233088373845844
2014-01-15,-0.015683345780433178
2014-01-16,-0.0022761760242792084
2014-01-17,0.0011406844106462977
2014-01-21,-0.027345233573870087
2014-01-22,-0.0007809449433815452
2014-01-23,-0.0019538882375927935
2014-01-24,0.006068911511354802
2014-01-27,0.0023350846468184194
2014-01-28,-0.0017472335468841083
2014-01-29,-0.012640995721509118
2014-01-30,0.004530234390388133
2014-01-31,0.006078431372549042
2014-02-03,0.007795751315533117
2014-02-04,0.015857667762521732
2014-02-05,0.0022844089091946795
2014-02-06,0.007217473884140624
2014-02-07,0.0043371676409580395
2014-02-10,-0.0045061960195268425
2014-02-11,0.006978498679743428
2014-02-12,-0.008803146656677252
2014-02-13,0.016061980347694682
2014-02-14,-0.005021387390738319
2014-02-18,0.017570093457943914
2014-02-19,-0.004959588537839843
2014-02-20,0.002953664389883759
2014-02-21,0.009203018590097534
2014-02-24,0.011490060186029494
2014-02-25,0.009015506671474993
2014-02-26,0.005897069335239369
2014-02-27,-0.009770829632261502
2014-02-28,0.014890563329745143
2014-03-03,-0.004949619939897509
2014-03-04,0.00763901225794994
2014-03-05,0.0014104372355430161
2014-03-06,0.012323943661971759
2014-03-07,0.013913043478260834
2014-03-10,-0.02624356775300174
2014-03-11,-0.005460630614761319
2014-03-12,-0.021076868579525287
2014-03-13,0.006513479283517309
2014-03-14,-0.010605788243753356
2014-03-17,0.01144622093023262
2014-03-18,0.019040776001437054
2014-03-19,0.009166225982725207
2014-03-20,0.0017467248908296096
2014-03-21,-0.017436791630340065
2014-03-24,0.01188997338065656
2014-03-25,0.0017537706068047054
2014-03-26,0.008403361344537785
2014-03-27,-0.0024305555555556024
2014-03-28,0.0
2014-03-31,0.0191437521754263
2014-04-01,0.014002732240437243
2014-04-02,-0.01498821151902996
2014-04-03,0.008890408616857526
2014-04-04,-0.0010167768174885738
2014-04-07,-0.006446140797285782
2014-04-08,0.012463718627283571
2014-04-09,0.008600337268128255
2014-04-10,-0.008694198294599609
2014-04-11,-0.012987012987012991
2014-04-14,0.009056732740943207
2014-04-15,0.01693480101608813
2014-04-16,0.011656952539550458
2014-04-17,-0.0031275720164608556
2014-04-21,-0.010072655217965631
2014-04-22,-0.01267723102585483
2014-04-23,-0.007602635580334471
2014-04-24,0.0023833844058562814
2014-04-25,0.017663043478260976
2014-04-28,0.0068424566088116645
2014-04-29,0.01044256588761816
2014-04-30,0.00442913385826782
2014-05-01,-0.03739996733627304
2014-05-02,0.004920257889378998
2014-05-05,-0.005909167651527936
2014-05-06,-0.005434782608695676
2014-05-07,-0.008879781420765065
2014-05-08,0.016023432115782166
2014-05-09,0.0181448193996947
2014-05-12,-0.011492338441039363
2014-05-13,0.01246840775063185
2014-05-14,-0.003994008986520248
2014-05-15,-0.017376775271512157
2014-05-16,-0.0035708212888964086
2014-05-19,0.013822525597269708
2014-05-20,-0.010435953543174503
2014-05-21,0.024153767647559166
2014-05-22,0.008968609865470878
2014-05-23,-0.0021399176954732813
2014-05-27,-0.017650940283734706
2014-05-28,0.006045340050377934
2014-05-29,0.0008345852111499852
2014-05-30,-0.00383589059372913
2014-06-02,0.0048551816507618195
2014-06-03,-0.012829056981006337
2014-06-04,0.0008438818565401629
2014-06-05,-0.014839797639123131
2014-06-06,-0.002396439575487852
2014-06-09,0.0
2014-06-10,0.003774879890185323
2014-06-11,-0.011623931623931605
2014-06-12,-0.020927014873746153
2014-06-13,0.007419183889772141
2014-06-16,-0.0028055409433631606
2014-06-17,-0.016528925619834656
2014-06-18,0.007688181655640891
2014-06-19,0.008339247693399665
2014-06-20,-0.0035192679922576575
2014-06-23,0.006357054564718245
2014-06-24,-0.007896122126688887
2014-06-25,0.0015917934205871287
2014-06-26,0.01500971216669611
2014-06-27,-0.00347947112038971
2014-06-30,-0.021997206703910588
2014-07-01,-0.000357015351660106
2014-07-02,-0.005357142857142838
2014-07-03,-0.003411131059245953
2014-07-07,-0.017834624392001452
2014-07-08,-0.024394717534849564
2014-07-09,0.0035721000188004837
2014-07-10,-0.003559385537654558
2014-07-11,-0.02556871592404586
2014-07-14,-0.0005788153579008304
2014-07-15,-0.08841698841698842
2014-07-16,0.00571791613723005
2014-07-17,-0.010528532322594208
2014-07-18,0.0017024898914663744
2014-07-21,-0.0008497981729339577
2014-07-22,0.007016797788645501
2014-07-23,0.014358108108108114
2014-07-24,0.005412156536219737
2014-07-25,0.003933747412008248
2014-07-28,0.020004124561765257
2014-07-29,-0.008087343307723427
2014-07-30,-0.004891969017529529
2014-07-31,0.0032773453502663585
2014-08-01,-0.007758268681094305
2014-08-04,0.014403292181069949
2014-08-05,-0.00791075050709944
2014-08-06,0.01165405847474954
2014-08-07,0.010509296685529579
2014-08-08,0.027800000000000047
2014-08-11,0.023350846468184416
2014-08-12,-0.01882487164860236
2014-08-13,-0.019767441860465085
2014-08-14,-0.031633056544088545
2014-08-15,-0.09963250306247451
2014-08-18,0.011791383219954543
2014-08-19,0.004258180188256411
2014-08-20,-0.00044632894443208393
2014-08-21,0.014735432016075078
2014-08-22,0.026182618261826107
2014-08-25,-0.03451972555746141
2014-08-26,-0.04463690872751502
2014-08-27,0.009530450953045166
2014-08-28,-0.011052268017499478
2014-08-29,0.014668218859138493
2014-09-02,0.00711335474988517
2014-09-03,-0.015037593984962405
2014-09-04,-0.01526717557251911
2014-09-05,0.019967112990368907
2014-09-08,0.0048364808843850415
2014-09-09,-0.013064405225762132
2014-09-10,-0.00510915002322343
2014-09-11,-0.008870214752567662
2014-09-12,0.027790861987753157
2014-09-15,-0.0930339138405133
2014-09-16,-0.008842849924204144
2014-09-17,0.0017843487127198188
2014-09-18,-0.01119592875318065
2014-09-19,-0.014925373134328401
2014-09-22,-0.019592476489028177
2014-09-23,-0.0021316280309086055
2014-09-24,0.0005340453938584844
2014-09-25,-0.014945289564985309
2014-09-26,-0.013546464372798717
2014-09-29,0.01455644053831362
2014-09-30,-0.011099079588521965
2014-10-01,0.003832466465918394
2014-10-02,0.008453776929369994
2014-10-03,-0.013250405624661954
2014-10-06,0.03288572211564822
2014-10-07,-0.0015919342000531023
2014-10-08,-0.006112144565506239
2014-10-09,0.007486631016042855
2014-10-10,-0.02070063694267521
2014-10-13,0.024661246612466048
2014-10-14,0.02062946310499858
2014-10-15,-0.012697590049235541
2014-10-16,0.014698162729658737
2014-10-17,-0.015261251939989617
2014-10-20,-0.007880220646178104
2014-10-21,0.02118083134763049
2014-10-22,-0.0015556131708581722
2014-10-23,0.031680083095299905
2014-10-24,-0.015857034986156537
2014-10-27,0.029156010230179108
2014-10-28,0.001988071570576455
2014-10-29,0.03472222222222232
2014-10-30,-0.01797698945349957
2014-10-31,0.021723212106419254
2014-11-03,-0.01696129956999526
2014-11-04,-0.018226002430133614
2014-11-05,0.010396039603960405
2014-11-06,0.010289073983341446
2014-11-07,0.008971871968962208
2014-11-10,-0.012256669069935167
2014-11-11,0.03795620437956204
2014-11-12,-0.017112048757618403
2014-11-13,0.002146434533746744
2014-11-14,-0.02808186577820082
2014-11-17,0.014936336924583848
2014-11-18,-0.012545235223160422
2014-11-19,-0.01807964817981922
2014-11-20,0.015675541179397845
2014-11-21,0.01812836844683985
2014-11-24,-0.005052935514918144
2014-11-25,0.016686819830713517
2014-11-26,-0.0038058991436726863
2014-11-28,-0.029608404966571134
2014-12-01,0.0009842519685039353
2014-12-02,-0.02089478859390359
2014-12-03,0.002510670348983224
2014-12-04,0.012271475081392369
2014-12-05,0.025235032162295834
2014-12-08,0.007480694980694924
2014-12-09,0.005269461077844317
2014-12-10,-0.01644031451036454
2014-12-11,0.009932170542635621
2014-12-12,0.0047973135044374615
2014-12-15,-0.007400334208641723
2014-12-16,-0.015392015392015401
2014-12-17,0.0034196384953590897
2014-12-18,0.00778967867575453
2014-12-19,-0.004347826086956497
2014-12-22,0.007520621057738985
2014-12-23,0.00024078979051278537
2014-12-24,-0.009388541165141984
2014-12-26,0.018226002430133725
2014-12-29,-0.00548926014319806
2014-12-30,-0.0038396928245740813
2014-12-31,-0.017827029631414137
2015-01-02,-0.01643365219524162
2015-01-05,0.03715710723192012
2015-01-06,0.010819908631882758
2015-01-07,0.0016650808753568835
2015-01-08,-0.0073616718119211555
2015-01-09,0.0062200956937799035
2015-01-12,-0.03613884926295763
2015-01-13,-0.013320177602368033
2015-01-14,-0.007499999999999951
2015-01-15,-0.0015113350125944836
2015-01-16,0.0007568113017153433
2015-01-20,-0.009831106629694997
2015-01-21,0.0015274949083503575
2015-01-22,-0.00686324351804779
2015-01-23,-0.004095213718965929
2015-01-26,0.011051143664867702
2015-01-27,-0.009913573970513512
2015-01-28,-0.0035943517329910524
2015-01-29,-0.0020613244009275444
2015-01-30,-0.007487735605473778
2015-02-02,-0.0015608740894901274
2015-02-03,0.028660760812923458
2015-02-04,-0.015197568389057725
2015-02-05,0.009516460905349744
2015-02-06,-0.007898089171974543
2015-02-09,0.005136106831022058
2015-02-10,-0.009708737864077666
2015-02-11,0.009029927760577872
2015-02-12,0.006136537969828604
2015-02-13,0.00686149936467606
2015-02-17,0.017415446744068586
2015-02-18,-0.01190771520714462
2015-02-19,0.011549083605322696
2015-02-20,-0.007942417473318475
2015-02-23,0.0
2015-02-24,0.016762571928946812
2015-02-25,-0.008120078740157521
2015-02-26,0.016125031009674995
2015-02-27,0.006591796875
2015-03-02,-0.018918263400436564
2015-03-03,-0.0024721878862793423
2015-03-04,-0.019578686493184616
2015-03-05,-0.009858442871587436
2015-03-06,0.0
2015-03-09,0.009190707173857504
2015-03-10,-0.00834809005818371
2015-03-11,0.009183673469387754
2015-03-12,-0.0025278058645096246
2015-03-13,-0.018499746578814036
2015-03-16,0.0010327911179963678
2015-03-17,-0.015217952024761394
2015-03-18,0.011000523834468368
2015-03-19,-0.0033678756476683835
2015-03-20,0.01247725500389918
2015-03-23,0.010012836970475059
2015-03-24,-0.001779359430605032
2015-03-25,-0.0030557677616500634
2015-03-26,-0.004342273307790578
2015-03-27,-0.007439712673165677
2015-03-30,0.0005169294391316193
2015-03-31,0.005683285972616803
2015-04-01,0.01695350629334702
2015-04-02,-0.0037888355645364635
2015-04-06,-0.007606490872210991
2015-04-07,-0.007664793050587648
2015-04-08,0.000514933058702427
2015-04-09,-0.018528049408131797
2015-04-10,-0.002097535395909844
2015-04-13,-0.0028901734104046506
2015-04-14,0.0121212121212122
2015-04-15,0.004946628482166204
2015-04-16,0.0010362694300518616
2015-04-17,0.0028467908902691796
2015-04-20,0.00903225806451613
2015-04-21,-0.0023017902813299296
2015-04-22,-0.004870546013842625
2015-04-23,0.00798557444616188
2015-04-24,-0.008688985433171426
2015-04-27,0.0033513792214487914
2015-04-28,0.004624871531346386
2015-04-29,0.011253196930946396
2015-04-30,-0.010116337885685334
2015-05-01,-0.010219724067450198
2015-05-04,0.014971605575632374
2015-05-05,0.010681586978636748
2015-05-06,-0.003019627579265216
2015-05-07,-0.009086320040383677
2015-05-08,0.0030565461029037344
2015-05-11,-0.001523616048755727
2015-05-12,-0.016276703967446626
2015-05-13,0.008273009307135482
2015-05-14,-0.012307692307692353
2015-05-15,-0.010124610591900285
2015-05-18,0.001311303435614919
2015-05-19,-0.00864326872708221
2015-05-20,-0.005284015852047519
2015-05-21,-0.0029216467463479834
2015-05-22,-0.015183803942461327
2015-05-26,-0.0018934271030565109
2015-05-27,0.004878048780487809
2015-05-28,-0.0010787486515642097
2015-05-29,0.008639308855291628
2015-06-01,-0.008565310492505307
2015-06-02,0.015928725701943813
2015-06-03,-0.005846399149614712
2015-06-04,0.012028869286287103
2015-06-05,-0.009244585314315934
2015-06-08,0.006931484937350074
2015-06-09,0.007678051363515959
2015-06-10,-0.0021019442984760994
2015-06-11,-0.010005265929436513
2015-06-12,0.0
2015-06-15,-0.002393617021276606
2015-06-16,0.021061050386563585
2015-06-17,0.01201044386422967
2015-06-18,0.009029927760577872
2015-06-19,-0.006392227051904897
2015-06-22,0.018528049408131686
2015-06-23,-0.002021222839818093
2015-06-24,-0.005822784810126547
2015-06-25,0.018843901196842427
2015-06-26,0.0017495626093475547
2015-06-29,0.0004990019960080527
2015-06-30,0.05361596009975056
2015-07-01,-0.011597633136094632
2015-07-02,0.001197318007662762
2015-07-06,-0.011002152595072978
2015-07-07,-0.03071342200725513
2015-07-08,0.004241516966067893
2015-07-09,0.03130434782608704
2015-07-10,0.005540833534088074
2015-07-13,0.0016770483948251869
2015-07-14,-0.0059794307581918504
2015-07-15,-0.013474494706448459
2015-07-16,-0.005853658536585371
2015-07-17,-0.004170755642787016
2015-07-20,-0.006898250800689842
2015-07-21,0.010915405606549244
2015-07-22,0.001963190184049113
2015-07-23,-0.010531471956894412
2015-07-24,-0.01856435643564358
2015-07-27,-0.030264817150063017
2015-07-28,0.014044213263979088
2015-07-29,0.008463708643241752
2015-07-30,0.007375381485249299
2015-07-31,-0.009593536985609719
2015-08-03,-0.003313790466479727
2015-08-04,-0.001534526854219953
2015-08-05,0.01613729508196715
2015-08-06,-0.0063019914292916646
2015-08-07,0.023845763571791023
2015-08-10,0.03543111992071357
2015-08-11,-0.02943287867910982
2015-08-12,-0.062130177514792884
2015-08-13,0.04416403785488954
2015-08-14,-0.01460221550855989
2015-08-17,-0.052631578947368474
2015-08-18,-0.014832793959007606
2015-08-19,-0.010676156583629859
2015-08-20,0.01992252351964585
2015-08-21,-0.01763429191535537
2015-08-24,-0.013808340237503436
2015-08-25,0.0016802016241947992
2015-08-26,-0.018451216102879475
2015-08-27,0.00968385075477074
2015-08-28,0.00789844851904098
2015-08-31,0.004757906521130728
2015-09-01,-0.014206128133704699
2015-09-02,-0.0011302627860977355
2015-09-03,-0.004526166902404483
2015-09-04,-0.0028417163967036085
2015-09-08,0.015388999715018503
2015-09-09,-0.008981195621667104
2015-09-10,0.0019824412347777542
2015-09-11,0.0036743923120408084
2015-09-14,-0.005632216277105084
2015-09-15,0.007080147267063186
2015-09-16,-0.0019685039370078705
2015-09-17,-0.003099464637926208
2015-09-18,-0.019502543810062223
2015-09-21,0.008071490343038334
2015-09-22,-0.014297969688304213
2015-09-23,0.0023208587177254714
2015-09-24,0.004920405209840828
2015-09-25,0.024481566820276468
2015-09-28,-0.014056789429294336
2015-09-29,0.008554319931565413
2015-09-30,0.008764489680520127
2015-10-01,-0.016535874439461917
2015-10-02,-0.0034197777144485686
2015-10-05,0.011438375750643326
2015-10-06,0.004240882103477617
2015-10-07,0.0033783783783782884
2015-10-08,-0.01094276094276092
2015-10-09,0.005106382978723456
2015-10-12,0.0019757267852102967
2015-10-13,0.02985915492957747
2015-10-14,-0.003829321663019747
2015-10-15,-0.005766062602965416
2015-10-16,-0.007732670533001973
2015-10-19,-0.008071249652101264
2015-10-20,0.0056116722783390305
2015-10-21,0.01032366071428581
2015-10-22,-0.00718033692350184
2015-10-23,-0.003616133518776099
2015-10-26,-0.011725293132328285
2015-10-27,0.007062146892655274
2015-10-28,-0.010939691444600275
2015-10-29,-0.00311968235961424
2015-10-30,0.005689900426742556
2015-11-02,-0.006789250353606779
2015-11-03,0.0008544574195386012
2015-11-04,0.003984063745019917
2015-11-05,-0.016156462585034004
2015-11-06,0.004033419763756818
2015-11-09,0.00258249641319952
2015-11-10,-0.010303377218088161
2015-11-11,0.0046269519953729965
2015-11-12,0.0008635578583764403
2015-11-13,-0.011791774518262854
2015-11-16,0.0005820721769498327
2015-11-17,0.005235602094240788
2015-11-18,-0.00723379629629628
2015-11-19,0.0026231419411251178
2015-11-20,-0.0029069767441860517
2015-11-23,0.007871720116618075
2015-11-24,-0.0005785363031530766
2015-11-25,0.013314037626628084
2015-11-27,-0.0025706940874036244
2015-11-30,0.009163802978235935
2015-12-01,0.009364358683314311
2015-12-02,0.0033736294630306585
2015-12-03,0.00588400112076215
2015-12-04,0.009470752089136392
2015-12-07,-0.026214128035320083
2015-12-08,-0.006234060640408101
2015-12-09,0.0
2015-12-10,0.0017108639863130382
2015-12-11,-0.00853970964987194
2015-12-14,0.0040195233993682855
2015-12-15,-0.008006863025450395
2015-12-16,-0.0054770827327760285
2015-12-17,0.016811594202898572
2015-12-18,0.017388825541619246
2015-12-21,-0.0011207621182404148
2015-12-22,-0.006732117812061733
2015-12-23,-0.003953685399604612
2015-12-24,-0.007371703997731793
2015-12-28,-0.011710939731505277
2015-12-29,0.005780346820809301
2015-12-30,0.006321839080459801
2015-12-31,-0.004854368932038833
2016-01-04,-0.0077474892395982264
2016-01-05,0.003759398496240518
2016-01-06,0.009219245174301394
2016-01-07,0.0014273479874393757
2016-01-08,0.002850627137970463
2016-01-11,0.0017055144968731728
2016-01-12,0.011066969353007883
2016-01-13,0.009261857984844246
2016-01-14,-0.0033370411568409697
2016-01-15,-0.0189732142857143
2016-01-19,0.005119453924914641
2016-01-20,-0.010752688172043001
2016-01-21,0.005148741418764313
2016-01-22,-0.0022766078542970636
2016-01-25,0.004563605248146141
2016-01-26,-0.004542873367404887
2016-01-27,0.00741585852823734
2016-01-28,-0.017270668176670445
2016-01-29,0.016709881878421262
2016-02-01,-0.0017001983564749468
2016-02-02,0.006244677831393597
2016-02-03,-0.0107193229901269
2016-02-04,-0.0025662959794696683
2016-02-05,-0.00800457404230992
2016-02-08,-0.0057636887608069065
2016-02-09,0.0008695652173913437
2016-02-10,-0.0011584129742253646
2016-02-11,0.013047260075384148
2016-02-12,-0.0008586147681740597
2016-02-16,0.008020624462904635
2016-02-17,0.003125888036374036
2016-02-18,-0.003116147308781847
2016-02-19,-0.0017050298380221207
2016-02-22,0.003131226871619708
2016-02-23,-0.013337116912599312
2016-02-24,-0.002013229795800986
2016-02-25,-0.009798270893371708
2016-02-26,-0.00465657741559955
2016-02-29,-0.002339181286549752
2016-03-01,-0.002637749120750321
2016-03-02,0.004114017043785001
2016-03-03,0.0023412350014633265
2016-03-04,0.016642335766423377
2016-03-07,0.003446295232624852
2016-03-08,0.004579278763594763
2016-03-09,0.002849002849002913
2016-03-10,0.0019886363636363313
2016-03-11,0.007088176920895917
2016-03-14,0.0
2016-03-15,0.0045045045045044585
2016-03-16,0.002802690582959677
2016-03-17,0.0036333147009501854
2016-03-18,-0.0002784739626845445
2016-03-21,0.005013927576601684
2016-03-22,0.009146341463414531
2016-03-23,-0.005492996429552366
2016-03-24,0.0057995028997515075
2016-03-28,-0.0016474464579900872
2016-03-29,0.007700770077007757
2016-03-30,-0.007641921397379958
2016-03-31,0.0019251925192518282
2016-04-01,0.008234971177600858
2016-04-04,-0.005172883201742473
2016-04-05,-0.009578544061302652
2016-04-06,0.0035921525283226785
2016-04-07,-0.0038546255506607396
2016-04-08,0.01354339414040906
2016-04-11,0.012544314153258851
2016-04-12,0.00861836789657966
2016-04-13,0.02082777036048067
2016-04-14,-0.00810881506670158
2016-04-15,0.00843881856540074
2016-04-18,-0.0018305439330543738
2016-04-19,0.03274823159549389
2016-04-20,0.0246067985794014
2016-04-21,0.00891309730131229
2016-04-22,-0.03116564417177914
2016-04-25,0.012917933130699
2016-04-26,0.018004501125281402
2016-04-27,0.001228199459592183
2016-04-28,-0.0009813542688911214
2016-04-29,0.0029469548133596035
2016-05-02,0.014201762977473109
2016-05-03,-0.013520038628681785
2016-05-04,0.002936857562408246
2016-05-05,-0.020497803806734938
2016-05-06,0.022670652715495843
2016-05-09,-0.0073081607795371095
2016-05-10,0.05619631901840494
2016-05-11,-0.005808550185873562
2016-05-12,-0.00490768871231595
2016-05-13,-0.008924377642085535
2016-05-16,0.009004739336492928
2016-05-17,0.014795678722404837
2016-05-18,-0.004628558204119448
2016-05-19,-0.003487561032318065
2016-05-20,0.0025664955669622014
2016-05-23,-0.014661391668606027
2016-05-24,-0.003542749173358506
2016-05-25,0.029153827921308384
2016-05-26,-0.005297098111469389
2016-05-27,0.006251447094234752
2016-05-31,-0.007363092498849477
2016-06-01,0.019703291608715867
2016-06-02,0.04046374175949086
2016-06-03,-0.010705702425169328
2016-06-06,0.005521201413427601
2016-06-07,0.0026356248627279477
2016-06-08,0.03198247535596943
2016-06-09,-0.0014858841010401136
2016-06-10,0.001913265306122458
2016-06-13,-0.00785062592828345
2016-06-14,0.00042771599657820403
2016-06-15,-0.011543394613082514
2016-06-16,-0.018598615916954997
2016-06-17,0.02203613926840009
2016-06-20,-0.013799051315222077
2016-06-21,-0.008963707914298236
2016-06-22,0.003750275755570298
2016-06-23,-0.011428571428571455
2016-06-24,-0.019119608714984415
2016-06-27,0.027198549410698103
2016-06-28,0.015445719329214569
2016-06-29,-0.0052151238591916504
2016-06-30,0.02664919178680636
2016-07-01,-0.005319148936170248
2016-07-05,-0.04427807486631019
2016-07-06,-0.009623992837958784
2016-07-07,-0.047005649717514086
2016-07-08,0.033673227412852835
2016-07-11,-0.006423491626519895
2016-07-12,0.02262756869083349
2016-07-13,0.018740121923684905
2016-07-14,-0.0146276595744681
2016-07-15,-0.03508771929824561
2016-07-18,0.005361305361305302
2016-07-19,-0.03176443310920474
2016-07-20,-0.016283524904214586
2016-07-21,0.00535540408958135
2016-07-22,-0.025181598062953947
2016-07-25,-0.022603079980129115
2016-07-26,0.009911054637865346
2016-07-27,0.01711122294916967
2016-07-28,-0.006927263730826305
2016-07-29,0.028898854010961594
2016-08-01,-0.03535108958837774
2016-08-02,-0.010793172690763075
2016-08-03,0.005328596802841812
2016-08-04,0.0
2016-08-05,0.01337708228167589
2016-08-08,0.014943960149439661
2016-08-09,0.0031901840490797806
2016-08-10,-0.004892367906066508
2016-08-11,0.005162241887905594
2016-08-12,-0.0185864514551235
2016-08-15,0.020433590829803228
2016-08-16,-0.004151404151404137
2016-08-17,0.010789602746444249
2016-08-18,0.001698204754973398
2016-08-19,-0.0050859772341971254
2016-08-22,0.008033106134371915
2016-08-23,-0.0009659502535619424
2016-08-24,-0.0033840947546531774
2016-08-25,-0.031530439000727606
2016-08-26,-0.007513148009015813
2016-08-29,-0.007570022710068125
2016-08-30,-0.01805237732011189
2016-08-31,-0.005696530295183799
2016-09-01,-0.0010416666666667185
2016-09-02,0.009906152241918598
2016-09-06,0.005937016004130102
2016-09-07,0.017962535283551517
2016-09-08,0.0002520796571716666
2016-09-09,0.005292338709677491
2016-09-12,-0.012785159187766348
2016-09-13,-0.016505840528186932
2016-09-14,0.0038729666924863793
2016-09-15,-0.022119341563786032
2016-09-16,0.01630720673329833
2016-09-19,0.006728778467908869
2016-09-20,0.017737789203084775
2016-09-21,-0.01439757514523865
2016-09-22,0.001025115325474113
2016-09-23,-0.022017409114183262
2016-09-26,-0.01020942408376968
2016-09-27,0.007669928590320119
2016-09-28,-0.0073490813648293685
2016-09-29,0.005023796932839719
2016-09-30,0.003946329913180779
2016-10-03,0.01991614255765195
2016-10-04,-0.009763617677286729
2016-10-05,-0.007005708354955842
2016-10-06,0.0018291089626338852
2016-10-07,-0.0018257694314032236
2016-10-11,-0.002613012803762693
2016-10-12,-0.009169504846738286
2016-10-13,0.011369645690111119
2016-10-14,0.006535947712418277
2016-10-17,0.016363636363636358
2016-10-18,-0.005877843087145451
2016-10-19,0.009254498714653003
2016-10-20,-0.006113092205807469
2016-10-21,0.0076883649410559585
2016-10-24,0.00915564598168861
2016-10-25,-0.0012600806451612545
2016-10-26,0.0194297249558415
2016-10-27,0.004207920792079101
2016-10-28,-0.012817352723687447
2016-10-31,0.0009987515605494046
2016-11-01,-0.01795959092042898
2016-11-02,-0.007620015240030531
2016-11-03,0.003071410289224419
2016-11-04,0.0017861699413115328
2016-11-07,0.007896077432501203
2016-11-08,0.012635835228708592
2016-11-09,-0.019715497878712296
2016-11-10,0.007128309572301372
2016-11-14,-0.018200202224469164
2016-11-15,0.01905252317198758
2016-11-16,-0.0037897928246589663
2016-11-17,0.003804209992391616
2016-11-18,0.004295098534613517
2016-11-21,0.026666666666666616
2016-11-22,0.009556481254594518
2016-11-23,0.004126213592233086
2016-11-25,0.011360889533478469
2016-11-28,0.009560229445506607
2016-11-29,-0.01278409090909094
2016-11-30,-0.009832134292565908
2016-12-01,-0.002421893921046303
2016-12-02,-0.002184996358339353
2016-12-05,0.015571776155717698
2016-12-06,0.00407283181600393
2016-12-07,0.0011930326890956522
2016-12-08,-0.02097235462345093
2016-12-09,0.010223953261927932
2016-12-12,-0.006265060240963849
2016-12-13,-0.0029097963142580285
2016-12-14,-0.004134241245136172
2016-12-15,0.00512820512820511
2016-12-16,0.007531584062196339
2016-12-19,-0.014709428502531985
2016-12-20,-0.015907978463044592
2016-12-21,0.0014921661278288756
2016-12-22,-0.01216786689843552
2016-12-23,-0.005530417295123158
2016-12-27,0.02603640040444888
2016-12-28,-0.007883715200788344
2016-12-29,-0.0034765333995530057
2016-12-30,-0.006728133565910843
2017-01-03,-0.009784244856999469
2017-01-04,0.019761844438814347
2017-01-05,-0.0027329192546583503
2017-01-06,-0.01743896362730446
2017-01-09,0.010649087221095366
2017-01-10,0.009031610637230347
2017-01-11,-0.0024863252113376255
2017-01-12,0.02891326021934204
2017-01-13,0.01017441860465107
2017-01-17,0.025659472422062457
2017-01-18,0.0053776011222819164
2017-01-19,-0.0044186046511628385
2017-01-20,-0.002569493109086607
2017-01-23,-0.00913348946135828
2017-01-24,0.0007090522335144733
2017-01-25,-0.0030703826169107273
2017-01-26,-0.005448945747453249
2017-01-27,-0.00023820867079560326
2017-01-30,-0.025256135334762897
2017-01-31,0.0017110730872647029
2017-02-01,0.011957052220595399
2017-02-02,0.0004822763443452782
2017-02-03,-0.009881899252832005
2017-02-06,0.008763388510223846
2017-02-07,0.006515444015444016
2017-02-08,0.015344042196115959
2017-02-09,-0.007792207792207795
2017-02-10,0.008091385054735944
2017-02-13,-0.004485363550519317
2017-02-14,-0.008774009959687024
2017-02-15,0.015550239234449759
2017-02-16,-0.01648998822143699
2017-02-17,-0.010778443113772407
2017-02-21,-0.006053268765133124
2017-02-22,-0.003410475030450666
2017-02-23,-0.010999755560987534
2017-02-24,0.001977261492832394
2017-02-27,-0.0024666995559941007
2017-02-28,0.013847675568743778
2017-03-01,0.01585365853658538
2017-03-02,-0.013925570228091266
2017-03-03,0.00024348672997320797
2017-03-06,-0.00024342745861738457
2017-03-07,-0.011687363038714427
2017-03-08,-0.003695491500369519
2017-03-09,-0.010633036597428314
2017-03-10,-0.00399900024993749
2017-03-13,0.0
2017-03-14,-0.00903387703889591
2017-03-15,0.010888832615852051
2017-03-16,0.003507014028056199
2017-03-17,-0.0014977533699450651
2017-03-20,-0.0004999999999999449
2017-03-21,0.002001000500250205
2017-03-22,-0.0017473789316025945
2017-03-23,-0.008752188047011722
2017-03-24,-0.015388496468213941
2017-03-27,-0.004355623879067405
2017-03-28,0.0005146680391148184
2017-03-29,-0.0030864197530864335
2017-03-30,-0.006191950464396245
2017-03-31,-0.017653167185877505
2017-04-03,-0.008192389006342449
2017-04-04,-0.0005329070077271236
2017-04-05,0.006931484937350074
2017-04-06,-0.002912364310299176
2017-04-07,0.0005310674455656361
2017-04-10,-0.0002653927813163204
2017-04-11,-0.0026546323334217803
2017-04-12,0.009049773755656076
2017-04-13,0.008177261936164637
2017-04-17,-0.0023547880690737433
2017-04-18,-0.007605559926566974
2017-04-19,0.004492600422832949
2017-04-20,-0.0036832412523020164
2017-04-21,0.0044890414576181925
2017-04-24,0.010778128286014654
2017-04-25,-0.007022106631989544
2017-04-26,-0.00916710319539027
2017-04-27,0.0
2017-04-28,-0.0005286809410520732
2017-05-01,0.014546416291986164
2017-05-02,-0.0010427528675703845
2017-05-03,0.007828810020876764
2017-05-04,-0.0002589331952356222
2017-05-05,-0.002331002331002363
2017-05-08,-0.007009345794392496
2017-05-09,0.009411764705882453
2017-05-10,-0.0036260036260036266
2017-05-11,-0.005978684689368352
2017-05-12,-0.0020920502092049986
2017-05-15,0.011792452830188704
2017-05-16,0.01139601139601143
2017-05-17,-0.0005121638924455718
2017-05-18,-0.03177043300025617
2017-05-19,0.008732468907118207
2017-05-22,0.003672612801678854
2017-05-23,-0.00862519602718248
2017-05-24,0.0
2017-05-25,-0.009227524387028785
2017-05-26,-0.01383714741883979
2017-05-30,-0.014840798704803038
2017-05-31,0.003560668310051973
2017-06-01,-0.0040938864628821126
2017-06-02,0.009865716634694488
2017-06-05,0.0008141112618724744
2017-06-06,0.0016268980477223138
2017-06-07,0.007850568489442322
2017-06-08,0.007789417136717658
2017-06-09,0.003731343283582156
2017-06-12,-0.010886882634094541
2017-06-13,0.0013422818791946067
2017-06-14,-0.0008042895442359477
2017-06-15,0.0032197477864233104
2017-06-16,0.004546670232682626
2017-06-19,-0.0013312034078807322
2017-06-20,-0.010663822980538473
2017-06-21,-0.009700889248181133
2017-06-22,-0.016054421768707527
2017-06-23,0.0005530973451326471
2017-06-26,0.0024875621890547706
2017-06-27,0.00496277915632759
2017-06-28,0.0030178326474623596
2017-06-29,0.001641137855579844
2017-06-30,0.029219006007646042
2017-07-03,0.02387901300079598
2017-07-05,0.01192018657683347
2017-07-06,0.004609475032010257
2017-07-07,0.01554932449655877
2017-07-10,0.0243473895582329
2017-07-11,0.004900759617740835
2017-07-12,-0.008290660814435524
2017-07-13,-0.04352102286697812
2017-07-14,0.013110539845758273
2017-07-17,-0.0002537427048971974
2017-07-18,0.004568527918781706
2017-07-19,0.010358767054067686
2017-07-20,0.013503375843960885
2017-07-21,-0.004194423883543075
2017-07-24,-0.011397423191278455
2017-07-25,-0.01604010025062652
2017-07-26,0.007386653082017247
2017-07-27,0.006068268015170686
2017-07-28,0.0060316662478010485
2017-07-31,-0.006245316012990276
2017-08-01,-0.0351935646053293
2017-08-02,0.007295466388744121
2017-08-03,-0.016554578375582052
2017-08-04,-0.0013150973172014746
2017-08-07,0.01106136423492221
2017-08-08,0.0033862985152384173
2017-08-09,0.0
2017-08-10,-0.033489096573208754
2017-08-11,0.005103411227504795
2017-08-14,-0.010689470871191875
2017-08-15,-0.004051863857374438
2017-08-16,0.0
2017-08-17,0.009221589368049843
2017-08-18,0.007793603869927335
2017-08-21,-0.005333333333333301
2017-08-22,0.0013404825737264314
2017-08-23,0.0013386880856760541
2017-08-24,0.006684491978609541
2017-08-25,-0.0023904382470119057
2017-08-28,-0.003993610223642197
2017-08-29,-0.004811547714514863
2017-08-30,-0.008326618318560297
2017-08-31,0.014355362946912198
2017-09-01,0.00614152202937257
2017-09-05,0.019639065817409707
2017-09-06,0.004164497657470179
2017-09-07,-0.0012960082944530882
2017-09-08,-0.007007526602647252
2017-09-11,-0.001829587036068947
2017-09-12,-0.010997643362136711
2017-09-13,0.009266613714588257
2017-09-14,0.014952780692549794
2017-09-15,0.0015507883173946357
2017-09-18,-0.0010322580645161228
2017-09-19,-0.00232498062516151
2017-09-20,0.0046607975142414215
2017-09-21,0.000773195876288657
2017-09-22,0.013906773113572024
2017-09-25,-0.013208026416052787
2017-09-26,-0.007979407979407993
2017-09-27,0.002075765438505517
2017-09-28,-0.006214396685655155
2017-09-29,0.009119332985930262
2017-10-02,-0.011360702297960268
2017-10-03,-0.0020893183598851284
2017-10-04,0.0031405391258831905
2017-10-05,0.01043569006000511
2017-10-06,0.004131164471985471
2017-10-09,-0.005656981229107738
2017-10-10,-0.0007757951900698723
2017-10-11,-0.0007763975155279379
2017-10-12,0.02771302771302775
2017-10-13,0.008316532258064502
2017-10-16,-0.009247688077980487
2017-10-17,-0.006306760847628712
2017-10-18,-0.0005077430820005224
2017-10-19,0.002286004572009226
2017-10-20,-0.00785605676634571
2017-10-23,0.002043422733077893
2017-10-24,-0.005353046138159567
2017-10-25,0.0
2017-10-26,-0.004356740133265036
2017-10-27,0.00411840411840414
2017-10-30,-0.0025634452704434985
2017-10-31,0.0010280133641737965
2017-11-01,0.007445442875481323
2017-11-02,0.00815494393476035
2017-11-03,-0.01213346814964611
2017-11-06,0.007164790174001956
2017-11-07,0.00203252032520318
2017-11-08,0.0020283975659229903
2017-11-09,-0.01290485829959509
2017-11-10,0.0020507562163547544
2017-11-13,-0.014070094653364063
2017-11-14,-0.004670472236637302
2017-11-15,0.01798748696558916
2017-11-16,-0.004353393085787416
2017-11-17,0.019032921810699488
2017-11-20,-0.0005047955577991425
2017-11-21,-0.0010101010101010166
2017-11-22,0.008341759352881617
2017-11-24,-0.004011030333416876
2017-11-27,0.0027686886483766493
2017-11-28,-0.003012048192771122
2017-11-29,-0.000503524672708977
2017-11-30,-0.0068010075566750094
2017-12-01,0.008622875982754241
2017-12-04,0.004274578828262543
2017-12-05,0.01001502253380071
2017-12-06,-0.005701536936043583
2017-12-07,-0.010720518573921756
2017-12-08,-0.002268145161290369
2017-12-11,-0.0073250820914372294
2017-12-12,-0.006870229007633566
2017-12-13,0.003586984370996582
2017-12-14,-0.011743681388817984
2017-12-15,-0.0005166623611470023
2017-12-18,-0.005944688550012955
2017-12-19,-0.00572022880915235
2017-12-20,-0.0020920502092049986
2017-12-21,-0.005503144654088077
2017-12-22,0.0007905138339920903
2017-12-26,0.010268562401263726
2017-12-27,-0.003909304143862369
2017-12-28,-0.010204081632653073
2017-12-29,0.006344171292624878
2018-01-02,0.003414762280010475
2018-01-03,0.004973821989528782
2018-01-04,-0.0005209690023443292
2018-01-05,0.0023455824863174435
2018-01-08,-0.0033801352054082523
2018-01-09,-0.002608922515001333
2018-01-10,-0.009155113784985569
2018-01-11,-0.00686378035902846
2018-01-12,0.0037214247740564588
2018-01-16,0.025423728813559254
2018-01-17,0.0007747933884296732
2018-01-18,0.004387096774193466
2018-01-19,0.004367934224049241
2018-01-22,0.007162957278076254
2018-01-23,0.0020320040640080528
2018-01-24,0.006083650190114032
2018-01-25,0.0
2018-01-26,-0.006802721088435382
2018-01-29,0.0060882800608828
2018-01-30,0.008825012607160954
2018-01-31,-0.004498875281179759
2018-02-01,-0.010795882500627685
2018-02-02,-0.006345177664974666
2018-02-05,-0.00919540229885063
2018-02-06,0.017014694508894035
2018-02-07,-0.003295310519645156
2018-02-08,0.004832146490335809
2018-02-09,-0.004808909136927331
2018-02-12,0.0190742624618514
2018-02-13,0.009982530571499781
2018-02-14,0.005436125525080326
2018-02-15,0.006881297616121884
2018-02-16,-0.0026848913839394584
2018-02-20,0.004894762604013669
2018-02-21,0.007549926936190943
2018-02-22,-0.00217548948513413
2018-02-23,0.004118217054263518
2018-02-26,-0.0019300361881785522
2018-02-27,0.0036258158085569203
2018-02-28,0.00674373795761074
2018-03-01,0.011961722488038173
2018-03-02,0.003073286052009516
2018-03-05,0.005656375206221975
2018-03-06,-0.0021092102179517402
2018-03-07,-0.008924377642085535
2018-03-08,-0.0011848341232227888
2018-03-09,-0.02325029655990507
2018-03-12,0.0038863249939276034
2018-03-13,0.007016694894749653
2018-03-14,-0.011532916866890952
2018-03-15,0.01191054934370439
2018-03-16,0.00840739851068939
2018-03-19,-0.025726536445926595
2018-03-20,0.005623471882640674
2018-03-21,0.0014587892049597873
2018-03-22,0.0
2018-03-23,-0.0014566642388929019
2018-03-26,-0.002674446875759795
2018-03-27,-0.005850804485616812
2018-03-28,-0.0014713094654241754
2018-03-29,0.026277013752455725
2018-04-02,-0.008853792773390712
2018-04-03,0.002414292612264557
2018-04-04,-0.021917148362235017
2018-04-05,0.01575966510711657
2018-04-06,0.00242424242424244
2018-04-09,0.012817412333736344
2018-04-10,0.002865329512893977
2018-04-11,-0.002142857142857113
2018-04-12,0.01240753996659505
2018-04-13,-0.006127739806740529
2018-04-16,-0.01161963481147732
2018-04-17,0.0038387715930903177
2018-04-18,-0.004063097514340308
2018-04-19,-0.004319654427645814
2018-04-20,-0.008194745721860741
2018-04-23,-0.007776427703523714
2018-04-24,0.0014695077149156077
2018-04-25,0.005135730007336692
2018-04-26,0.00048661800486615725
2018-04-27,0.01653696498054469
2018-04-30,-0.006937799043062243
2018-05-01,0.004577210310768409
2018-05-02,-0.009352517985611541
2018-05-03,0.010167029774872827
2018-05-04,-0.015336688233884455
2018-05-07,-0.024336821611097625
2018-05-08,0.008979795460214435
2018-05-09,-0.003955500618046948
2018-05-10,0.005956813104988745
2018-05-11,-0.01825808043424626
2018-05-14,0.01834631817039467
2018-05-15,0.005676209279368294
2018-05-16,-0.01865030674846624
2018-05-17,-0.004751187796949274
2018-05-18,0.0035175879396984744
2018-05-21,0.026790185277916878
2018-05-22,0.00512070226773953
2018-05-23,0.008491023774866546
2018-05-24,-0.0033678133269184896
2018-05-25,0.005551532705768691
2018-05-29,-0.01056168987037931
2018-05-30,-0.00727802037845704
2018-05-31,-0.004398826979472137
2018-06-01,0.0027000490918016595
2018-06-04,-0.019094247246022045
2018-06-05,-0.000499126528574978
2018-06-06,-0.006991260923845166
2018-06-07,-0.020115665074176503
2018-06-08,-0.005132152938157608
2018-06-11,-0.015991746195512024
2018-06-12,0.0002621231979029748
2018-06-13,-0.018867924528301883
2018-06-14,-0.009348290598290565
2018-06-15,-0.023456457266109454
2018-06-18,0.00331308669243513
2018-06-19,-0.021463951568519546
2018-06-20,0.0005624296962880582
2018-06-21,-0.010118043844856706
2018-06-22,0.015900056785917105
2018-06-25,-0.02235885969815543
2018-06-26,-0.00829045168667808
2018-06-27,0.00028826751225130565
2018-06-28,-0.007204610951008661
2018-06-29,-0.0031930333817126177
2018-07-02,-0.011648223645894018
2018-07-03,-0.005303476723629963
2018-07-05,-0.010071090047393372
2018-07-06,0.046080191502094525
2018-07-09,-0.025457665903890203
2018-07-10,0.0005870267097152215
2018-07-11,-0.026400704018773813
2018-07-12,0.00030129557095515125
2018-07-13,-0.01927710843373498
2018-07-16,0.01904176904176902
2018-07-17,0.012055455093429757
2018-07-18,0.003275759380583665
2018-07-19,0.0044523597506678225
2018-07-20,0.004432624113475114
2018-07-23,-0.0023536334215945587
2018-07-24,0.01209082866411082
2018-07-25,0.0032051282051281937
2018-07-26,0.0005808887598024448
2018-07-27,0.010740203193033482
2018-07-30,0.0051694428489375
2018-07-31,0.03285714285714292
2018-08-01,-0.018810511756569892
2018-08-02,-0.004792782633211146
2018-08-03,0.004249291784702569
2018-08-06,-0.010155148095909783
2018-08-07,0.013679110857794274
2018-08-08,0.005060444194545877
2018-08-09,-0.006713286713286748
2018-08-10,-0.04702900591382708
2018-08-13,0.00886524822695045
2018-08-14,0.01288810779144689
2018-08-15,-0.0080971659919028
2018-08-16,0.03265306122448974
2018-08-17,-0.004517221908526214
2018-08-20,0.00028360748723765816
2018-08-21,-0.008222285228239312
2018-08-22,-0.018582046883933723
2018-08-23,-0.01893387707544425
2018-08-24,0.0
2018-08-27,-0.008610451306413247
2018-08-28,-0.017070979335130243
2018-08-29,0.003351614868982278
2018-08-30,-0.004555116914667479
2018-08-31,0.016473459426479486
2018-09-04,-0.0012004801920768582
2018-09-05,-0.0078125
2018-09-06,0.0015142337976983278
2018-09-07,0.006350166313879635
2018-09-10,0.0018028846153845812
2018-09-11,-0.015896820635872833
2018-09-12,0.010667479427003856
2018-09-13,-0.007539203860072341
2018-09-14,-0.0015192950470981348
2018-09-17,0.002434570906877598
2018-09-18,-0.011536126290224602
2018-09-19,0.019656019656019597
2018-09-20,0.02439759036144573
2018-09-21,-0.00352837400764483
2018-09-24,-0.007376807317792888
2018-09-25,0.005648038049940629
2018-09-26,0.005025125628140614
2018-09-27,0.00588235294117645
2018-09-28,-0.011111111111111072
2018-10-01,0.014488468361915974
2018-10-02,0.009618187117458543
2018-10-03,-0.0051963048498845366
2018-10-04,-0.0026117237376668268
2018-10-05,0.011347105033459481
2018-10-08,0.0008630609896431718
2018-10-09,-0.007760850819200971
2018-10-10,-0.012456546929316303
2018-10-11,0.007040187738339698
2018-10-12,0.01077774541217602
2018-10-15,0.02766570605187324
2018-10-16,-0.007571508693213658
2018-10-17,0.0011302627860978465
2018-10-18,-0.025119954840530645
2018-10-19,-0.007817023740590567
2018-10-22,0.0020426028596440826
2018-10-23,-0.0011648223645893685
2018-10-24,-0.008454810495626797
2018-10-25,-0.009997059688326981
2018-10-26,0.0038610038610038533
2018-10-29,-0.007100591715976323
2018-10-30,-0.006555423122765247
2018-10-31,0.006598680263947276
2018-11-01,0.035756853396901045
2018-11-02,0.0071921749136938384
2018-11-05,-0.0025706940874036244
2018-11-06,-0.001145475372279492
2018-11-07,-0.004873853211009194
2018-11-08,-0.00028810141169688386
2018-11-09,0.008933717579250766
2018-11-12,-0.0039988574692945145
2018-11-13,-0.005162030398623507
2018-11-14,0.0037474776592678616
2018-11-15,0.020964962665134923
2018-11-16,0.003938115330520464
2018-11-19,-0.020734099187447508
2018-11-20,0.00829756795422032
2018-11-21,0.002270147559591429
2018-11-23,-0.0022650056625141968
2018-11-26,-0.02128263337116909
2018-11-27,0.015366772977674747
2018-11-28,0.01713306681896065
2018-11-29,-0.0036496350364964014
2018-11-30,0.008453085376162406
2018-12-03,0.012293936853869702
2018-12-04,0.006624344465912202
2018-12-06,-0.002467781738415109
2018-12-07,0.007971412864211214
2018-12-10,-0.007635669484592267
2018-12-11,0.00577081615828523
2018-12-12,0.005464480874316946
2018-12-13,-0.01413043478260867
2018-12-14,-0.007166482910694549
2018-12-17,0.00471960022209883
2018-12-18,0.003315833103067156
2018-12-19,-0.008537592949600659
2018-12-20,-0.007222222222222241
2018-12-21,-0.009792949076664836
2018-12-24,-0.0008476970895733293
2018-12-26,-0.015837104072398245
2018-12-27,-0.0011494252873562871
2018-12-28,0.015822784810126667
2018-12-31,-0.0002832058906825363
2019-01-02,0.013881019830028318
2019-01-03,0.006146968426934851
2019-01-04,0.010274923632324295
2019-01-07,0.0030236393622868896
2019-01-08,-0.006577144423129622
2019-01-09,0.0057931034482758825
2019-01-10,-0.017553483269336256
2019-01-11,0.0041876046901172526
2019-01-14,-0.009452321378926931
2019-01-15,0.002806623631770977
2019-01-16,0.0013993842709207893
2019-01-17,0.014812744550027901
2019-01-18,0.009914624070503919
2019-01-22,-0.008181074447777492
2019-01-23,0.006323893318669338
2019-01-24,0.0010928961748633004
2019-01-25,0.01009825327510927
2019-01-28,-0.0021615779519048584
2019-01-29,-0.00460330354725158
2019-01-30,0.0021762785636560977
2019-01-31,-0.006243213897937028
2019-02-01,0.0027314941272875704
2019-02-04,0.0008172160174340082
2019-02-05,0.0019052803483941005
2019-02-06,0.0016299918500406463
2019-02-07,-0.009221589368049954
2019-02-08,0.0013687380235423152
2019-02-11,-0.010388190267905939
2019-02-12,0.013812154696132506
2019-02-13,-0.0010899182561308063
2019-02-14,-0.014184397163120588
2019-02-15,0.004427227448810189
2019-02-19,-0.007438016528925617
2019-02-20,0.0019428254232582987
2019-02-21,0.009418282548476542
2019-02-22,-0.0008232711306256357
2019-02-25,0.001647898928865743
2019-02-26,-0.008774335069920536
2019-02-27,-0.0002766251728907321
2019-02-28,-0.006640841173215284
2019-03-01,0.001949860724234087
2019-03-04,0.0044481512371421505
2019-03-05,-0.002214226404649855
2019-03-06,-0.01276005547850212
2019-03-07,0.0011239112110144056
2019-03-08,-0.007858546168958758
2019-03-11,-0.006789250353606779
2019-03-12,0.007974935915693537
2019-03-13,0.00480361684091557
2019-03-14,0.0005624296962880582
2019-03-15,0.02220348510399095
2019-03-18,-0.003849326367885597
2019-03-19,-0.0019321004692244292
2019-03-20,0.0022123893805310324
2019-03-21,0.004966887417218624
2019-03-22,-0.007413509060955503
2019-03-25,0.003042876901798053
2019-03-26,-0.006343077771649219
2019-03-27,-0.014709963918956404
2019-03-28,0.0022535211267604716
2019-03-29,-0.00590219224283306
2019-04-01,0.012722646310432628
2019-04-02,0.005025125628140614
2019-04-03,-0.001388888888888884
2019-04-04,0.008623087621696834
2019-04-05,-0.008273579702151146
2019-04-08,-0.0002780867630700623
2019-04-09,0.0
2019-04-10,0.003616133518776099
2019-04-11,-0.007483370288248303
2019-04-12,0.0
2019-04-15,0.0039095224797542905
2019-04-16,-0.011961057023643917
2019-04-17,-0.010135135135135087
2019-04-18,0.0017064846416381396
2019-04-22,-0.003975014196479276
2019-04-23,-0.01710376282782211
2019-04-24,-0.007830626450116007
2019-04-25,0.004676995030692854
2019-04-26,-0.0064009310445155565
2019-04-29,-0.007320644216691097
2019-04-30,-0.007374631268436627
2019-05-01,-0.002080237741456159
2019-05-02,-0.010720667063728428
2019-05-03,-0.0012040939193257438
2019-05-06,-0.01446654611211573
2019-05-07,0.0003058103975535076
2019-05-08,-0.004280036686028721
2019-05-09,-0.017193736567393314
2019-05-10,-0.0040612308653545925
2019-05-13,-0.007528230865746499
2019-05-14,0.033817951959544956
2019-05-15,0.021705900336288497
2019-05-16,0.005086774386594772
2019-05-17,-0.021434950878237546
2019-05-20,0.012169151201703698
2019-05-21,-0.011722272317403082
2019-05-22,0.007907542579075333
2019-05-23,-0.008449004224502121
2019-05-24,0.010042604990870396
2019-05-28,0.03163603495028622
2019-05-29,0.01869158878504673
2019-05-30,0.019495412844036775
2019-05-31,-0.0126546681664792
2019-06-03,0.001424095699231076
2019-06-04,0.0031285551763367003
2019-06-05,-0.013609299688120191
2019-06-06,-0.0011497556769186623
2019-06-07,-0.014388489208633115
2019-06-10,0.0026277372262772936
2019-06-11,0.0008736167734419986
2019-06-12,0.021821355833575806
2019-06-13,0.011389521640091216
2019-06-14,0.009853603603603656
2019-06-17,0.017842207973236768
2019-06-18,0.0008216926869351049
2019-06-19,-0.011220580186097395
2019-06-20,0.01356213672848039
2019-06-21,-0.013926815947569615
2019-06-24,0.0069232899473830045
2019-06-25,-0.006050605060506031
2019-06-26,-0.010237963475373535
2019-06-27,-0.007268660889013123
2019-06-28,0.013517319065052158
2019-07-01,-0.01583773270352873
2019-07-02,-0.010446075663467003
2019-07-03,0.010271041369472211
2019-07-05,-0.014685117198531494
2019-07-08,0.0034393809114359186
2019-07-09,0.00856898029134534
2019-07-10,0.011611441517983545
2019-07-11,0.0036394176931691113
2019-07-12,0.011715481171548081
2019-07-15,-0.005514199062586211
2019-07-16,-0.015525367341280849
2019-07-17,-0.005913827090960333
2019-07-18,-0.0014164305949008194
2019-07-19,0.02297872340425533
2019-07-22,-0.014697726012201873
2019-07-23,-0.0028145229383619297
2019-07-24,0.00592718035563089
2019-07-25,-0.009539842873176219
2019-07-26,0.0008498583569405138
2019-07-29,0.002830455703368262
2019-07-30,-0.007902907140841076
2019-07-31,-0.01678520625889046
2019-08-01,-0.01967592592592593
2019-08-02,0.003837072018890275
2019-08-05,0.0
2019-08-06,-0.0029403116730373213
2019-08-07,0.0011795930404010502
2019-08-08,0.019145802650957222
2019-08-09,0.01011560693641611
2019-08-12,-0.014020028612303337
2019-08-13,0.012188044109112006
2019-08-14,-0.012614678899082521
2019-08-15,-0.0034843205574912606
2019-08-16,0.010780885780885763
2019-08-19,-0.01527817814932253
2019-08-20,0.002049180327868827
2019-08-21,0.0055506865322816346
2019-08-22,-0.005229517722254551
2019-08-23,-0.014894859813084138
2019-08-26,0.012451823302697784
2019-08-27,-0.008784773060029227
2019-08-28,0.007680945347119605
2019-08-29,0.004104368220463117
2019-08-30,0.0008759124087591719
2019-09-03,-0.0005834305717619115
2019-09-04,0.007005253940455258
2019-09-05,-0.014782608695652177
2019-09-06,-0.005589879376287188
2019-09-09,0.0
2019-09-10,0.016863905325443795
2019-09-11,-0.006109979633401208
2019-09-12,0.033957845433255196
2019-09-13,0.0019818799546997834
2019-09-16,0.017236507487990993
2019-09-17,-0.00694444444444442
2019-09-18,-0.005594405594405605
2019-09-19,0.004781997187060405
2019-09-20,-0.01147816349384101
2019-09-23,0.011045029736618472
2019-09-24,0.0019607843137254832
2019-09-25,-0.0055912776069332315
2019-09-26,-0.0008434073657576091
2019-09-27,-0.006190208216094506
2019-09-30,0.026047565118912708
2019-10-01,0.01490066225165565
2019-10-02,-0.006253398586188119
2019-10-03,-0.002188782489740082
2019-10-04,0.004935563476830218
2019-10-07,-0.0010914051841746097
2019-10-08,0.005736137667303964
2019-10-09,0.003530689842476953
2019-10-10,-0.00027063599458732046
2019-10-11,0.013535462912831697
2019-10-14,0.004807692307692291
2019-10-15,-0.006911217437533201
2019-10-16,-0.0064239828693790635
2019-10-17,0.0037715517241379004
2019-10-18,0.0026838432635534204
2019-10-21,-0.0008029978586723274
2019-10-22,0.000803643182426983
2019-10-23,-0.0002676659528907388
2019-10-24,-0.0005354752342704439
2019-10-25,-0.013929815162068038
2019-10-28,0.0005433306166802154
2019-10-29,-0.002715177844148764
2019-10-30,-0.0024503130955622066
2019-10-31,0.0008187772925765113
2019-11-01,0.008181074447777492
2019-11-04,0.001622937516905676
2019-11-05,-0.00432082095598163
2019-11-06,-0.007323026851098424
2019-11-07,0.010928961748633892
2019-11-08,-0.005945945945945996
2019-11-11,-0.015769439912996175
2019-11-12,0.0008287292817679148
2019-11-13,-0.0035881865857024797
2019-11-14,-0.00249307479224381
2019-11-15,0.019994445987225662
2019-11-18,-0.008712224339776697
2019-11-19,0.0013732491073881192
2019-11-20,-0.007131102578167847
2019-11-21,-0.0044198895027623974
2019-11-22,-0.004439511653718142
2019-11-25,-0.0050167224080267525
2019-11-26,-0.009243697478991564
2019-11-27,-0.0025445292620864812
2019-11-29,-0.005952380952380931
2019-12-02,-0.007128599942971214
2019-12-03,0.0005743825387707346
2019-12-04,0.008036739380022917
2019-12-05,0.007118451025057038
2019-12-06,0.00593723494486853
2019-12-09,0.008712759977515416
2019-12-10,0.004458066313736353
2019-12-11,-0.008599167822468834
2019-12-12,0.005316172355903648
2019-12-13,0.01029780128026725
2019-12-16,0.01597796143250685
2019-12-17,0.007321041214750634
2019-12-18,-0.00026917900403766737
2019-12-19,-0.004308023694130303
2019-12-20,0.004056246619794424
2019-12-23,0.006194451925666478
2019-12-24,0.002676659528907832
2019-12-26,0.0013347570742126003
2019-12-27,-0.008797653958944274
2019-12-30,0.01075847229693383
2019-12-31,0.0037253858435337683
2020-01-02,0.0013255567338281704
2020-01-03,-0.01456182155149588
2020-01-06,0.002418054809242287
2020-01-07,0.002412221924417146
2020-01-08,0.0034759358288769526
2020-01-09,-0.004796163069544335
2020-01-10,0.0013386880856760541
2020-01-13,-0.006149732620320814
2020-01-14,-0.0008071025020177647
2020-01-15,0.0002692514808830815
2020-01-16,-0.005114401076716013
2020-01-17,0.006222943722943741
2020-01-21,-0.01478892175315949
2020-01-22,-0.002456331877729312
2020-01-23,-0.0046511627906976605
2020-01-24,-0.008246289169873577
2020-01-27,-0.005266075388026592
2020-01-28,-0.0025076623014766986
2020-01-29,-0.0022346368715083775
2020-01-30,-0.01875699888017912
2020-01-31,-0.004279600570613384
2020-02-03,0.00515759312320907
2020-02-04,0.002850627137970463
2020-02-05,0.0005685048322909836
2020-02-06,0.001136363636363713
2020-02-07,0.0011350737797957144
2020-02-10,0.0025510204081633514
2020-02-11,0.0005654509471302305
2020-02-12,0.0087595365922577
2020-02-13,0.004201680672268893
2020-02-14,-0.002789400278940035
2020-02-18,-0.0016783216783217147
2020-02-19,0.005603810591201963
2020-02-20,-0.005015324602953508
2020-02-21,-0.00252030243629231
2020-02-24,-0.018248175182481785
2020-02-25,0.005433228481555696
2020-02-26,0.0022753128555177415
2020-02-27,0.00595913734392739
2020-02-28,-0.003102961918194591
2020-03-02,0.007923033389926504
2020-03-03,0.0028074115665357446
2020-03-04,0.00643896976483771
2020-03-05,-0.010848400556328186
2020-03-06,-0.006467941507311559
2020-03-09,-0.022360600056609115
2020-03-10,0.011001737116386856
2020-03-11,-0.006013745704467333
2020-03-12,-0.014693171996542742
2020-03-13,-0.009649122807017574
2020-03-16,-0.029524653085326258
2020-03-17,0.0030422878004259246
2020-03-18,0.0015165301789505925
2020-03-19,0.021502119927316876
2020-03-20,0.022828342721612715
2020-03-23,0.02492753623188415
2020-03-24,0.0031108597285067763
2020-03-25,-0.005920496193966729
2020-03-26,-0.0014180374361882908
2020-03-27,0.0014200511218402934
2020-03-30,0.0008508224617129745
2020-03-31,0.004250495891187311
2020-04-01,-0.02624153498871329
2020-04-02,-0.004636337293538073
2020-04-03,-0.005240174672489051
2020-04-06,0.0014632718759144403
2020-04-07,-0.0008766803039158555
2020-04-08,-0.0002924831822169738
2020-04-09,0.010532475131656005
2020-04-13,-0.010712217718587103
2020-04-14,-0.008486976880304309
2020-04-15,-0.005903187721369552
2020-04-16,-0.006235154394299336
2020-04-17,-0.005079175380938161
2020-04-20,-0.007207207207207245
2020-04-21,0.005142165759225659
2020-04-22,0.004814926271441422
2020-04-23,0.005390835579514919
2020-04-24,-0.00834078045874298
2020-04-27,-0.0039050765995795045
2020-04-28,-0.003618817852834688
2020-04-29,0.006961259079903082
2020-04-30,0.022242260294559557
2020-05-01,-0.00352837400764483
2020-05-04,-0.015638831513720808
2020-05-05,0.005095923261390967
2020-05-06,-0.009245451834178353
2020-05-07,0.013245033112582849
2020-05-08,0.00861556743909686
2020-05-11,0.004123711340206171
2020-05-12,-0.003520093869169849
2020-05-13,-0.015602001766264362
2020-05-14,-0.0008971291866028963
2020-05-15,0.0038910505836575737
2020-05-18,0.007751937984496138
2020-05-19,-0.00295857988165682
2020-05-20,0.005044510385756595
2020-05-21,-0.013876586950103298
2020-05-22,-0.002095808383233533
2020-05-26,0.01650165016501659
2020-05-27,0.0017709563164107767
2020-05-28,-0.001767825574543358
2020-05-29,-0.0073789846517119395
2020-06-01,-0.0002973535533750127
2020-06-02,0.011897679952409312
2020-06-03,0.008230452674897082
2020-06-04,0.011953352769679348
2020-06-05,0.0
2020-06-08,-0.0034572169403630504
2020-06-09,-0.0017346053772766545
2020-06-10,0.0026064291920069316
2020-06-11,0.0005777007510110455
2020-06-12,0.0060623556581986815
2020-06-15,-0.002582496413199409
2020-06-16,-0.0023014959723820505
2020-06-17,0.004901960784313708
2020-06-18,0.002008608321377281
2020-06-19,0.004009163802978222
2020-06-22,-0.00028522532800911993
2020-06-23,-0.0014265335235378318
2020-06-24,-0.004857142857142893
2020-06-25,-0.0017226528854435985
2020-06-26,-0.004889272361230934
2020-06-29,0.001734104046242857
2020-06-30,0.020484708597807266
2020-07-01,0.010743567995476377
2020-07-02,-0.0013986013986013734
2020-07-06,0.006722689075630228
2020-07-07,-0.0036171396772398667
2020-07-08,-0.0005585032113935018
2020-07-09,0.0039117071807768244
2020-07-10,-0.0075146117450598515
2020-07-13,-0.016825574873808202
2020-07-14,0.006560182544209869
2020-07-15,0.004533862283933043
2020-07-16,0.008180535966149538
2020-07-17,0.005036373810856087
2020-07-20,0.0055679287305121505
2020-07-21,-0.007198228128460715
2020-07-22,0.0030674846625766694
2020-07-23,0.007784264664998597
2020-07-24,-0.0016551724137930934
2020-07-27,0.0019342359767891004
2020-07-28,-0.010755653612796512
2020-07-29,-0.005854474491218342
2020-07-30,0.0002804262478968145
2020-07-31,0.006447995514437865
2020-08-03,0.0
2020-08-04,-0.01532033426183843
2020-08-05,-0.001980198019801982
2020-08-06,-0.0014172335600907138
2020-08-07,-0.01192165767811526
2020-08-10,0.007181844297615703
2020-08-11,0.0017113519680547196
2020-08-12,0.014236902050113853
2020-08-13,0.01880965749578878
2020-08-14,-0.004133370074400622
2020-08-17,0.009961261759822815
2020-08-18,-0.0005479452054794054
2020-08-19,0.0005482456140351033
2020-08-20,-0.01041095890410959
2020-08-21,-0.002491694352159457
2020-08-24,-0.0011101859561476468
2020-08-25,0.01555987774381773
2020-08-26,0.00629274965800275
2020-08-27,0.019303969548667643
2020-08-28,0.014137103227527259
2020-08-31,0.0007890583903209514
2020-09-01,0.003942181340341744
2020-09-02,0.007853403141361293
2020-09-03,0.006493506493506551
2020-09-04,0.0007741935483871476
2020-09-08,0.0036101083032491488
2020-09-09,0.006937307297019579
2020-09-10,0.0053585098239345985
2020-09-11,0.020812182741116736
2020-09-14,0.01367478866235694
2020-09-15,-0.027225901398086783
2020-09-16,0.019919314170448787
2020-09-17,0.017058096415327517
2020-09-18,0.014584346135148252
2020-09-21,-0.020124580737901243
2020-09-22,-0.0026894865525672884
2020-09-23,-0.005148320666830131
2020-09-24,-0.01429275505174965
2020-09-25,0.0024999999999999467
2020-09-28,-0.006234413965087282
2020-09-29,-0.0032622333751568533
2020-09-30,0.030715005035246712
2020-10-01,0.0
2020-10-02,-0.0026868588177820785
2020-10-05,0.0007347538574578039
2020-10-06,0.022026431718061623
2020-10-07,0.006704980842911823
2020-10-08,-0.0009514747859181716
2020-10-09,0.014761904761904754
2020-10-12,-0.029798216799624577
2020-10-13,0.00991535671100352
2020-10-14,0.01173371647509569
2020-10-15,0.005680473372781103
2020-10-16,-0.011532125205930832
2020-10-19,0.004047619047619078
2020-10-20,0.00924828076831874
2020-10-21,0.007518796992481258
2020-10-22,0.0016324626865671377
2020-10-23,0.0093131548311991
2020-10-26,0.0036908881199537724
2020-10-27,-0.005056308894507033
2020-10-28,-0.023100023100023126
2020-10-29,-0.0052021754551903054
2020-10-30,0.0045162823864985935
2020-11-02,-0.005442498816848107
2020-11-03,0.007851534618129818
2020-11-04,0.018885741265344702
2020-11-05,0.02108433734939763
2020-11-06,-0.002949852507374673
2020-11-09,0.00591715976331364
2020-11-10,0.030090497737556454
2020-11-11,0.0043927081045465055
2020-11-12,-0.005466870763175202
2020-11-13,0.003957783641160839
2020-11-16,0.010512483574244502
2020-11-17,0.014087559601213773
2020-11-18,0.005129301132720698
2020-11-19,0.0014884116521369783
2020-11-20,0.002972399150743099
2020-11-23,0.008890770533446224
2020-11-24,-0.00020981955518251105
2020-11-25,-0.006086044071353602
2020-11-27,0.006545608108108114
2020-11-30,-0.01950912523599746
2020-12-01,-0.005562687205819428
2020-12-02,-0.0077452667814114085
2020-12-03,0.013226366001734657
2020-12-04,-0.004493901134175027
2020-12-07,-0.0038693035253654084
2020-12-08,-0.011005610703495927
2020-12-09,0.01112808204233029
2020-12-10,-0.004963314630988314
2020-12-11,0.006723053567555759
2020-12-14,0.007755277897457891
2020-12-15,0.012612227447627244
2020-12-16,-0.00042220814861726463
2020-12-17,0.014783526927138357
2020-12-18,0.015608740894901052
2020-12-21,0.019057377049180424
2020-12-22,0.003217373818620528
2020-12-23,0.009220284626177522
2020-12-24,0.0037735849056603765
2020-12-28,-0.006529481598733677
2020-12-29,0.03206532563234421
2020-12-30,0.0063681976071015
2020-12-31,0.008820709491850431
2021-01-04,0.0009503896597604644
2021-01-05,0.025446259020129203
2021-01-06,0.01129629629629636
2021-01-07,-0.003479216260758089
2021-01-08,0.011209114296214517
2021-01-11,-0.0009085953116482193
2021-01-12,0.03455802109858119
2021-01-13,-0.007735583684950753
2021-01-14,0.01807228915662651
2021-01-15,-0.013748694744169843
2021-01-19,-0.021881065819657652
2021-01-20,-0.011726501894281038
2021-01-21,0.0005476451259582849
2021-01-22,-0.04269293924466333
2021-01-25,0.024204307223175237
2021-01-26,0.019910681056940716
2021-01-27,0.003284072249589487
2021-01-28,-0.01563920712856881
2021-01-29,0.01237760945871047
2021-02-01,-0.003467153284671509
2021-02-02,-0.007690899102728466
2021-02-03,0.012179368887248465
2021-02-04,0.0009115770282588365
2021-02-05,-0.004189435336976355
2021-02-08,0.015364916773367376
2021-02-09,0.010088272383354413
2021-02-10,-0.03406456215444975
2021-02-11,0.009970457902511054
2021-02-12,0.003290676416819016
2021-02-16,0.009293002915451876
2021-02-17,-0.0007221520129987447
2021-02-18,-0.006323396567298967
2021-02-19,0.001636363636363658
2021-02-22,0.0047195498275549586
2021-02-23,0.016079494128274696
2021-02-24,0.012624466571834914
2021-02-25,-0.012467076382791875
2021-02-26,-0.0005334281650071215
2021-03-01,-0.009073118662159763
2021-03-02,0.01543985637342904
2021-03-03,-0.002298444130127253
2021-03-04,0.0031897926634769647
2021-03-05,0.013425189895778233
2021-03-08,0.002440299808262214
2021-03-09,0.0024343592418709648
2021-03-10,-0.020641803989592367
2021-03-11,0.002833864682961318
2021-03-12,0.0001766160367362435
2021-03-15,0.0026487727352992874
2021-03-16,0.002641775272983482
2021-03-17,-0.0038643948708940723
2021-03-18,-0.017986245812026125
2021-03-19,0.01723828335428257
2021-03-22,0.0008826125330980705
2021-03-23,0.004056437389770684
2021-03-24,0.006674863867907943
2021-03-25,-0.012912231722212564
2021-03-26,-0.009722467739084362
2021-03-29,-0.005355230274901812
2021-03-30,-0.018844221105527637
2021-03-31,0.05121638924455829
2021-04-01,-0.02418653210370625
2021-04-05,0.007667617689015582
2021-04-06,0.004247035922845477
2021-04-07,-0.007048458149779724
2021-04-08,0.00461401952085172
2021-04-09,-0.00865571453806746
2021-04-12,-0.014967925873129007
2021-04-13,0.00542691751085389
2021-04-14,0.014753508456279318
2021-04-15,0.005851063829787284
2021-04-16,0.01057641459545211
2021-04-19,0.011512297226582868
2021-04-20,0.015347473702362446
2021-04-21,0.017153532608695565
2021-04-22,0.02404408081482723
2021-04-23,0.004239360834827899
2021-04-26,0.018996590355577103
2021-04-27,-0.01226896112173359
2021-04-28,0.00516212292305207
2021-04-29,-0.009789760873054054
2021-04-30,0.018476499189627127
2021-05-03,-0.00684277530235522
2021-05-04,0.010735459061048003
2021-05-05,0.003170577045022105
2021-05-06,0.014854614412136646
2021-05-07,0.009654313298038009
2021-05-10,-0.0006169031462059937
2021-05-11,0.010802469135802406
2021-05-12,0.014045801526717527
2021-05-13,-0.02905751279735025
2021-05-14,-0.005272135214761997
2021-05-17,-0.010132501948558081
2021-05-18,-0.00834645669291334
2021-05-19,-0.022868032396379245
2021-05-20,-0.0032504469364537103
2021-05-21,-0.004565465514430156
2021-05-24,-0.00229320229320229
2021-05-25,-0.007223772779510806
2021-05-26,-0.005457251529684126
2021-05-27,0.022281343531759257
2021-05-28,-0.0042290175666883645
2021-06-01,0.011760862463247257
2021-06-02,0.009041007426541903
2021-06-03,-0.008480000000000043
2021-06-04,0.022268839761174775
2021-06-07,-0.014838200473559549
2021-06-08,0.012658227848101333
2021-06-09,-0.011075949367088556
2021-06-10,-0.011839999999999962
2021-06-11,-0.022992227979274582
2021-06-14,-0.02403049386808087
2021-06-15,-0.004415011037527616
2021-06-16,-0.011768719085792245
2021-06-17,-0.0819813600276148
2021-06-18,0.04982139499906002
2021-06-21,0.013610315186246336
2021-06-22,-0.014487632508833892
2021-06-23,-0.006812477590534272
2021-06-24,-0.009927797833935048
2021-06-25,-0.030264357338195103
2021-06-28,0.02049257379206626
2021-06-29,0.002026529108327235
2021-06-30,0.0663724949439235
2021-07-01,-0.0022413793103448487
2021-07-02,0.0034560221185415685
2021-07-06,-0.06061649733080765
2021-07-07,0.01668194317140248
2021-07-08,0.0027046520014424313
2021-07-09,0.009890307498651385
2021-07-12,0.020299145299145227
2021-07-13,0.0038394415357765332
2021-07-14,0.020688456189151605
2021-07-15,-0.0137966274910577
2021-07-16,0.0050086355785836645
2021-07-19,-0.018388039181990057
2021-07-20,0.01085434173669464
2021-07-21,-0.002944232767578825
2021-07-22,-0.015980545422963344
2021-07-23,-0.010767872903795217
2021-07-26,0.008386866523911518
2021-07-27,0.0038931162626083538
2021-07-28,0.009695046712497879
2021-07-29,0.001571229050279399
2021-07-30,-0.0135959560746034
2021-08-02,0.0028273546562997964
2021-08-03,-0.018678414096916285
2021-08-04,0.008080445322319996
2021-08-05,-0.0007125044531528513
2021-08-06,0.014081996434937682
2021-08-09,0.008085779574617646
2021-08-10,0.009590235396687019
2021-08-11,-0.02901554404145079
2021-08-12,-0.0028459622909996485
2021-08-13,0.01623260792008563
2021-08-16,-0.033877479375109654
2021-08-17,-0.005087209302325535
2021-08-18,-0.007852447041636235
2021-08-19,-0.025952512424075147
2021-08-20,-0.022108843537414935
2021-08-23,0.00019323671497595285
2021-08-24,0.033230293663060184
2021-08-25,0.006731488406880981
2021-08-26,0.01597325408618122
2021-08-27,-0.006032906764168233
2021-08-30,-0.04009564097848073
2021-08-31,-0.004598582103851334
2021-09-01,-0.016169393647738173
2021-09-02,0.0011739385638818156
2021-09-03,0.0029314051201876357
2021-09-07,-0.011106780982073294
2021-09-08,0.0015763546798028827
2021-09-09,-0.00944324217981507
2021-09-10,0.013108242303872863
2021-09-13,-0.0021564399137423695
2021-09-14,0.003143418467583592
2021-09-15,0.014101057579318343
2021-09-16,0.0011587485515642815
2021-09-17,-0.0092592592592593
2021-09-20,-0.01674454828660432
2021-09-21,0.009108910891089117
2021-09-22,0.006868131868131844
2021-09-23,0.0011693626973299232
2021-09-24,0.0005839984426707634
2021-09-27,0.0019455252918287869
2021-09-28,-0.008155339805825279
2021-09-29,0.005285826155050799
2021-09-30,-0.02161635832521913
2021-10-01,-0.007563694267515908
2021-10-04,-0.008624147613317312
2021-10-05,0.011936071211814614
2021-10-06,-0.006797281087564944
2021-10-07,0.004227053140096526
2021-10-08,-0.003407496492283002
2021-10-11,-0.01186645213193882
2021-10-12,-0.02442499491145944
2021-10-13,-0.0025036511579387133
2021-10-14,0.009203095586697296
2021-10-15,0.009533678756476593
2021-10-18,0.003079449804968215
2021-10-19,0.005321326238231672
2021-10-20,0.014250814332247508
2021-10-21,-0.01726214371738255
2021-10-22,-0.0028594771241829964
2021-10-25,0.013723883654240154
2021-10-26,0.0006061830672863255
2021-10-27,0.0010096930533118886
2021-10-28,-0.004438168246923557
2021-10-29,0.001621073961499464
2021-11-01,0.0008092251669027384
2021-11-02,0.005862138669900929
2021-11-03,-0.010048231511254002
2021-11-04,-0.018067397482744663
2021-11-05,-0.01405830059954516
2021-11-08,-0.01195219123505975
2021-11-09,0.01825127334465204
2021-11-10,0.0033347228011670893
2021-11-11,0.007270461154964769
2021-11-12,0.017941843679109004
2021-11-15,0.018841166936790943
2021-11-16,-0.004772320540862962
2021-11-17,0.020579420579420526
2021-11-18,-0.009201252936570037
2021-11-19,-0.0015807152736613261
2021-11-22,0.008707698396991814
2021-11-23,-0.000980969197567183
2021-11-24,-0.00510604870384912
2021-11-26,-0.01085669166995662
2021-11-29,-0.008980243464378312
2021-11-30,-0.01953282319774463
2021-12-01,0.009036763195727993
2021-12-02,0.013026663952778295
2021-12-03,0.018485031143258945
2021-12-06,-0.0045373840994279435
2021-12-07,-0.008917954815695572
2021-12-08,0.008598280343931286
2021-12-09,0.0027755749405233843
2021-12-10,0.0025701858442070957
2021-12-13,-0.018733977519227007
2021-12-14,0.012459807073954998
2021-12-15,0.002381897578404235
2021-12-16,0.011683168316831694
2021-12-17,0.006263456645136056
2021-12-20,0.005446411204045987
2021-12-21,0.012188044109112006
2021-12-22,0.01586391437308876
2021-12-23,0.0024459078080902863
2021-12-27,0.02289789789789798
2021-12-28,-0.0023853211009173814
2021-12-29,-0.002023174544785733
2021-12-30,-0.021194249907851126
2021-12-31,0.0007531538316700725
2022-01-03,0.011476952022577702
2022-01-04,0.025855654761904656
2022-01-05,0.0039891205802358165
2022-01-06,-0.005056890012642201
2022-01-07,0.01760755127972402
2022-01-10,-0.019086692829111684
2022-01-11,0.0014548099654483337
2022-01-12,0.010532050118031488
2022-01-13,-0.018688230008984674
2022-01-14,-0.006225965940304001
2022-01-18,0.0033167495854062867
2022-01-19,0.02203856749311295
2022-01-20,0.024797843665768093
2022-01-21,-0.008065930212169059
2022-01-24,-0.007954746331978124
2022-01-25,0.0030292230933712805
2022-01-26,0.02327233966956821
2022-01-27,0.005729166666666563
2022-01-28,0.015018125323666531
2022-01-31,0.0139455782312925
2022-02-01,0.025494800402549478
2022-02-02,0.010958456002617023
2022-02-03,-0.0006471444750040245
2022-02-04,0.005989962765096335
2022-02-07,0.018184744126166663
2022-02-08,-0.008060692271218639
2022-02-09,0.016411727214786564
2022-02-10,-0.01285467941683649
2022-02-11,0.005558202318564298
2022-02-14,-0.008212255211623498
2022-02-15,-0.011942675159235638
2022-02-16,0.023368251410153196
2022-02-17,0.002834645669291369
2022-02-18,0.005967336683416979
2022-02-22,0.020917889478613727
2022-02-23,0.024464831804281273
2022-02-24,-0.008059701492537319
2022-02-25,-0.042882937105025554
2022-02-28,0.033956925011790595
2022-03-01,0.03725102630378596
2022-03-02,-0.0164174728818528
2022-03-03,0.0016393442622950616
2022-03-04,-0.002380598125279021
2022-03-07,-0.0011931394481730084
2022-03-08,0.018067791548454615
2022-03-09,-0.010560281607509547
2022-03-10,0.008004743551734306
2022-03-11,-0.005441176470588283
2022-03-14,-0.0020700872393908387
2022-03-15,-0.016891391317232163
2022-03-16,-0.0057272042200452455
2022-03-17,0.011671972108534101
2022-03-18,-0.00029967036260114543
2022-03-21,0.013788968824939962
2022-03-22,0.003252513305736171
2022-03-23,0.01311523725316821
2022-03-24,-0.0104727272727273
2022-03-25,0.005585770983389748
2022-03-28,-0.0268966525361789
2022-03-29,-0.012768514345801396
2022-03-30,0.012781497261107777
2022-03-31,-0.02749399038461542
2022-04-01,-0.02193727792368294
2022-04-04,0.012320328542094527
2022-04-05,0.01794351692931806
2022-04-06,-0.007050889025137952
2022-04-07,0.01605433775856735
2022-04-08,0.026435733819507812
2022-04-11,-0.01998223801065724
2022-04-12,0.009062075215224397
2022-04-13,0.003442598413411213
2022-04-14,0.003729116945107469
2022-04-18,0.01931936394709477
2022-04-19,0.001020556932497474
2022-04-20,0.0176230702009903
2022-04-21,0.0008587376556461468
2022-04-22,-0.01844701844701846
2022-04-25,-0.007284382284382329
2022-04-26,0.0010272967420017487
2022-04-27,0.01246151590675848
2022-04-28,-0.011584129742253091
2022-04-29,0.001025490770583115
2022-05-02,-0.02004975852480606
2022-05-03,-0.008960573476702538
2022-05-04,0.006479807112718561
2022-05-05,0.005240305434945247
2022-05-06,-0.013702710753649039
2022-05-09,-0.020839625490788327
2022-05-10,0.005552128315854388
2022-05-11,0.012423312883435678
2022-05-12,0.0060596879260717
2022-05-13,0.03794609245595537
2022-05-16,-0.038734948498476696
2022-05-17,0.012979172955025708
2022-05-18,-0.009088200238378974
2022-05-19,0.016689219666215616
2022-05-20,0.008725229222123598
2022-05-23,-0.010702243072863271
2022-05-24,0.003556609365737984
2022-05-25,-0.007088009450679222
2022-05-26,0.027067221891731164
2022-05-27,0.0033304373008977706
2022-05-31,-0.028286910088035744
2022-06-01,0.004158621713946209
2022-06-02,0.023073509835823014
2022-06-03,-0.018215989590863124
2022-06-06,0.0008835223089382893
2022-06-07,0.017066352802707074
2022-06-08,0.0067987848980182175
2022-06-09,0.016666666666666607
2022-06-10,-0.013284341435839453
2022-06-13,-0.021770266399312566
2022-06-14,-0.005270863836017603
2022-06-15,-0.0027965852222548993
2022-06-16,0.009298892988929941
2022-06-17,-0.004387247733255384
2022-06-21,-0.012338425381903662
2022-06-22,-0.01680547293277812
2022-06-23,-0.03600060505218572
2022-06-24,0.010983838066844553
2022-06-27,0.012261368927518168
2022-06-28,0.02039251763262806
2022-06-29,0.006311044327573345
2022-06-30,0.0004479617739285846
2022-07-01,-0.029253731343283573
2022-07-05,-0.03121156211562115
2022-07-06,0.003174099349309678
2022-07-07,0.006960923904445471
2022-07-08,0.02450903377847613
2022-07-11,0.0065940806624751325
2022-07-12,-0.029402803168799507
2022-07-13,-0.0028253021503689135
2022-07-14,0.0136943176452069
2022-07-15,-0.08944099378881987
2022-07-18,0.021316507503410742
