Date,^RUT
2012-03-30,
2012-04-02,0.012441307047711847
2012-04-03,-0.006935295023946297
2012-04-04,-0.017273578247502863
2012-04-05,-0.0026816989613801523
2012-04-09,-0.017991115445129213
2012-04-10,-0.024033551179290513
2012-04-11,0.015864314294578685
2012-04-12,0.01506421069238062
2012-04-13,-0.015211724631280399
2012-04-16,0.0022479738686833617
2012-04-17,0.015725224945152272
2012-04-18,-0.009017674542716292
2012-04-19,-0.005502144686871158
2012-04-20,0.00644631771376325
2012-04-23,-0.015173201159444094
2012-04-24,0.007829781395703783
2012-04-25,0.017630483728381163
2012-04-26,0.007646680305858133
2012-04-27,0.008725029589739863
2012-04-30,-0.010406151798587726
2012-05-01,-0.0012119163505747155
2012-05-02,0.0033214782493296013
2012-05-03,-0.01467132798516424
2012-05-04,-0.018286861365622853
2012-05-07,0.002487839255800317
2012-05-08,-0.0009448104739253615
2012-05-09,-0.005220304467735581
2012-05-10,0.0035872042173459295
2012-05-11,-0.0021345152401720524
2012-05-14,-0.014062204624831098
2012-05-15,-0.0020412437647490123
2012-05-16,-0.006753627790123118
2012-05-17,-0.023027766249678838
2012-05-18,-0.009438833078200926
2012-05-21,0.02332676511720977
2012-05-22,-0.006552115596420216
2012-05-23,0.007292995263132651
2012-05-24,0.0018296907162220766
2012-05-25,-0.00020876655512014342
2012-05-29,0.014026435428408313
2012-05-30,-0.019506888759583507
2012-05-31,-0.0002362108606053237
2012-06-01,-0.032028594916749475
2012-06-04,-0.0002440843480684407
2012-06-05,0.012004281832677322
2012-06-06,0.02557326243201974
2012-06-07,-0.006312265460699074
2012-06-08,0.01163949716357604
2012-06-11,-0.023635243071384204
2012-06-12,0.014007828650024257
2012-06-13,-0.012015316615302418
2012-06-14,0.013238020558783425
2012-06-15,0.01177949491356367
2012-06-18,0.0015687677762359353
2012-06-19,0.01799278067100829
2012-06-20,-0.0030263404307796504
2012-06-21,-0.024513705761577187
2012-06-22,0.01350621160763632
2012-06-25,-0.017106080280020364
2012-06-26,0.004095019053959037
2012-06-27,0.014666244564423003
2012-06-28,-0.0004508600308414934
2012-06-29,0.029127808270838162
2012-07-02,0.011834853689596692
2012-07-03,0.013057885190842278
2012-07-05,-0.001295064779338606
2012-07-06,-0.012588207087509073
2012-07-09,-0.0028991585264026565
2012-07-10,-0.011965712014013863
2012-07-11,-0.0036595611090365354
2012-07-12,-0.00333225786471103
2012-07-13,0.01439932522922005
2012-07-16,-0.005405831711550846
2012-07-17,0.003502170507559521
2012-07-18,0.007017305980238975
2012-07-19,-0.0035898127558215975
2012-07-20,-0.013251561525960298
2012-07-23,-0.015968812648960884
2012-07-24,-0.014315090595163671
2012-07-25,0.00203190824955235
2012-07-26,0.010138939852233797
2012-07-27,0.024308032330702556
2012-07-30,-0.005552742349442474
2012-07-31,-0.005861712711616951
2012-08-01,-0.02009047387290608
2012-08-02,-0.003280937430595099
2012-08-03,0.025865216646223654
2012-08-06,0.007444697725486726
2012-08-07,0.008799712323746434
2012-08-08,-0.0014726004834278994
2012-08-09,0.0034243793260029243
2012-08-10,-0.0016814504671101016
2012-08-13,-0.002570017578399364
2012-08-14,-0.0032645628881449174
2012-08-15,0.009261124432276002
2012-08-16,0.010966611813496785
2012-08-17,0.008375556421824193
2012-08-20,-0.004122510120167511
2012-08-21,-0.001408463338241961
2012-08-22,-0.003434051024421403
2012-08-23,-0.008073246995057404
2012-08-24,0.003957819406211316
2012-08-27,0.0014953496323550919
2012-08-28,0.004787765012245426
2012-08-29,0.00437195734944873
2012-08-30,-0.011249158643414137
2012-08-31,0.004266437654004918
2012-09-04,0.012375460183748022
2012-09-05,-0.0011069089978263946
2012-09-06,0.020359743477384562
2012-09-07,0.0051554475342037165
2012-09-10,-0.003443105354357101
2012-09-11,0.003037978254884832
2012-09-12,0.00380085076015213
2012-09-13,0.013015903142221452
2012-09-14,0.010021979557514271
2012-09-17,-0.006707514410882243
2012-09-18,-0.002293668276031502
2012-09-19,-0.0009918845100559404
2012-09-20,-0.005338294590444992
2012-09-21,0.004697537262187801
2012-09-24,-0.0043833502322518925
2012-09-25,-0.014839878021410735
2012-09-26,-0.00618505395129032
2012-09-27,0.01152373153138142
2012-09-28,-0.007219534318402054
2012-10-01,0.003415111719952346
2012-10-02,0.00023802192954081036
2012-10-03,-0.0020582508817859058
2012-10-04,0.006998253310952274
2012-10-05,-0.0021192671648139205
2012-10-08,-0.005279657694480688
2012-10-09,-0.012511766999897866
2012-10-10,-0.001413159404661024
2012-10-11,0.0036649885659207904
2012-10-12,-0.008062380637281819
2012-10-15,0.006305510056092034
2012-10-16,0.008644387032498368
2012-10-17,0.008474596702520598
2012-10-18,-0.006409372227222487
2012-10-19,-0.019256492750398202
2012-10-22,-0.0005846290727771208
2012-10-23,-0.005264962732641987
2012-10-24,-0.0031242192536526936
2012-10-25,0.0038960029681545105
2012-10-26,-0.004370616895041035
2012-10-31,0.006738371311097557
2012-11-01,0.011139197702233927
2012-11-02,-0.016283119968940163
2012-11-05,0.006348444737839687
2012-11-06,0.0074432447283130365
2012-11-07,-0.02558014963238009
2012-11-08,-0.013511155537833441
2012-11-09,0.0017261955207510393
2012-11-12,-0.0015848780341002344
2012-11-13,-0.005984176503679661
2012-11-14,-0.02003776550729708
2012-11-15,-0.004811215312403805
2012-11-16,0.008837200447999294
2012-11-19,0.021615870083528277
2012-11-20,0.000945703984955637
2012-11-21,0.005757054381116511
2012-11-23,0.011022304841239672
2012-11-26,0.0022795744098773607
2012-11-27,-0.0015821973078201657
2012-11-28,0.007131019678688455
2012-11-29,0.01192380111497382
2012-11-30,-0.0015549432433111798
2012-12-03,-0.0013626571204923277
2012-12-04,0.0016081960816887175
2012-12-05,-0.001848902277377773
2012-12-06,0.0014501614389599293
2012-12-07,0.0005841413460145883
2012-12-10,0.004852408746033987
2012-12-11,0.010565657741594459
2012-12-12,-0.006706637985403385
2012-12-13,-0.006257613848421162
2012-12-14,-0.0005459987871465621
2012-12-17,0.01365705614567525
2012-12-18,0.015197607714259043
2012-12-19,0.00023594970620766098
2012-12-20,0.005425203158978986
2012-12-21,-0.005360775348180136
2012-12-24,-0.003750345244685871
2012-12-26,-0.0069251789350168735
2012-12-27,-0.0017761449157306375
2012-12-28,-0.006329172048727294
2012-12-31,0.020730682016729007
2013-01-02,0.028339327740150466
2013-01-03,-0.0009388465346150676
2013-01-04,0.0075063591695916365
2013-01-07,-0.003810540326523282
2013-01-08,-0.001255966660503649
2013-01-09,0.005499025370375055
2013-01-10,0.001966982125889638
2013-01-11,-0.0005333061462633459
2013-01-14,-0.0007607479029192454
2013-01-15,0.005113055476457795
2013-01-16,-0.002588715906109873
2013-01-17,0.009123763547101982
2013-01-18,0.002740467318331774
2013-01-22,0.0072132644819207226
2013-01-23,-0.002824583042266293
2013-01-24,0.0038920376791176103
2013-01-25,0.0056099132175126964
2013-01-28,0.0016239138285314425
2013-01-29,0.0006617061369105226
2013-01-30,-0.011462481888270926
2013-01-31,0.005775444432596144
2013-02-01,0.010098754093666562
2013-02-04,-0.013081631640110114
2013-02-05,0.009941220882265123
2013-02-06,0.0033802464416654576
2013-02-07,-0.003500534976047298
2013-02-08,0.00613369394776675
2013-02-11,-0.0007004209673638906
2013-02-12,0.004917680788476098
2013-02-13,0.0033350744326614556
2013-02-14,0.0034543359803027585
2013-02-15,-0.0006603288138846697
2013-02-19,0.009586714349658187
2013-02-20,-0.019849785407725307
2013-02-21,-0.008866968348043347
2013-02-22,0.01187320489300503
2013-02-25,-0.02216885555570791
2013-02-26,0.004699456165491389
2013-02-27,0.010966052164935736
2013-02-28,0.001307809987423525
2013-03-01,0.003973170281731386
2013-03-04,0.0021317899802868467
2013-03-05,0.011694410071053651
2013-03-06,0.002760402729352185
2013-03-07,0.004957186591509233
2013-03-08,0.00848517779688418
2013-03-11,1.0620440981323753e-05
2013-03-12,-0.0023872425509406936
2013-03-13,0.0038712851877478194
2013-03-14,0.009714993826648977
2013-03-15,-0.0006190802888921265
2013-03-18,-0.005543390275898785
2013-03-19,-0.004592521711394237
2013-03-20,0.009651627360374393
2013-03-21,-0.008435347648410585
2013-03-22,0.0024896566061123337
2013-03-25,-0.0004438943817753893
2013-03-26,0.00419731653090305
2013-03-27,0.00044217105021759906
2013-03-28,0.0013680626013730102
2013-04-01,-0.013399331919224489
2013-04-02,-0.004782741975803528
2013-04-03,-0.016686252835280024
2013-04-04,0.007564901879433039
2013-04-05,-0.0025710778435967807
2013-04-08,0.00889216778982238
2013-04-09,-0.002308090694957743
2013-04-10,0.01802354306924192
2013-04-11,0.0010146613009869299
2013-04-12,-0.00443483687362578
2013-04-15,-0.03783208764256385
2013-04-16,0.017769345937227454
2013-04-17,-0.01787068148830062
2013-04-18,-0.005833676773881358
2013-04-19,0.012190646931621085
2013-04-22,0.0025205345676369006
2013-04-23,0.015916044767032567
2013-04-24,0.0051110442399811
2013-04-25,0.006605264949598455
2013-04-26,-0.00534950136145762
2013-04-29,0.007677083855419653
2013-04-30,0.0053372975562817615
2013-05-01,-0.024539293965767928
2013-05-02,0.016922510296846882
2013-05-03,0.015502481994676964
2013-05-06,0.005636936546957072
2013-05-07,0.00835592793628992
2013-05-08,0.002676082123444834
2013-05-09,-0.004276505285141119
2013-05-10,0.009210733435056406
2013-05-13,-0.0014048926893192037
2013-05-14,0.012497606485913915
2013-05-15,0.0026166943863765724
2013-05-16,-0.003237047810914606
2013-05-17,0.01110276873285998
2013-05-20,0.001706298552501151
2013-05-21,0.0008016682135740805
2013-05-22,-0.016540198088341618
2013-05-23,0.002056501854057924
2013-05-24,0.0
2013-05-28,0.013278686857437494
2013-05-29,-0.01041756040268349
2013-05-30,0.007568665940687946
2013-05-31,-0.010337548482480696
2013-06-03,0.006482756413699331
2013-06-04,-0.008641897106164809
2013-06-05,-0.014063564030074471
2013-06-06,0.011671675282570293
2013-06-07,0.00833109362452289
2013-06-10,0.005113290352499744
2013-06-11,-0.011302820571074457
2013-06-12,-0.00931276635055911
2013-06-13,0.01787496264200983
2013-06-14,-0.008396566134945771
2013-06-17,0.006582589761880975
2013-06-18,0.01229952527595235
2013-06-19,-0.013490125267367148
2013-06-20,-0.026335509851748595
2013-06-21,0.0032898566196188916
2013-06-24,-0.01310601546032275
2013-06-25,0.010735526106624427
2013-06-26,0.0026735818593404126
2013-06-27,0.016693779541016918
2013-06-28,-0.0024900017184668055
2013-07-01,0.012644807703162897
2013-07-02,-0.00037385450406501874
2013-07-03,0.0016777004142003449
2013-07-05,0.01438762795533699
2013-07-08,0.0038392915140619266
2013-07-09,0.008719333953895125
2013-07-10,0.0023279751933649173
2013-07-11,0.012504724539390777
2013-07-12,0.0032327045110056574
2013-07-15,0.006541146498975747
2013-07-16,-0.004361208295960317
2013-07-17,0.0036390173736462472
2013-07-18,0.007424237208395024
2013-07-19,0.00019991138811503717
2013-07-22,0.002789252308863732
2013-07-23,-0.0011487293347787197
2013-07-24,-0.007954757180767325
2013-07-25,0.009915501654474301
2013-07-26,-0.005378629509591559
2013-07-29,-0.007486791268394466
2013-07-30,0.0027386230779815612
2013-07-31,0.0016770323079058347
2013-08-01,0.013986945813095453
2013-08-02,-1.8888488468316034e-05
2013-08-05,0.002972113729737158
2013-08-06,-0.01022567522161355
2013-08-07,-0.007413508391971302
2013-08-08,0.004912198183264049
2013-08-09,-0.0010195111045870897
2013-08-12,0.005026725876122962
2013-08-13,-0.001594478006271105
2013-08-14,-0.003982871933331356
2013-08-15,-0.019269004137901447
2013-08-16,-0.003221004632711022
2013-08-19,-0.010787902276063632
2013-08-20,0.01511961143751539
2013-08-21,-0.006795774292684187
2013-08-22,0.014311100293131096
2013-08-23,0.001968769695648742
2013-08-26,0.0002215099311462243
2013-08-27,-0.02405460068511811
2013-08-28,0.0029699452334293053
2013-08-29,0.010270478510821412
2013-08-30,-0.0156191383210037
2013-09-03,0.0053021913365463025
2013-09-04,0.00917082852764417
2013-09-05,0.003032416276470773
2013-09-06,0.0008361192107111393
2013-09-09,0.016055467381481447
2013-09-10,0.009215370768401954
2013-09-11,-0.0003599485596160745
2013-09-12,-0.006500261123182471
2013-09-13,0.0052456890951233515
2013-09-16,0.002153759628565677
2013-09-17,0.009600013868343193
2013-09-18,0.00992128199753961
2013-09-19,-0.0015784573554684656
2013-09-20,-0.002269256495802008
2013-09-23,-0.0006524344029775753
2013-09-24,0.0023784884449751242
2013-09-25,-0.001088737007142071
2013-09-26,0.004564488797950128
2013-09-27,-0.003913254364929508
2013-09-30,-0.0003722827112181415
2013-10-01,0.012702683161734507
2013-10-02,-0.004487649450333975
2013-10-03,-0.010761649705409715
2013-10-04,0.006863362982888255
2013-10-07,-0.011555725423139318
2013-10-08,-0.017386191104933335
2013-10-09,-0.003628562909582911
2013-10-10,0.02495547508991547
2013-10-11,0.013847647118980788
2013-10-14,0.005524241140161923
2013-10-15,-0.009795517960782152
2013-10-16,0.011856068696407984
2013-10-17,0.009016655855529576
2013-10-18,0.011340234042939601
2013-10-21,-0.002054270407687242
2013-10-22,0.002831533573067313
2013-10-23,-0.004212822487118961
2013-10-24,0.007129091384776576
2013-10-25,-0.0004558339158544644
2013-10-28,-0.0003308431501114484
2013-10-29,0.0027728612280952802
2013-10-30,-0.013888469975135598
2013-10-31,-0.0048394170836160155
2013-11-01,-0.004072154132920169
2013-11-04,0.011508925904514244
2013-11-05,-0.004231839744994748
2013-11-06,-0.004494387490931229
2013-11-07,-0.017785823230437092
2013-11-08,0.019349642332129102
2013-11-11,0.0013909736971247089
2013-11-12,-2.7262185088527957e-05
2013-11-13,0.009723445298264188
2013-11-14,-0.0006654608686947894
2013-11-15,0.0042827413234785006
2013-11-18,-0.007982362031122348
2013-11-19,-0.005337385843993792
2013-11-20,-0.001443612389242288
2013-11-21,0.018030674356344756
2013-11-22,0.004733792582518381
2013-11-25,-0.00017785552250082493
2013-11-26,0.008722223174909116
2013-11-27,0.0059936066760848394
2013-11-29,0.001366877812567724
2013-12-02,-0.01204842054332389
2013-12-03,-0.004729316497276481
2013-12-04,-0.0021356709956521502
2013-12-05,0.0009719861381212169
2013-12-06,0.007937882003298702
2013-12-09,-0.0016970813847035915
2013-12-10,-0.008650168991506724
2013-12-11,-0.016245516489506673
2013-12-12,0.001606917413754072
2013-12-13,0.003426205035899521
2013-12-16,0.011562193390770359
2013-12-17,-0.0008572228052223796
2013-12-18,0.013254167845395681
2013-12-19,-0.007294587503932748
2013-12-20,0.01867699181946114
2013-12-23,0.009376608436945766
2013-12-24,0.0039578284517653994
2013-12-26,0.0007316022983427928
2013-12-27,-0.0013418127217914577
2013-12-30,-0.00043062985187947156
2013-12-31,0.0026280158522387076
2014-01-02,-0.011103127928456469
2014-01-03,0.004666639368313241
2014-01-06,-0.00772425321959147
2014-01-07,0.00912686145888264
2014-01-08,-0.0001468897182996809
2014-01-09,0.0007689377416706389
2014-01-10,0.005335221514388477
2014-01-13,-0.014117337520689555
2014-01-14,0.013361398799147661
2014-01-15,0.0068073897951477225
2014-01-16,0.0015196391633376383
2014-01-17,-0.004006334466182593
2014-01-21,0.006239070083001286
2014-01-22,0.004737580799996088
2014-01-23,-0.007525683239903436
2014-01-24,-0.024112946897436927
2014-01-27,-0.014334056745362811
2014-01-28,0.00931961546438309
2014-01-29,-0.013872328505387221
2014-01-30,0.015065290137910248
2014-01-31,-0.0074427578445572795
2014-02-03,-0.03209893947314646
2014-02-04,0.007546282681255567
2014-02-05,-0.008387436334082898
2014-02-06,0.009455178095812977
2014-02-07,0.011431879288696267
2014-02-10,0.001952381483403265
2014-02-11,0.009323119870772834
2014-02-12,0.00299337984032344
2014-02-13,0.013465307604156429
2014-02-14,0.0012370919999966645
2014-02-18,0.01067691714161656
2014-02-19,-0.010684673337786776
2014-02-20,0.011357053476396484
2014-02-21,0.00215985421141629
2014-02-24,0.008517764357540036
2014-02-25,-0.0005109170587057621
2014-02-26,0.006618697435519794
2014-02-27,0.005263489538409161
2014-02-28,-0.004133131598860751
2014-03-03,-0.005638101975549037
2014-03-04,0.027449113761592203
2014-03-05,-0.002266983973051473
2014-03-06,-0.0011360674331890586
2014-03-07,-0.0010129117620590877
2014-03-10,-0.0023101979113164806
2014-03-11,-0.011236601692109605
2014-03-12,0.0036392284329773705
2014-03-13,-0.012279984339687355
2014-03-14,0.003968628570515609
2014-03-17,0.005772717423885743
2014-03-18,0.014147142278903457
2014-03-19,-0.007783977775634776
2014-03-20,0.0027682923480070176
2014-03-21,-0.004370409903846073
2014-03-24,-0.01298451094770492
2014-03-25,-0.00015271351400636402
2014-03-26,-0.01915033967885471
2014-03-27,-0.0035050488211528785
2014-03-28,0.0003214385520169394
2014-03-31,0.018431841526605375
2014-04-01,0.013349853021121572
2014-04-02,0.00345764918878233
2014-04-03,-0.009800440055262705
2014-04-04,-0.02348617443532719
2014-04-07,-0.015259476938587757
2014-04-08,0.0074485910293187185
2014-04-09,0.013738351077823285
2014-04-10,-0.027845725581516767
2014-04-11,-0.014383849991843278
2014-04-14,0.0035179896223094254
2014-04-15,0.0037118525476835806
2014-04-16,0.010969306920112887
2014-04-17,0.005416299051066442
2014-04-21,0.0038755901969140805
2014-04-22,0.011643009406907767
2014-04-23,-0.007381408437968751
2014-04-24,-0.002379939126597286
2014-04-25,-0.018630617157260887
2014-04-28,-0.005315949304457002
2014-04-29,0.0033748386507377326
2014-04-30,0.005379967999874502
2014-05-01,-0.0007898183092904798
2014-05-02,0.002513457906193395
2014-05-05,-0.0022147412224117202
2014-05-06,-0.01623904667457854
2014-05-07,0.0004873954727306895
2014-05-08,-0.01003111688907754
2014-05-09,0.008920766256658608
2014-05-12,0.023870643964408744
2014-05-13,-0.01101750096184273
2014-05-14,-0.016072655982992345
2014-05-15,-0.006481520313938671
2014-05-16,0.0063139663746678565
2014-05-19,0.010445112633160836
2014-05-20,-0.01483272031459637
2014-05-21,0.005219036653003162
2014-05-22,0.009278463061959119
2014-05-23,0.011060488515777234
2014-05-27,0.014216083075323516
2014-05-28,-0.004832689281131675
2014-05-29,0.002982275062413553
2014-05-30,-0.004885618033518613
2014-06-02,-0.004936073676454433
2014-06-03,-0.0024359995929907896
2014-06-04,0.004502016764329708
2014-06-05,0.02008448515013672
2014-06-06,0.00976655640978663
2014-06-09,0.00915718566010848
2014-06-10,-0.0026958906794477544
2014-06-11,-0.005116354597349382
2014-06-12,-0.006265427371138332
2014-06-13,0.0028290747177901476
2014-06-16,0.0035606464262560866
2014-06-17,0.008398938378875842
2014-06-18,0.0055328056574259765
2014-06-19,0.0007607147231056821
2014-06-20,0.003716142585231008
2014-06-23,-0.002928319195728557
2014-06-24,-0.00988224095534096
2014-06-25,0.00804614874632481
2014-06-26,-0.001665786758858312
2014-06-27,0.0074447064506177885
2014-06-30,0.0029087523644388824
2014-07-01,0.010888873608269956
2014-07-02,-0.005348440178306935
2014-07-03,0.00721135841105669
2014-07-07,-0.017721337372873958
2014-07-08,-0.012294155367117199
2014-07-09,0.00141623012849168
2014-07-10,-0.010180585142117393
2014-07-11,-0.0016610707528936786
2014-07-14,0.006276160535087394
2014-07-15,-0.011480284432277443
2014-07-16,-0.0019587364044819644
2014-07-17,-0.015587749104308934
2014-07-18,0.015887447206688554
2014-07-21,-0.004298287818652269
2014-07-22,0.00827620214492275
2014-07-23,0.001695247931593702
2014-07-24,-0.0015974092351650482
2014-07-25,-0.009980487922296333
2014-07-28,-0.004560041614298682
2014-07-29,0.0018780295291245253
2014-07-30,0.004318289108097728
2014-07-31,-0.023112414629189226
2014-08-01,-0.004651460343848446
2014-08-04,0.008933822245274392
2014-08-05,-0.002898141792441855
2014-08-06,0.003557535955210245
2014-08-07,-0.0051441862301265795
2014-08-08,0.010350401621092242
2014-08-11,0.009351728778285828
2014-08-12,-0.00779384375176051
2014-08-13,0.007722654981554111
2014-08-14,0.0013662320967360309
2014-08-15,-0.0014780742882870568
2014-08-18,0.014671746719049583
2014-08-19,0.0035134204102948985
2014-08-20,-0.004266743281548968
2014-08-21,0.0021771038781428498
2014-08-22,0.00026717974156698077
2014-08-25,0.004205668189117828
2014-08-26,0.008539223058615653
2014-08-27,-0.0020933847152480034
2014-08-28,-0.005764434507080418
2014-08-29,0.0072044468166234665
2014-09-02,0.00435985457796173
2014-09-03,-0.006163802141495922
2014-09-04,-0.00425694458474124
2014-09-05,0.0025017298027230073
2014-09-08,0.0018630867526174821
2014-09-09,-0.011780209930396635
2014-09-10,0.005602063214825259
2014-09-11,0.006309046127047635
2014-09-12,-0.01000561339776751
2014-09-15,-0.012140138373912479
2014-09-16,0.003881267745934558
2014-09-17,0.0025370287841033345
2014-09-18,0.004662493664486345
2014-09-19,-0.010653234688956403
2014-09-22,-0.01531062142165096
2014-09-23,-0.009421278234083452
2014-09-24,0.008572375698806534
2014-09-25,-0.016015161986498883
2014-09-26,0.008187388222607339
2014-09-29,-0.0012685463006858466
2014-09-30,-0.01451814544330432
2014-10-01,-0.014768370795536834
2014-10-02,0.01010675261668803
2014-10-03,0.007625080094794345
2014-10-06,-0.009133339889481062
2014-10-07,-0.016754182077627466
2014-10-08,0.019334518299147563
2014-10-09,-0.026551338971541605
2014-10-10,-0.013736124944479178
2014-10-13,-0.0038164068525426975
2014-10-14,0.011722030101446457
2014-10-15,0.010220399242143019
2014-10-16,0.012737222995591546
2014-10-17,-0.003480337486862717
2014-10-20,0.011678522411513903
2014-10-21,0.016329219395241568
2014-10-22,-0.014359510104078654
2014-10-23,0.017887256652591166
2014-10-24,0.0020868579880402027
2014-10-27,-0.001197659931570727
2014-10-28,0.028608987419814547
2014-10-29,-0.0026795042720628715
2014-10-30,0.008199817209191274
2014-10-31,0.015349065934042727
2014-11-03,-0.002820647941819465
2014-11-04,-0.004084692724329542
2014-11-05,0.0014157147479330057
2014-11-06,0.004104329031632492
2014-11-07,0.0012458492957774236
2014-11-10,0.005326765320718518
2014-11-11,0.0003306413915211692
2014-11-12,0.005517144632986248
2014-11-13,-0.009313279754787351
2014-11-14,-0.0013697106492743805
2014-11-17,-0.008161523284676231
2014-11-18,0.005196609715967915
2014-11-19,-0.010758184003352933
2014-11-20,0.011281136793747981
2014-11-21,0.0014264735813047658
2014-11-24,0.012384552393079673
2014-11-25,-0.0005139142514993811
2014-11-26,0.003616227543277395
2014-11-28,-0.01460584797815856
2014-12-01,-0.016347972656615806
2014-12-02,0.012477710441044065
2014-12-03,0.009037664457222983
2014-12-04,-0.0050890153181928355
2014-12-05,0.008030659471690793
2014-12-08,-0.012871875782986764
2014-12-09,0.017863193730375038
2014-12-10,-0.02205281883914123
2014-12-11,0.004389492408927609
2014-12-12,-0.012442603017489229
2014-12-15,-0.010534078299396232
2014-12-16,-0.0008156219162608336
2014-12-17,0.03113121361378024
2014-12-18,0.01474249162717367
2014-12-19,0.0031874300839376257
2014-12-22,0.004933295935289905
2014-12-23,0.00048254876754039167
2014-12-24,0.0036094009697891227
2014-12-26,0.006985474929956048
2014-12-29,0.0032093420391763328
2014-12-30,-0.004970787374602548
2014-12-31,-0.006883555764510052
2015-01-02,-0.004897403986785953
2015-01-05,-0.014556283392919145
2015-01-06,-0.016963573374814578
2015-01-07,0.012623598668495939
2015-01-08,0.017143323963989987
2015-01-09,-0.008736467716064733
2015-01-12,-0.004714668070133432
2015-01-13,0.00046610753760845114
2015-01-14,-0.0030322164336887836
2015-01-15,-0.018988069039528876
2015-01-16,0.0190004972839668
2015-01-20,-0.005439191162426971
2015-01-21,-0.0034180730613116994
2015-01-22,0.020681667838960305
2015-01-23,-0.0012096586877664572
2015-01-26,0.009933247533423728
2015-01-27,-0.005063507590432392
2015-01-28,-0.016356150288326265
2015-01-29,0.012815762353059146
2015-01-30,-0.020828814081706004
2015-02-02,0.008683783960720115
2015-02-03,0.018272903072116486
2015-02-04,-0.004636671044373819
2015-02-05,0.014495081901372497
2015-02-06,-0.002688817090147233
2015-02-09,-0.007988655944510259
2015-02-10,0.0061464404859865596
2015-02-11,-0.0013547472614635625
2015-02-12,0.012250817781149781
2015-02-13,0.0056401828881766924
2015-02-17,0.0015370442024211783
2015-02-18,0.002399932557949125
2015-02-19,-3.250701883195095e-05
2015-02-20,0.0031598445935043795
2015-02-23,3.240567866402699e-05
2015-02-24,0.001745390590230933
2015-02-25,0.0009076282718638584
2015-02-26,0.0032467086429359693
2015-02-27,-0.004632349268613556
2015-03-02,0.007499777063346702
2015-03-03,-0.0063253330724178936
2015-03-04,-0.0032638158549044283
2015-03-05,0.002908906244110776
2015-03-06,-0.013602772614223824
2015-03-09,0.00498550019029631
2015-03-10,-0.012357076749195839
2015-03-11,0.006049019645475218
2015-03-12,0.017157696991968674
2015-03-13,-0.0036388924397527944
2015-03-16,0.006200605903232015
2015-03-17,0.0019761176289188054
2015-03-18,0.007977616331517057
2015-03-19,0.002172257631977814
2015-03-20,0.009172345839364882
2015-03-23,-0.0013108603220923776
2015-03-24,-0.0009883689056053857
2015-03-25,-0.023435634105564818
2015-03-26,-0.001507464755331589
2015-03-27,0.00683450678337949
2015-03-30,0.014019569472394577
2015-03-31,-0.003999069090163787
2015-04-01,-0.0008461717451911932
2015-04-02,0.0031557416378062975
2015-04-06,0.003886406152920685
2015-04-07,-0.005696014000695748
2015-04-08,0.007459928268984006
2015-04-09,-0.0028509916744972053
2015-04-10,0.004495265898560197
2015-04-13,0.0006482967467607015
2015-04-14,-0.0001896271627117585
2015-04-15,0.007902951904961597
2015-04-16,-0.0019210030335001793
2015-04-17,-0.016529215695620048
2015-04-20,0.010432523402433391
2015-04-21,-0.0006087495687461253
2015-04-22,0.0010520555543269694
2015-04-23,0.004788743154597652
2015-04-24,-0.0031457916204897796
2015-04-27,-0.011707786289418598
2015-04-28,0.005316543816783259
2015-04-29,-0.009854238918209801
2015-04-30,-0.02150843846126882
2015-05-01,0.00654027065707341
2015-05-04,0.004160853191092384
2015-05-05,-0.014433699729711535
2015-05-06,0.003241629448088368
2015-05-07,0.005068276624770274
2015-05-08,0.007661940327645667
2015-05-11,0.0007287071369312947
2015-05-12,-0.0021847270804912222
2015-05-13,-0.0006892830298280694
2015-05-14,0.010411558858101522
2015-05-15,-0.0009316720557501768
2015-05-18,0.010908853966826504
2015-05-19,-0.0014790900523841133
2015-05-20,0.001656464327979057
2015-05-21,-0.0007950768901079375
2015-05-22,-0.003596622663695981
2015-05-26,-0.010748878992835609
2015-05-27,0.012593218591944177
2015-05-28,-0.0010045041139221667
2015-05-29,-0.005242954606228034
2015-06-01,0.0024788538965687668
2015-06-02,0.0017445733258558693
2015-06-03,0.010209224099748448
2015-06-04,-0.010509352871328259
2015-06-05,0.007767959785252909
2015-06-08,-0.005796986968492512
2015-06-09,-0.0032223954291544787
2015-06-10,0.013819774225704906
2015-06-11,0.001570718311201258
2015-06-12,-0.003073498943193087
2015-06-15,-0.0031461798290154386
2015-06-16,0.006732530269765835
2015-06-17,-0.0009452893704705589
2015-06-18,0.012891044304519372
2015-06-19,-1.5583281761211154e-05
2015-06-22,0.00601714092684924
2015-06-23,0.0026385488444176097
2015-06-24,-0.009168084916771235
2015-06-25,-0.0004984848172249201
2015-06-26,-0.002711785728214511
2015-06-29,-0.025824384721963356
2015-06-30,0.005774975874774491
2015-07-01,0.001953884395384131
2015-07-02,-0.006478839931759572
2015-07-06,-0.0010414888067824535
2015-07-07,0.0008741963854279611
2015-07-08,-0.01529593136793661
2015-07-09,0.004223134716775823
2015-07-10,0.01447959710220137
2015-07-13,0.010646759514019832
2015-07-14,0.006306540184706444
2015-07-15,-0.0069188166677036644
2015-07-16,0.006571613256481257
2015-07-17,-0.004509628491276896
2015-07-20,-0.005421868456467416
2015-07-21,-0.004483363655084838
2015-07-22,0.003013008009681739
2015-07-23,-0.010632975835345171
2015-07-24,-0.015245331948071539
2015-07-27,-0.009282298365777764
2015-07-28,0.008224854360540546
2015-07-29,0.004082965947804773
2015-07-30,0.0020087595577154005
2015-07-31,0.005365042335286452
2015-08-03,-0.005562384433168033
2015-08-04,-0.0023868219285164693
2015-08-05,0.002359949930161198
2015-08-06,-0.012908483388725411
2015-08-07,-0.0073610653876616805
2015-08-10,0.013066550014286582
2015-08-11,-0.009430205110505407
2015-08-12,-0.0017834718971897479
2015-08-13,-0.0035070805992428733
2015-08-14,0.006598893733350986
2015-08-17,0.01022522245025237
2015-08-18,-0.008325879287604088
2015-08-19,-0.009803384698271689
2015-08-20,-0.02532042214503938
2015-08-21,-0.013415532533967767
2015-08-24,-0.03898728043405397
2015-08-25,-0.006827412516399511
2015-08-26,0.02544150569825465
2015-08-27,0.018919125812677295
2015-08-28,0.008061692379761176
2015-08-31,-0.0029753660267048954
2015-09-01,-0.027081722942860598
2015-09-02,0.015938991791568657
2015-09-03,-0.000767872446896023
2015-09-04,-0.00784175023123701
2015-09-08,0.022523006971256088
2015-09-09,-0.011646148243305898
2015-09-10,0.004180389738791979
2015-09-11,0.00412826174919978
2015-09-14,-0.0037053687782404587
2015-09-15,0.010836584308625996
2015-09-16,0.007890181107954586
2015-09-17,0.00467153715323132
2015-09-18,-0.014686299266393199
2015-09-21,-0.0019426740130258358
2015-09-22,-0.015554295580082922
2015-09-23,-0.0026070885211852968
2015-09-24,-0.002201666293690452
2015-09-25,-0.012966576554224951
2015-09-28,-0.028696454058623866
2015-09-29,-0.006106817936838427
2015-09-30,0.015480904039477439
2015-10-01,-0.0028526585553361183
2015-10-02,0.015097212474961541
2015-10-05,0.024701127034665094
2015-10-06,-0.006963730370501797
2015-10-07,0.016680075820582063
2015-10-08,0.00923131604529881
2015-10-09,0.0018224916053311002
2015-10-12,-0.0008237462668759798
2015-10-13,-0.014221966889843674
2015-10-14,-0.00946995699824682
2015-10-15,0.022691935137187258
2015-10-16,-0.0003955734408128686
2015-10-19,0.0017120992971382254
2015-10-20,-0.0008846768476147293
2015-10-21,-0.01574876688282334
2015-10-22,0.008358503661736405
2015-10-23,0.00999552962900152
2015-10-26,-0.005625832516432561
2015-10-27,-0.012255248760241533
2015-10-28,0.029189052991318798
2015-10-29,-0.011105238008739415
2015-10-30,-0.0032343192226156336
2015-11-02,0.02085447538794294
2015-11-03,0.004628645712029256
2015-11-04,-0.0010070253076831515
2015-11-05,0.00026036771633108913
2015-11-06,0.007609083001952399
2015-11-09,-0.01276928217467177
2015-11-10,0.002760734963362932
2015-11-11,-0.00810811255259447
2015-11-12,-0.01974406338824064
2015-11-13,-0.007152699878353541
2015-11-16,0.00831181092905875
2015-11-17,-0.002482523031522743
2015-11-18,0.01607689812827129
2015-11-19,-0.004284206982078098
2015-11-20,0.007216788876831304
2015-11-23,0.004433443244914903
2015-11-24,0.007158895038000379
2015-11-25,0.007747209801029609
2015-11-27,0.0036393259548939128
2015-11-30,-0.003551306171018842
2015-12-01,0.0050496606339105465
2015-12-02,-0.010355843425689293
2015-12-03,-0.017722726678606415
2015-12-04,0.010960539492470112
2015-12-07,-0.016139914814852663
2015-12-08,-0.004208558110939231
2015-12-09,-0.011669854245270339
2015-12-10,0.002749024258847488
2015-12-11,-0.022114526942753954
2015-12-14,-0.006897411113318985
2015-12-15,0.014060960767958042
2015-12-16,0.015394742718663368
2015-12-17,-0.011845379512602672
2015-12-18,-0.012630325187893754
2015-12-21,0.005994514447596577
2015-12-22,0.008822912424881757
2015-12-23,0.013298882526913136
2015-12-24,0.0016828850704808662
2015-12-28,-0.005672216540867581
2015-12-29,0.010721086745928421
2015-12-30,-0.009375111759991062
2015-12-31,-0.011960265669949566
2016-01-04,-0.024007623255399624
2016-01-05,0.0016416322067780431
2016-01-06,-0.014471693326080892
2016-01-07,-0.027230323346843943
2016-01-08,-0.017255789702896096
2016-01-11,-0.004110042973139216
2016-01-12,0.002687327663119188
2016-01-13,-0.03303335918773398
2016-01-14,0.0153238910170308
2016-01-15,-0.017500826262938585
2016-01-19,-0.012751534116140828
2016-01-20,0.004462897125451226
2016-01-21,-0.001971330926276993
2016-01-22,0.023382142159267705
2016-01-25,-0.022818547449832915
2016-01-26,0.02065429648654815
2016-01-27,-0.014951296345816933
2016-01-28,0.0005185933994016345
2016-01-29,0.03200532730616734
2016-02-01,-0.0028878191777650386
2016-02-02,-0.022811134802566135
2016-02-03,0.0014471679340981591
2016-02-04,0.004444214875408914
2016-02-05,-0.02874484725091575
2016-02-08,-0.016517489846361366
2016-02-09,-0.005612068304920448
2016-02-10,-0.0004357754276100856
2016-02-11,-0.010129955954950476
2016-02-12,0.0191565869358703
2016-02-16,0.02449613452588384
2016-02-17,0.015394674912398987
2016-02-18,-0.0063493150031683765
2016-02-19,0.00527514175937327
2016-02-22,0.011613726948579428
2016-02-23,-0.009385916096044
2016-02-24,0.009810791321701373
2016-02-25,0.009294711574435066
2016-02-26,0.00542866078715587
2016-02-29,-0.0031624492634035883
2016-03-01,0.019914851856185356
2016-03-02,0.010602332705360817
2016-03-03,0.00974035532084927
2016-03-04,0.0054644343812968454
2016-03-07,0.011294603252041568
2016-03-08,-0.024009522410163187
2016-03-09,0.004579179894818042
2016-03-10,-0.00818444693366005
2016-03-11,0.02215252829040515
2016-03-14,-0.0030435639554747818
2016-03-15,-0.016213932261644026
2016-03-16,0.0073499446851574834
2016-03-17,0.015579185007337681
2016-03-18,0.009548722973940382
2016-03-21,-0.0028049123307000157
2016-03-22,-0.0011287209706867252
2016-03-23,-0.019720428784584132
2016-03-24,0.0035698503903822676
2016-03-28,0.000639106824466884
2016-03-29,0.026707253184565793
2016-03-30,0.0012262284104387344
2016-03-31,0.0032330320233966425
2016-04-01,0.003276414744731948
2016-04-04,-0.008177666424385666
2016-04-05,-0.011447546348704374
2016-04-06,0.011826512110731935
2016-04-07,-0.014447938496849
2016-04-08,0.004136219556986287
2016-04-11,-0.0027067033152360365
2016-04-12,0.010389819866136962
2016-04-13,0.02190456234372884
2016-04-14,-0.001185991899431138
2016-04-15,0.0020645922749333856
2016-04-18,0.0073921984107718774
2016-04-19,0.0008338171015438434
2016-04-20,0.001806704462290254
2016-04-21,-0.005707849415023447
2016-04-22,0.009614553727617103
2016-04-25,-0.007491097209571862
2016-04-26,0.011097447635310065
2016-04-27,0.0029720646922914984
2016-04-28,-0.011913529185237914
2016-04-29,-0.008374297284877597
2016-05-02,0.008904866761090258
2016-05-03,-0.016793494234207618
2016-05-04,-0.007693272007989971
2016-05-05,-0.004653592741382329
2016-05-06,0.00611040194016832
2016-05-09,0.003166740876319185
2016-05-10,0.009461172416443064
2016-05-11,-0.01248192054501951
2016-05-12,-0.00550802402553674
2016-05-13,-0.005556588774441984
2016-05-16,0.012490494052388224
2016-05-17,-0.0166007363086057
2016-05-18,0.00480094126072661
2016-05-19,-0.007407336902567119
2016-05-20,0.015984946319526294
2016-05-23,-0.0008181700252792856
2016-05-24,0.021541038161677406
2016-05-25,0.005029428651916135
2016-05-26,-0.0011130563088382894
2016-05-27,0.00938798084832193
2016-05-31,0.003772513429379565
2016-06-01,0.007144155838664457
2016-06-02,0.006482938453490572
2016-06-03,-0.005510047509794891
2016-06-06,0.010943786502313868
2016-06-07,0.0026340849871262506
2016-06-08,0.007610346611955698
2016-06-09,-0.006518356800773062
2016-06-10,-0.014620638481913195
2016-06-13,-0.011366750516391577
2016-06-14,-0.00250282871732066
2016-06-15,0.001289490171213492
2016-06-16,-0.0009658986989575791
2016-06-17,-0.0030395582721275405
2016-06-20,0.01135668782609045
2016-06-21,-0.0033082458462666553
2016-06-22,-0.004246600080423102
2016-06-23,0.020235515803578297
2016-06-24,-0.03811565470414646
2016-06-27,-0.03360414117084598
2016-06-28,0.01619788374120712
2016-06-29,0.021963284761705504
2016-06-30,0.017938927303968955
2016-07-01,0.004210340475825358
2016-07-05,-0.014972784621781199
2016-07-06,0.006915621765316127
2016-07-07,0.002118007725775417
2016-07-08,0.024004988303223174
2016-07-11,0.010761401867695808
2016-07-12,0.013327382470283755
2016-07-13,-0.003922397906353847
2016-07-14,0.0008408619475213097
2016-07-15,0.002611955491864215
2016-07-18,0.002157101044166998
2016-07-19,-0.006176025363411108
2016-07-20,0.007738797484585724
2016-07-21,-0.004860552623108139
2016-07-22,0.00750089662149378
2016-07-25,-0.002531200951691348
2016-07-26,0.005819080007809729
2016-07-27,0.0017011557486434903
2016-07-28,-0.0013127067064911957
2016-07-29,0.002144024583130566
2016-08-01,-0.0006721202095549828
2016-08-02,-0.013755839948829673
2016-08-03,0.00863309776153498
2016-08-04,0.0008493475987760846
2016-08-05,0.014450994365753589
2016-08-08,-0.0007146957263991505
2016-08-09,0.0010727607174132459
2016-08-10,-0.006876427468684665
2016-08-11,0.0047822438975322346
2016-08-12,0.0005694734237955412
2016-08-15,0.009790082766855779
2016-08-16,-0.008640249782838727
2016-08-17,-0.002802263902424662
2016-08-18,0.007469309163476101
2016-08-19,-6.464490946012091e-05
2016-08-22,0.0024013928670834073
2016-08-23,0.007130499854764993
2016-08-24,-0.009074273537506006
2016-08-25,0.002222671246716601
2016-08-26,-0.0015886860509072287
2016-08-29,0.005581376821125472
2016-08-30,0.0008756148424264865
2016-08-31,-0.004911595205005614
2016-09-01,-8.870429993357298e-05
2016-09-02,0.009703102720421297
2016-09-06,0.0012302302361844042
2016-09-07,0.0060955780641001045
2016-09-08,-0.002101509419861869
2016-09-09,-0.031111943219590432
2016-09-12,0.013664614556525567
2016-09-13,-0.01905544185162611
2016-09-14,-0.0006021351632334859
2016-09-15,0.01273537594914842
2016-09-16,-0.0018255531276749615
2016-09-19,0.0063276668582268325
2016-09-20,-0.0034076843097960996
2016-09-21,0.013603904167154068
2016-09-22,0.01477856275016265
2016-09-23,-0.006980898735277963
2016-09-26,-0.010903742778035075
2016-09-27,0.0043838249499792425
2016-09-28,0.007453616895413351
2016-09-29,-0.01427130003755428
2016-09-30,0.011230074258988143
2016-10-03,-0.004689805458946483
2016-10-04,-0.004816259579459192
2016-10-05,0.006928620898325244
2016-10-06,-0.001706228835316237
2016-10-07,-0.00776730943997761
2016-10-10,0.01148343024116727
2016-10-11,-0.018500763110241736
2016-10-12,-0.00031769981752394205
2016-10-13,-0.009354383979737091
2016-10-14,-0.0027472472303619044
2016-10-17,-0.001872319980249837
2016-10-18,0.005916698971207612
2016-10-19,0.0043867293240094085
2016-10-20,-0.0023310014000784696
2016-10-21,-0.0013855363812131927
2016-10-24,0.006854918112875641
2016-10-25,-0.008438971012268426
2016-10-26,-0.009333094164786004
2016-10-27,-0.012284746900290466
2016-10-28,-0.001966440536434355
2016-10-31,0.0031828877691324475
2016-11-01,-0.011289395644428324
2016-11-02,-0.013090584106173808
2016-11-03,-0.004842931552338059
2016-11-04,0.005661667638995782
2016-11-07,0.02476282407747421
2016-11-08,0.0024240005438771473
2016-11-09,0.030975466537399576
2016-11-10,0.015785247559034765
2016-11-11,0.024584351268663873
2016-11-14,0.012648334067410172
2016-11-15,0.0027260427607067594
2016-11-16,4.6029246289380765e-05
2016-11-17,0.005590561795309146
2016-11-18,0.004704183547336482
2016-11-21,0.005008942983596887
2016-11-22,0.009158758710999138
2016-11-23,0.005808115022047922
2016-11-25,0.0038074834636283583
2016-11-28,-0.012893405393963997
2016-11-29,-0.0012106700892338118
2016-11-30,-0.004426981232408145
2016-12-01,-0.006458185650382142
2016-12-02,0.00034248070874731695
2016-12-05,0.01791138600913067
2016-12-06,0.011122825292704475
2016-12-07,0.00875303321257781
2016-12-08,0.01602039207855821
2016-12-09,0.0012261886638216257
2016-12-12,-0.010755892871637696
2016-12-13,0.0002840312308118875
2016-12-14,-0.012748181249876644
2016-12-15,0.007662139569317716
2016-12-16,-0.0016247632247301524
2016-12-19,0.005490520108194286
2016-12-20,0.008952457384898471
2016-12-21,-0.006336902640817099
2016-12-22,-0.009111401159427879
2016-12-23,0.006494632090142005
2016-12-27,0.004520529290875874
2016-12-28,-0.012252219524729324
2016-12-29,0.0017269590853683514
2016-12-30,-0.004438187612601285
2017-01-03,0.006160047542596692
2017-01-04,0.016448279444102543
2017-01-05,-0.011535005100225315
2017-01-06,-0.0033965860813108817
2017-01-09,-0.007160229691597686
2017-01-10,0.009878551058319252
2017-01-11,0.0017506925168291332
2017-01-12,-0.008905630309631762
2017-01-13,0.008067258092796514
2017-01-17,-0.014380016644373939
2017-01-18,0.004614375704367291
2017-01-19,-0.009436512046913204
2017-01-20,0.0045402420942386446
2017-01-23,-0.002966312710762864
2017-01-24,0.015854994405201106
2017-01-25,0.00966249212771686
2017-01-26,-0.004947748987456757
2017-01-27,-0.003562099811738717
2017-01-30,-0.013401908347251412
2017-01-31,0.0070175109202352814
2017-02-01,-0.0004332186658890791
2017-02-02,-0.0027915391317666627
2017-02-03,0.015035700774105099
2017-02-06,-0.008114100271412128
2017-02-07,-0.0040975629972956895
2017-02-08,-0.0017046039553699766
2017-02-09,0.014564993453299646
2017-02-10,0.007478935028130129
2017-02-13,0.002548917909637627
2017-02-14,0.003066705580571316
2017-02-15,0.0054129068780914835
2017-02-16,-0.0036176613156169157
2017-02-17,0.0005217388421394631
2017-02-21,0.007486449058059286
2017-02-22,-0.0045946230169978675
2017-02-23,-0.0065818460037245785
2017-02-24,-7.168661448098135e-05
2017-02-27,0.009644860585361847
2017-02-28,-0.015121002177024834
2017-03-01,0.019442091825977892
2017-03-02,-0.012711843550632707
2017-03-03,-0.0011034406514498496
2017-03-06,-0.007086860513875082
2017-03-07,-0.006769004960944569
2017-03-08,-0.00642962715940143
2017-03-09,-0.004333726520472592
2017-03-10,0.0037790891001456828
2017-03-13,0.003676969584798462
2017-03-14,-0.005765262752983613
2017-03-15,0.01501046044318155
2017-03-16,0.002314148047036557
2017-03-17,0.003960946096644102
2017-03-20,-0.0053323299996876905
2017-03-21,-0.027129490224805708
2017-03-22,-0.0007055610320717554
2017-03-23,0.005819023682421154
2017-03-24,0.0008939959137026499
2017-03-27,0.001978334916764135
2017-03-28,0.007323301704759366
2017-03-29,0.0032034908148621533
2017-03-30,0.007808142678197516
2017-03-31,0.0025826081834752213
2017-04-03,-0.01172506312394539
2017-04-04,-0.0010878461137129314
2017-04-05,-0.011723631709872007
2017-04-06,0.009089324278074518
2017-04-07,9.528145650183895e-05
2017-04-10,0.0018540094374224214
2017-04-11,0.0072123895267171
2017-04-12,-0.012890809854703589
2017-04-13,-0.010270719128163575
2017-04-17,0.011849234034282174
2017-04-18,0.0005215775352895857
2017-04-19,0.0038475869402183616
2017-04-20,0.012449452115352422
2017-04-21,-0.003106634940056696
2017-04-24,0.013110096126668358
2017-04-25,0.009399555917416258
2017-04-26,0.005917522689214971
2017-04-27,-0.0016204030780606615
2017-04-28,-0.011784346612049856
2017-05-01,0.004948431106760243
2017-05-02,-0.005684402060075366
2017-05-03,-0.006031286798678592
2017-05-04,-0.001488272721631989
2017-05-05,0.005868181990372312
2017-05-08,-0.0038367826424928753
2017-05-09,0.00015806580783084279
2017-05-10,0.005553705509248941
2017-05-11,-0.006709118297325012
2017-05-12,-0.005344505755709439
2017-05-15,0.008063542206275365
2017-05-16,0.0005452319657259785
2017-05-17,-0.02781285855439619
2017-05-18,0.0038277008829479264
2017-05-19,0.004591941841621594
2017-05-22,0.00717460957416316
2017-05-23,0.0027883626787887916
2017-05-24,0.001107930106528876
2017-05-25,0.0006365269521351191
2017-05-26,-0.0008313088875047114
2017-05-30,-0.007994305551998537
2017-05-31,-0.0007146934492131551
2017-06-01,0.018865793121634722
2017-06-02,0.006683062091243919
2017-06-05,-0.0063612686751576275
2017-06-06,-0.0011099049819235374
2017-06-07,0.0012689221451505084
2017-06-08,0.013560784444655472
2017-06-09,0.004309079230196744
2017-06-12,-0.0017584458635652167
2017-06-13,0.004777326458726527
2017-06-14,-0.005904700596059964
2017-06-15,-0.005283683005542272
2017-06-16,-0.0023757344904827837
2017-06-19,0.008068339868718466
2017-06-20,-0.01065524217238123
2017-06-21,-0.0026514970247443204
2017-06-22,0.003780624664999177
2017-06-23,0.007290636044245513
2017-06-26,0.0013146816558380348
2017-06-27,-0.009261347259376551
2017-06-28,0.01549675081034052
2017-06-29,-0.006363754400978694
2017-06-30,-0.0005931124482934091
2017-07-03,0.007998013563004003
2017-07-05,-0.004577080390161581
2017-07-06,-0.013618255457406248
2017-07-07,0.010729439822591447
2017-07-10,-0.0052053871165569365
2017-07-11,0.003251810986579784
2017-07-12,0.007975582655606495
2017-07-13,0.0009408615628225814
2017-07-14,0.002216455559963304
2017-07-17,0.001945682032292062
2017-07-18,-0.002787084592357547
2017-07-19,0.009918699312123636
2017-07-20,0.0004022528189870922
2017-07-21,-0.004513474451982691
2017-07-24,0.001539226557571105
2017-07-25,0.008581040576695065
2017-07-26,-0.0055915893446966125
2017-07-27,-0.006004405527204937
2017-07-28,-0.003041242007235101
2017-07-31,-0.0028826071456816704
2017-08-01,0.0022383354431578795
2017-08-02,-0.010802778150256875
2017-08-03,-0.005428582215853073
2017-08-04,0.005045413148634603
2017-08-07,0.001309970634565616
2017-08-08,-0.0028426705462059054
2017-08-09,-0.009360758085064314
2017-08-10,-0.017473719862975745
2017-08-11,0.001231251080590967
2017-08-14,0.014611876039955618
2017-08-15,-0.007939459585151298
2017-08-16,0.0002096809407967637
2017-08-17,-0.017773439947033176
2017-08-18,-0.0008461759852022022
2017-08-21,-0.0006554876842755908
2017-08-22,0.010789309739130726
2017-08-23,-0.0013124289316084337
2017-08-24,0.0030224821338020735
2017-08-25,0.002598441113033756
2017-08-28,0.003470201797755701
2017-08-29,0.0010490824701225865
2017-08-30,0.0055214300138499706
2017-08-31,0.01003369717012026
2017-09-01,0.005899121043038802
2017-09-05,-0.009840271537953749
2017-09-06,0.001814667083550825
2017-09-07,-0.002517406468037886
2017-09-08,0.0005433803125440839
2017-09-11,0.011004410190358138
2017-09-12,0.006099676392827824
2017-09-13,0.002409659424967847
2017-09-14,-0.0013105390730820954
2017-09-15,0.004694629769798286
2017-09-18,0.0065446182347239645
2017-09-19,-0.0004718208991585371
2017-09-20,0.003485156516358723
2017-09-21,-0.0008578753557273444
2017-09-22,0.0045700503680121685
2017-09-25,0.0008133084387691447
2017-09-26,0.003374765521012568
2017-09-27,0.019185147181760787
2017-09-28,0.002680464377052605
2017-09-29,0.001390354740931743
2017-10-02,0.012482718386981118
2017-10-03,0.0016562104901203245
2017-10-04,-0.002784420999804804
2017-10-05,0.0028717806724165573
2017-10-06,-0.001236695672517718
2017-10-09,-0.004409895405021236
2017-10-10,0.002959609858243395
2017-10-11,-0.0007227842078328939
2017-10-12,-0.0011679516592114636
2017-10-13,-0.0016609529506691478
2017-10-16,1.3322728225073632e-05
2017-10-17,-0.003447210001986223
2017-10-18,0.005101846175918245
2017-10-19,-0.0020595928324060875
2017-10-20,0.004800112347204788
2017-10-23,-0.007791956114377996
2017-10-24,0.00195664326976841
2017-10-25,-0.004625413733019612
2017-10-26,0.002664903795697837
2017-10-27,0.007252270935353522
2017-10-30,-0.011549221978969682
2017-10-31,0.00780066046841954
2017-11-01,-0.006489055000493127
2017-11-02,0.002525502389676193
2017-11-03,-0.0010958635494494606
2017-11-06,0.0020402075630499006
2017-11-07,-0.012597129168511079
2017-11-08,0.0017848911894777775
2017-11-09,-0.004528464042670821
2017-11-10,0.00016948922502035835
2017-11-13,-0.00013561804926465193
2017-11-14,-0.002582885328944906
2017-11-15,-0.004873403679649169
2017-11-16,0.015566010009317344
2017-11-17,0.003994903009485462
2017-11-20,0.007087310262232638
2017-11-21,0.010303305828674558
2017-11-22,-0.00140234306781295
2017-11-24,0.0015823362948719222
2017-11-27,-0.003850796133599177
2017-11-28,0.015277764781839842
2017-11-29,0.0038205417181274015
2017-11-30,0.0011930012073271268
2017-12-01,-0.004610977663711768
2017-12-04,-0.002999300785274328
2017-12-05,-0.010212687247535657
2017-12-06,-0.005195287871566534
2017-12-07,0.007681171320984337
2017-12-08,0.0008221142305244733
2017-12-11,-0.001235447335256934
2017-12-12,-0.0024476068446569466
2017-12-13,0.005494259083393738
2017-12-14,-0.011479550369329905
2017-12-15,0.015574566862812
2017-12-18,0.012088184595588691
2017-12-19,-0.007857115667709857
2017-12-20,0.0021668820918741005
2017-12-21,0.004564717090977721
2017-12-22,-0.0027017676055365314
2017-12-26,0.0008425053065017618
2017-12-27,-0.00018782115757909335
2017-12-28,0.003232063742157232
2017-12-29,-0.008664073573342201
2018-01-02,0.009443116559177067
2018-01-03,0.0016580191565673807
2018-01-04,0.0020224495596457004
2018-01-05,0.0027575907896593144
2018-01-08,0.0011538700501001475
2018-01-09,-0.0010949366079459066
2018-01-10,-0.00019224842157938848
2018-01-11,0.017303493646286583
2018-01-12,0.0032644089722704273
2018-01-16,-0.011934898490332913
2018-01-17,0.008703321571004397
2018-01-18,-0.006258463374021694
2018-01-19,0.013255297148500489
2018-01-22,0.004719515181522249
2018-01-23,0.003451296025043682
2018-01-24,-0.005550311119356666
2018-01-25,-6.241569308851336e-05
2018-01-26,0.0039895949060126945
2018-01-29,-0.006187625386883111
2018-01-30,-0.00956757620104376
2018-01-31,-0.004953163395933546
2018-02-01,0.0031048106700264366
2018-02-02,-0.02063459378726884
2018-02-05,-0.036309146433249895
2018-02-06,0.010784109942121312
2018-02-07,0.0005307475165301501
2018-02-08,-0.029297620310055006
2018-02-09,0.009598321058948311
2018-02-12,0.008891365068168122
2018-02-13,0.0026626586239453243
2018-02-14,0.018161159437330987
2018-02-15,0.009920488685458917
2018-02-16,0.004130950987481619
2018-02-20,-0.008784981480869258
2018-02-21,0.0012091422805022844
2018-02-22,-0.0012076820211091022
2018-02-23,0.012549069794197676
2018-02-26,0.006545365663317648
2018-02-27,-0.014660133516193885
2018-02-28,-0.015633250235445817
2018-03-01,-0.003345523281294005
2018-03-02,0.01710242806861606
2018-03-05,0.008400897821919662
2018-03-06,0.01044591173228282
2018-03-07,0.007892765657655287
2018-03-08,-0.001625919192467351
2018-03-09,0.01601178420352034
2018-03-12,0.002454414709643027
2018-03-13,-0.005627527660354459
2018-03-14,-0.004861650071913415
2018-03-15,-0.0048538879336461616
2018-03-16,0.005981183633432696
2018-03-19,-0.009766394349169483
2018-03-20,-9.552287621328315e-05
2018-03-21,0.005660951251550861
2018-03-22,-0.022434023058017005
2018-03-23,-0.021886583176930707
2018-03-26,0.02227697580751098
2018-03-27,-0.01953076010303212
2018-03-28,-0.000356717569287901
2018-03-29,0.010839192941652254
2018-04-02,-0.0241266505287574
2018-04-03,0.013145460883242865
2018-04-04,0.012902165427127521
2018-04-05,0.0073580424374564135
2018-04-06,-0.019203725283300277
2018-04-09,0.000766478604341092
2018-04-10,0.019128992195676098
2018-04-11,0.0021834453133038334
2018-04-12,0.006807542600312244
2018-04-13,-0.00502138051005796
2018-04-16,0.008725351527929082
2018-04-17,0.010729172963358735
2018-04-18,0.002380054215350924
2018-04-19,-0.006150769117867938
2018-04-20,-0.00616331696312955
2018-04-23,-0.001278674274508007
2018-04-24,-0.005658954400394434
2018-04-25,-0.0018091126781705213
2018-04-26,0.004785674076581703
2018-04-27,-0.001059140503211209
2018-04-30,-0.009227359174467598
2018-05-01,0.005480291037639695
2018-05-02,0.002954260225130012
2018-05-03,-0.005370069909120256
2018-05-04,0.012311139736467913
2018-05-07,0.008527066807688888
2018-05-08,0.004712032494152529
2018-05-09,0.0060893185726640375
2018-05-10,0.004799293176927177
2018-05-11,0.0019205954942123071
2018-05-14,-0.004014260161801175
2018-05-15,0.0
2018-05-16,0.010016639988527754
2018-05-17,0.0055185656577754205
2018-05-18,0.0008244471990275226
2018-05-21,0.006645602559271824
2018-05-22,-0.00745062512729322
2018-05-23,0.001458243171118312
2018-05-24,0.0003747736601842355
2018-05-25,-0.0007922252615722991
2018-05-29,-0.002016085012009894
2018-05-30,0.01499089425327127
2018-05-31,-0.008725784117637359
2018-06-01,0.008796466259414437
2018-06-04,0.0032706796880532796
2018-06-05,0.006810338761970236
2018-06-06,0.006800277692855516
2018-06-07,-0.004880773220528045
2018-06-08,0.002830108856646474
2018-06-11,0.0013094628304803901
2018-06-12,0.0045501199469726306
2018-06-13,-0.003423889673924374
2018-06-14,0.004879055346151517
2018-06-15,-0.00048075439095052186
2018-06-18,0.005077424912416806
2018-06-19,0.0005849415981613593
2018-06-20,0.007995535417583577
2018-06-21,-0.01056833324489681
2018-06-22,-0.001995319704322318
2018-06-25,-0.01665299008108978
2018-06-26,0.006648538751695465
2018-06-27,-0.016829231498358466
2018-06-28,0.0027858627177930195
2018-06-29,-0.0011854404317481748
2018-07-02,0.007315586021397147
2018-07-03,0.0032204159502340346
2018-07-05,0.011478984846599039
2018-07-06,0.008675345064433904
2018-07-09,0.006227635815784005
2018-07-10,-0.005268086705013109
2018-07-11,-0.007053444151366883
2018-07-12,0.00393190726322179
2018-07-13,-0.0018932207603012952
2018-07-16,-0.005061951546243559
2018-07-17,0.005194973310255646
2018-07-18,0.0027322317395543916
2018-07-19,0.005579662446764111
2018-07-20,-0.002645020510676055
2018-07-23,0.0009429314600264416
2018-07-24,-0.010721841393623088
2018-07-25,0.0029758362964555918
2018-07-26,0.006028978444143851
2018-07-27,-0.01888685577571303
2018-07-30,-0.0061382285926525615
2018-07-31,0.010688841103313695
2018-08-01,-0.0009217375014922702
2018-08-02,0.007692010678501449
2018-08-03,-0.005189929609094146
2018-08-06,0.006537743301532339
2018-08-07,0.0023689167051026416
2018-08-08,-0.0008411087509582194
2018-08-09,0.0023771754683306057
2018-08-10,-0.0024188242788593106
2018-08-13,-0.006805846695960294
2018-08-14,0.010302515530753897
2018-08-15,-0.012944683665311651
2018-08-16,0.00902629224085194
2018-08-17,0.004271066986133665
2018-08-20,0.003390525650449172
2018-08-21,0.011397081333069936
2018-08-22,0.002613422255910214
2018-08-23,-0.0031871481125994583
2018-08-24,0.005020235212753743
2018-08-27,0.0015877833911461803
2018-08-28,5.7913142292864705e-06
2018-08-29,0.003662278782788686
2018-08-30,-0.001383498725500809
2018-08-31,0.004848918828437743
2018-09-04,-0.0042338044619776305
2018-09-05,-0.0033056689546487883
2018-09-06,-0.007628890993363946
2018-09-07,-0.0007523707117824685
2018-09-10,0.002504066623292278
2018-09-11,0.0005415254570981798
2018-09-12,-0.0015712716502713775
2018-09-13,-0.0008043392913019698
2018-09-14,0.004316594711553767
2018-09-17,-0.010553354891724709
2018-09-18,0.004355564358149655
2018-09-19,-0.004699040386362485
2018-09-20,0.010129599840233983
2018-09-21,-0.004569351565795965
2018-09-24,-0.004088021058897495
2018-09-25,0.002046602640332962
2018-09-26,-0.010065526683721737
2018-09-27,-0.0006384190587898075
2018-09-28,0.0035727948557646716
2018-10-01,-0.013898605304346168
2018-10-02,-0.010131531731101595
2018-10-03,0.00920871454812966
2018-10-04,-0.014587536760817588
2018-10-05,-0.008986555744374236
2018-10-08,-0.0015868819157763836
2018-10-09,-0.004694648928745937
2018-10-10,-0.02864592173070135
2018-10-11,-0.01906172275493445
2018-10-12,0.0008412486404749675
2018-10-15,0.004144303855212916
2018-10-16,0.02816964951344092
2018-10-17,-0.0045339485417098535
2018-10-18,-0.018149204849668643
2018-10-19,-0.011987801337497994
2018-10-22,-0.0016471939756144138
2018-10-23,-0.008385861760108804
2018-10-24,-0.037921128754000666
2018-10-25,0.02158376407440743
2018-10-26,-0.011050438453221734
2018-10-29,-0.0043872490807211895
2018-10-30,0.019853622388929404
2018-10-31,0.0031659981713436647
2018-11-01,0.022211011922573576
2018-11-02,0.0019417727335793167
2018-11-05,-0.0003036025717739754
2018-11-06,0.005550830538158191
2018-11-07,0.016747033611344442
2018-11-08,-0.0024966331830240662
2018-11-09,-0.018197813607807034
2018-11-12,-0.019812939331883883
2018-11-13,-0.002627084805505997
2018-11-14,-0.008113307807197212
2018-11-15,0.014382589940238333
2018-11-16,0.0022373790716034847
2018-11-19,-0.020287647142779752
2018-11-20,-0.01839578533035513
2018-11-21,0.01311769110022909
2018-11-23,0.00026878302885746663
2018-11-26,0.01160753593996744
2018-11-27,-0.008698754233666617
2018-11-28,0.025132979582418224
2018-11-29,-0.0032606216877206773
2018-11-30,0.005165895152806854
2018-12-03,0.010232993019094305
2018-12-04,-0.044035974239267195
2018-12-06,-0.0022555906265827597
2018-12-07,-0.01984558631731137
2018-12-10,-0.0034459117542108286
2018-12-11,-0.002058049167327547
2018-12-12,0.010547618169712392
2018-12-13,-0.015542970585173732
2018-12-14,-0.015278769682528615
2018-12-17,-0.023156940047533325
2018-12-18,-0.0006965627057456958
2018-12-19,-0.020295148166627475
2018-12-20,-0.01721721337727722
2018-12-21,-0.025573178114394746
2018-12-24,-0.01948000722923371
2018-12-26,0.04964008182599411
2018-12-27,0.0015114096049460013
2018-12-28,0.004580272035455746
2018-12-31,0.007952653595846959
2019-01-02,0.005450239712424754
2019-01-03,-0.018496860037010676
2019-01-04,0.03751046008409897
2019-01-07,0.017830885473248292
2019-01-08,0.015070802553438067
2019-01-09,0.008594167288905386
2019-01-10,0.0046010208766942284
2019-01-11,0.0013490456815041796
2019-01-14,-0.010066427779788278
2019-01-15,0.00866124022157888
2019-01-16,0.006559541565245519
2019-01-17,0.008627242214461539
2019-01-18,0.010393593457147743
2019-01-22,-0.01689716615725123
2019-01-23,-0.0021887142015992733
2019-01-24,0.006979511466933763
2019-01-25,0.012592061632915152
2019-01-28,-0.0062784075777853054
2019-01-29,-0.001418412689997095
2019-01-30,0.010527024872329926
2019-01-31,0.008393145003058766
2019-02-01,0.0017540147561936337
2019-02-04,0.010312565980381327
2019-02-05,0.001772567007794823
2019-02-06,-0.0014537017200637603
2019-02-07,-0.008161957345110271
2019-02-08,0.0005047785731955301
2019-02-11,0.008357706634991802
2019-02-12,0.012672978082344244
2019-02-13,0.0030619354695353707
2019-02-14,0.0014064344872262158
2019-02-15,0.015623492746339895
2019-02-19,0.0033264111538156005
2019-02-20,0.004566656468748986
2019-02-21,-0.0038630206362465502
2019-02-22,0.009209488315790049
2019-02-25,-0.0007861338276149432
2019-02-26,-0.007131172202565317
2019-02-27,0.0022631465397831008
2019-02-28,-0.0034787007559163863
2019-03-01,0.008942886854525822
2019-03-04,-0.008932886132290707
2019-03-05,-0.004544706479247984
2019-03-06,-0.020060245887284167
2019-03-07,-0.008582619869100139
2019-03-08,-0.001148572812554094
2019-03-11,0.017741214756336277
2019-03-12,0.0006133148913280984
2019-03-13,0.0039036855653031832
2019-03-14,-0.004010585787330712
2019-03-15,0.0025167292901553395
2019-03-18,0.006687960649348623
2019-03-19,-0.005716408771191062
2019-03-20,-0.007607737753285715
2019-03-21,0.012474402896412995
2019-03-22,-0.03615567552600485
2019-03-25,0.004608439494615091
2019-03-26,0.010119944173281992
2019-03-27,-0.0038870435264042325
2019-03-28,0.008454698227152502
2019-03-29,0.0030226139809992336
2019-04-01,0.010599236535313139
2019-04-02,-0.0017609296566379884
2019-04-03,0.004886364788373454
2019-04-04,0.0042154614363443255
2019-04-05,0.009614140092289558
2019-04-08,-0.002249556706816813
2019-04-09,-0.012235558131135194
2019-04-10,0.014022103485360482
2019-04-11,-0.0015238431319155588
2019-04-12,0.0035842510019274965
2019-04-15,-0.0035525017095850986
2019-04-16,0.0022923402904373447
2019-04-17,-0.0095970173564901
2019-04-18,-0.0011801324411516712
2019-04-22,-0.0036467896774708963
2019-04-23,0.016057233231568935
2019-04-24,0.0019178968563633436
2019-04-25,-0.007883497882891444
2019-04-26,0.009069528116319558
2019-04-29,0.005321064725826163
2019-04-30,-0.004473350483989891
2019-05-01,-0.009319924094712273
2019-05-02,0.003977479739547984
2019-05-03,0.019821182594554676
2019-05-06,0.0005947639594823251
2019-05-07,-0.020229304554919336
2019-05-08,-0.004638842969340917
2019-05-09,-0.0031174639521431846
2019-05-10,0.0018661271106081845
2019-05-13,-0.03178023416851272
2019-05-14,0.013171410764116764
2019-05-15,0.003376382473568862
2019-05-16,0.0057935441427980905
2019-05-17,-0.013793622436781283
2019-05-20,-0.007032380553894768
2019-05-21,0.013305292979644001
2019-05-22,-0.008814104589669913
2019-05-23,-0.019750200703540277
2019-05-24,0.008478853073405457
2019-05-28,-0.006663958310776041
2019-05-29,-0.009354974120464266
2019-05-30,-0.002966490163997526
2019-05-31,-0.013490160863315115
2019-06-03,0.0030638150136097497
2019-06-04,0.026245308533179745
2019-06-05,-0.0011733172445914652
2019-06-06,-0.004977468529501539
2019-06-07,0.010071417265854254
2019-06-10,0.0060552723252347285
2019-06-11,-0.002920838740216758
2019-06-12,0.00044766588166433863
2019-06-13,0.010534356295361036
2019-06-14,-0.00866001328641286
2019-06-17,0.006732348111658348
2019-06-18,0.011404325864459386
2019-06-19,0.003451085099205553
2019-06-20,0.0050849422100740505
2019-06-21,-0.00886477395962404
2019-06-24,-0.01261594623653628
2019-06-25,-0.005908133726225007
2019-06-26,0.0005588121049471262
2019-06-27,0.01620355869499801
2019-06-28,0.012944875257097088
2019-07-01,0.0
2019-07-02,-0.003849114583645785
2019-07-03,0.007420479939524105
2019-07-05,0.0022262931651977347
2019-07-08,-0.009031353062825098
2019-07-09,0.000768514695634881
2019-07-10,0.0015743624761606068
2019-07-11,-0.004555767969306346
2019-07-12,0.0077538998882740184
2019-07-15,-0.00521022529359072
2019-07-16,0.00011528455079945488
2019-07-17,-0.007183079835547335
2019-07-18,0.003120987973069811
2019-07-19,-0.004962632729944683
2019-07-22,-0.0020156308986224447
2019-07-23,0.00658989075956562
2019-07-24,0.01637346532862649
2019-07-25,-0.012003196774245661
2019-07-26,0.011220352927803434
2019-07-29,-0.0062952061094763145
2019-07-30,0.01056063044025235
2019-07-31,-0.006931124119318843
2019-08-01,-0.015146592367514145
2019-08-02,-0.01102683553757744
2019-08-05,-0.03015661813521653
2019-08-06,0.00986945852407195
2019-08-07,-0.0009320509729241477
2019-08-08,0.02095040594934683
2019-08-09,-0.012459755868936662
2019-08-12,-0.011328196350347541
2019-08-13,0.00981344434857867
2019-08-14,-0.028505565925752707
2019-08-15,-0.0039999421057727025
2019-08-16,0.021886217425542087
2019-08-19,0.010183150416655185
2019-08-20,-0.007184256881538564
2019-08-21,0.007903796198374557
2019-08-22,-0.002549906049071793
2019-08-23,-0.030883140614624827
2019-08-26,0.011312177456574313
2019-08-27,-0.013523008765243927
2019-08-28,0.011448807332065769
2019-08-29,0.01630328469452369
2019-08-30,-0.0012560832484445061
2019-09-03,-0.015091874072993172
2019-09-04,0.008476635028942248
2019-09-05,0.017504505821434035
2019-09-06,-0.0036935006153814287
2019-09-09,0.012662978910660483
2019-09-10,0.011402481978124879
2019-09-11,0.022119716341977957
2019-09-12,-0.000406175415719745
2019-09-13,0.0019491631889798633
2019-09-16,0.004093401648483708
2019-09-17,-0.003982037498835855
2019-09-18,-0.006304337603307619
2019-09-19,-0.004380424695479945
2019-09-20,-0.0010950969084151385
2019-09-23,-0.0009681039109675771
2019-09-24,-0.015825467145636152
2019-09-25,0.011124263312863203
2019-09-26,-0.011169553468984517
2019-09-27,-0.008380437318919243
2019-09-30,0.0019007252220095694
2019-10-01,-0.019653755490928404
2019-10-02,-0.009240505635891072
2019-10-03,0.004541656144406936
2019-10-04,0.009654506557434717
2019-10-07,-0.001939036585629772
2019-10-08,-0.01681815395990316
2019-10-09,0.004658417401394388
2019-10-10,0.0039879581535440245
2019-10-11,0.0178677487775587
2019-10-14,-0.0042793641104890145
2019-10-15,0.011870358953667282
2019-10-16,0.001155392706104763
2019-10-17,0.011002784534292376
2019-10-18,-0.0041249322190054505
2019-10-21,0.011025903252590119
2019-10-22,-0.0009920311184498098
2019-10-23,0.00128314445481581
2019-10-24,-0.0028141591375980823
2019-10-25,0.006599959165107805
2019-10-28,0.008481432148855994
2019-10-29,0.003269797257194007
2019-10-30,-0.0026758297645927964
2019-10-31,-0.006612216406836957
2019-11-01,0.01720375418275122
2019-11-04,0.005077654472333659
2019-11-05,0.001383473709605454
2019-11-06,-0.006295250955719256
2019-11-07,0.0027995212844713624
2019-11-08,0.003055223148842545
2019-11-11,-0.002558051272646744
2019-11-12,0.00021945207249407517
2019-11-13,-0.0037238210444560105
2019-11-14,-0.00024541879161321667
2019-11-15,0.004821223648843409
2019-11-18,-0.0025744529908661162
2019-11-19,0.003736685236762405
2019-11-20,-0.00417950030825176
2019-11-21,-0.004806469225796417
2019-11-22,0.003144006535242605
2019-11-25,0.020743441680144414
2019-11-26,0.001436559602697507
2019-11-27,0.006076722653733491
2019-11-29,-0.005874778611691278
2019-12-02,-0.010415539516966721
2019-12-03,-0.0030791321782980274
2019-12-04,0.007032203001886339
2019-12-05,0.0005762015159289646
2019-12-06,0.011772143372959176
2019-12-09,-0.002582854374605925
2019-12-10,0.0012824866082734587
2019-12-11,0.0001348847397555364
2019-12-12,0.00789249812118098
2019-12-13,-0.004152502648749223
2019-12-16,0.0073016526942395465
2019-12-17,0.004618420947495316
2019-12-18,0.002515698814882006
2019-12-19,0.0032255453139566903
2019-12-20,0.0028853023486246077
2019-12-23,0.0013397871892251167
2019-12-24,0.002311631693481919
2019-12-26,-0.00020260059137544584
2019-12-27,-0.005150008298484665
2019-12-30,-0.002923856849279316
2019-12-31,0.00259588752557538
2020-01-02,-0.00101886830552822
2020-01-03,-0.003539795139656854
2020-01-06,0.0014390136828674738
2020-01-07,-0.002976053739530804
2020-01-08,0.003183908340422148
2020-01-09,0.0008415682005944447
2020-01-10,-0.00441442629027633
2020-01-13,0.007221091791551393
2020-01-14,0.0036715190592979674
2020-01-15,0.003974383984687302
2020-01-16,0.013563924130951088
2020-01-17,-0.003272279324987415
2020-01-21,-0.00808405904541909
2020-01-22,-0.0008541808266850914
2020-01-23,0.0003265431300716326
2020-01-24,-0.01351922490955626
2020-01-27,-0.010882950032709116
2020-01-28,0.008618514128398314
2020-01-29,-0.005481536968022338
2020-01-30,-0.0006063472537103376
2020-01-31,-0.020725335644854792
2020-02-03,0.011244874220828649
2020-02-04,0.01504711966078398
2020-02-05,0.015180154226341003
2020-02-06,-0.002651780638365131
2020-02-07,-0.01232812235295766
2020-02-10,0.00657299970778813
2020-02-11,0.0059004272793876655
2020-02-12,0.007075960827706673
2020-02-13,0.002580819791261124
2020-02-14,-0.0036369420425830246
2020-02-18,-0.0024057743213121707
2020-02-19,0.00537559794526965
2020-02-20,0.0020678613653004607
2020-02-21,-0.010294363729339007
2020-02-24,-0.03009037847171292
2020-02-25,-0.034518734730432765
2020-02-26,-0.012176356225690688
2020-02-27,-0.03534996670652446
2020-02-28,-0.01431361965734057
2020-03-02,0.02848759168625814
2020-03-03,-0.021343594220654127
2020-03-04,0.030361754718079892
2020-03-05,-0.034208468229589784
2020-03-06,-0.020015942887581017
2020-03-09,-0.09369180113561226
2020-03-10,0.028520590722789674
2020-03-11,-0.06410539197635978
2020-03-12,-0.11181680744869293
2020-03-13,0.07765394726386221
2020-03-16,-0.14272017075902932
2020-03-17,0.06659787057666922
2020-03-18,-0.10424671770075222
2020-03-19,0.06819285351186477
2020-03-20,-0.04237070635330564
2020-03-23,-0.011332580524880065
2020-03-24,0.0939146172741423
2020-03-25,0.012612358474854757
2020-03-26,0.06299697531406423
2020-03-27,-0.040946487608412796
2020-03-30,0.023259884170208966
2020-03-31,-0.004506501610240243
2020-04-01,-0.07034080918295671
2020-04-02,0.012891975191254845
2020-04-03,-0.031092003153247783
2020-04-06,0.08243902518265012
2020-04-07,0.00034248462249397704
2020-04-08,0.04607739688500345
2020-04-09,0.04621279954812896
2020-04-13,-0.027824743087679016
2020-04-14,0.020865578839911025
2020-04-15,-0.04311701605936025
2020-04-16,-0.004974758649302191
2020-04-17,0.04329890861102981
2020-04-20,-0.012814254586972607
2020-04-21,-0.023290897378539066
2020-04-22,0.01386397166865283
2020-04-23,0.010436812419814867
2020-04-24,0.015641722252498047
2020-04-27,0.03960095220878901
2020-04-28,0.01263765025600505
2020-04-29,0.04828674336937122
2020-04-30,-0.036817642513294224
2020-05-01,-0.038286094335930554
2020-05-04,0.002768778789391968
2020-05-05,0.007547678571187211
2020-05-06,-0.008244929305214033
2020-05-07,0.01577188129253937
2020-05-08,0.03640881340521185
2020-05-11,-0.006317517765350611
2020-05-12,-0.03458868298693285
2020-05-13,-0.0331546151178308
2020-05-14,0.003486761668862748
2020-05-15,0.01570840825763642
2020-05-18,0.06101874459443679
2020-05-19,-0.019472270050820195
2020-05-20,0.029983546849659426
2020-05-21,0.0004677339265515279
2020-05-22,0.005914371424337261
2020-05-26,0.027693902887315325
2020-05-27,0.03107528030291551
2020-05-28,-0.024847490719754783
2020-05-29,-0.004733452329813148
2020-06-01,0.008127425136445154
2020-06-02,0.009136359723719512
2020-06-03,0.02388927296802823
2020-06-04,-2.059598734682755e-05
2020-06-05,0.03793917854449114
2020-06-08,0.019732601103156222
2020-06-09,-0.019415810849118142
2020-06-10,-0.026316335154580317
2020-06-11,-0.07576039283049574
2020-06-12,0.023196888179947805
2020-06-15,0.023009577427619554
2020-06-16,0.022999291883662565
2020-06-17,-0.01771719960319118
2020-06-18,0.0005607500307629465
2020-06-19,-0.006095262791178779
2020-06-22,0.010503108183795407
2020-06-23,0.004052887909357095
2020-06-24,-0.034460222576859656
2020-06-25,0.01696005621555141
2020-06-26,-0.024432026848540622
2020-06-29,0.030773532208950405
2020-06-30,0.014185120238243254
2020-07-01,-0.009754564456778803
2020-07-02,0.0031877633947983153
2020-07-06,0.007696296875384867
2020-07-07,-0.018629411171995347
2020-07-08,0.00805086469919658
2020-07-09,-0.019952346911610075
2020-07-10,0.016984537371139252
2020-07-13,-0.013432470197377033
2020-07-14,0.017590903497072707
2020-07-15,0.0350146397880533
2020-07-16,-0.007244928731556133
2020-07-17,0.003924805435786993
2020-07-20,-0.0036448261836902196
2020-07-21,0.013324744878485228
2020-07-22,0.0017680586117378994
2020-07-23,4.022207500531394e-05
2020-07-24,-0.015199237072809235
2020-07-27,0.011652056159578539
2020-07-28,-0.010029309536645936
2020-07-29,0.021003425669548825
2020-07-30,-0.003685138427781065
2020-07-31,-0.009812000611698735
2020-08-03,0.017812388400983092
2020-08-04,0.006908622094531358
2020-08-05,0.019133824615109374
2020-08-06,-0.0010476996633245195
2020-08-07,0.01590038887971712
2020-08-10,0.009871391238846616
2020-08-11,-0.006039155214639269
2020-08-12,0.00517429022943805
2020-08-13,-0.0021853535054476847
2020-08-14,-0.0012090430579122513
2020-08-17,0.004810230053505338
2020-08-18,-0.009902395795558627
2020-08-19,0.0014651361213404712
2020-08-20,-0.004942462947834292
2020-08-21,-0.007556138841924742
2020-08-24,0.010299643432147176
2020-08-25,0.0017469191540508966
2020-08-26,-0.007013715420105093
2020-08-27,0.0028010161272806755
2020-08-28,0.008807528449210178
2020-08-31,-0.0104286537082936
2020-09-01,0.010692211386064798
2020-09-02,0.00868507354044823
2020-09-03,-0.029900322292786607
2020-09-04,-0.006072458086241239
2020-09-08,-0.020002658784029292
2020-09-09,0.014548824028945972
2020-09-10,-0.012270046583249927
2020-09-11,-0.0069507414815122015
2020-09-14,0.026514890870722008
2020-09-15,0.000767779288750603
2020-09-16,0.00921882223161341
2020-09-17,-0.00626798473533241
2020-09-18,-0.0037728162719903313
2020-09-21,-0.033531167971028064
2020-09-22,0.007884168279750803
2020-09-23,-0.030394934525506456
2020-09-24,0.0002480160398843356
2020-09-25,0.015904236575371877
2020-09-28,0.024021757815438693
2020-09-29,-0.003714385819430732
2020-09-30,0.0019671043814637468
2020-10-01,0.015593398297594874
2020-10-02,0.005290032598323169
2020-10-05,0.027713837949821407
2020-10-06,-0.0029519848733924325
2020-10-07,0.02139745967080353
2020-10-08,0.010868761384611236
2020-10-09,0.005526388339416544
2020-10-12,0.00702268612078738
2020-10-13,-0.007398243158755147
2020-10-14,-0.00928609915299905
2020-10-15,0.010624968525484224
2020-10-16,-0.003093543318581804
2020-10-19,-0.01235152985182797
2020-10-20,0.0025284334341464376
2020-10-21,-0.008610895634562521
2020-10-22,0.016504738941492958
2020-10-23,0.006287379236313395
2020-10-26,-0.02151175803870775
2020-10-27,-0.009033086233486531
2020-10-28,-0.029816831984048053
2020-10-29,0.011857813494904113
2020-10-30,-0.01479269472970135
2020-11-02,0.019571255871908333
2020-11-03,0.029140874290820795
2020-11-04,0.00048312408038930776
2020-11-05,0.02784388017748074
2020-11-06,-0.007102219039012092
2020-11-09,0.034448466237404496
2020-11-10,0.01875027563616838
2020-11-11,-4.033848911699778e-05
2020-11-12,-0.016390878017391475
2020-11-13,0.020819838199869656
2020-11-16,0.02368060700029173
2020-11-17,0.0036800096817168892
2020-11-18,-0.012606708740802608
2020-11-19,0.008370480774159805
2020-11-20,0.0006781798042678755
2020-11-23,0.01846151637157134
2020-11-24,0.019375229347573963
2020-11-25,-0.004591244614932544
2020-11-27,0.005555495274573774
2020-11-30,-0.01910777022696908
2020-12-01,0.008918521072460273
2020-12-02,0.0010783913379777132
2020-12-03,0.005805085719454706
2020-12-04,0.0236652789287235
2020-12-07,-0.0006340728700021669
2020-12-08,0.014027774909120883
2020-12-09,-0.008150050915142204
2020-12-10,0.010803525744055076
2020-12-11,-0.005721121485073977
2020-12-14,0.0011299023041577705
2020-12-15,0.023982958401019605
2020-12-16,-0.0035922965196855117
2020-12-17,0.01297169000421472
2020-12-18,-0.004074749573968139
2020-12-21,0.00017257235924938996
2020-12-22,0.00992222077731153
2020-12-23,0.008653773423960232
2020-12-24,-0.0015694407116629838
2020-12-28,-0.0038423869654888865
2020-12-29,-0.01847965668049467
2020-12-30,0.010528950798753156
2020-12-31,-0.002590924655232807
2021-01-04,-0.014659242369894576
2021-01-05,0.01706140088119268
2021-01-06,0.03982089783122289
2021-01-07,0.018936582657511192
2021-01-08,-0.0024941607507678043
2021-01-11,-0.0003107112872353657
2021-01-12,0.01767086288411246
2021-01-13,-0.007514234538196107
2021-01-14,0.020540124885716438
2021-01-15,-0.014916438178342983
2021-01-19,0.013159354770533538
2021-01-20,0.004407070243122702
2021-01-21,-0.008886428095232768
2021-01-22,0.012767270730668523
2021-01-25,-0.0025313959173234313
2021-01-26,-0.006198908129037339
2021-01-27,-0.019145504448361272
2021-01-28,-0.000991057902210657
2021-01-29,-0.01565083862817873
2021-02-01,0.02532745426012828
2021-02-02,0.011889994328692977
2021-02-03,0.003839293677994071
2021-02-04,0.019780511954887503
2021-02-05,0.014034633424349519
2021-02-08,0.025267170398744154
2021-02-09,0.0040353531352488314
2021-02-10,-0.0072031572830578705
2021-02-11,0.0012618631933642988
2021-02-12,0.001767821986265794
2021-02-16,-0.007194243837112091
2021-02-17,-0.007382577225162779
2021-02-18,-0.016719137385920457
2021-02-19,0.02177256982179654
2021-02-22,-0.006891049702715146
2021-02-23,-0.008778051844484103
2021-02-24,0.023784154969568094
2021-02-25,-0.03686337879749746
2021-02-26,0.0004000268090089687
2021-03-01,0.03374299442704287
2021-03-02,-0.019254459714469707
2021-03-03,-0.010629560521494774
2021-03-04,-0.027570609573611238
2021-03-05,0.021095355537502414
2021-03-08,0.004912859499390354
2021-03-09,0.019101434646739746
2021-03-10,0.018093000626592692
2021-03-11,0.023126644588392864
2021-03-12,0.006093545443725867
2021-03-15,0.003136651673109281
2021-03-16,-0.017223294800510103
2021-03-17,0.007273001700707216
2021-03-18,-0.02944705629229627
2021-03-19,0.008802279143876213
2021-03-22,-0.009053336755674213
2021-03-23,-0.03579879627057769
2021-03-24,-0.02352571648013213
2021-03-25,0.022888433613933667
2021-03-26,0.017571118959166077
2021-03-29,-0.028269464222168583
2021-03-30,0.017195748495835605
2021-03-31,0.01125784231415694
2021-04-01,0.015032461999395341
2021-04-05,0.0048759886022209376
2021-04-06,-0.002534335224500084
2021-04-07,-0.01597939715207619
2021-04-08,0.008794245922816968
2021-04-09,0.00038788593997840515
2021-04-12,-0.004319175889487381
2021-04-13,-0.002175732327325375
2021-04-14,0.008434600383628865
2021-04-15,0.004159814290979114
2021-04-16,0.0024810277687548066
2021-04-19,-0.013554748564291175
2021-04-20,-0.019619193128360246
2021-04-21,0.023498623437839594
2021-04-22,-0.003134346190188153
2021-04-23,0.017580319944589196
2021-04-26,0.011510348836322182
2021-04-27,0.0014186229615062995
2021-04-28,0.001255781613455964
2021-04-29,-0.003775758412492558
2021-04-30,-0.012637994240499384
2021-05-03,0.00485340520946087
2021-05-04,-0.012803755399485528
2021-05-05,-0.0030778599534628803
2021-05-06,2.2220644023907e-05
2021-05-07,0.013478046055836135
2021-05-10,-0.025941695910279172
2021-05-11,-0.0025805400928743394
2021-05-12,-0.032555697114249105
2021-05-13,0.01677176222421206
2021-05-14,0.024726471290436036
2021-05-17,0.001119392665827057
2021-05-18,-0.007292033442501955
2021-05-19,-0.007797795967297683
2021-05-20,0.006436843729580977
2021-05-21,0.003401642267459204
2021-05-24,0.005448576585679099
2021-05-25,-0.009693215691669033
2021-05-26,0.019730259336393496
2021-05-27,0.010581232409386354
2021-05-28,-0.0018037709058433826
2021-06-01,0.011357585099843526
2021-06-02,0.0013465960866048121
2021-06-03,-0.008085923455297905
2021-06-04,0.0031413456660633887
2021-06-07,0.014332521634765616
2021-06-08,0.01059860763266074
2021-06-09,-0.007095490529675841
2021-06-10,-0.0067550895286198065
2021-06-11,0.010556390866260257
2021-06-14,-0.004135677134559423
2021-06-15,-0.0026136896759100248
2021-06-16,-0.0023189502017624264
2021-06-17,-0.011763986174410435
2021-06-18,-0.021731510840140245
2021-06-21,0.021602094912579695
2021-06-22,0.00431298107343947
2021-06-23,0.0032753412274564297
2021-06-24,0.013089012172002201
2021-06-25,0.0003341525685807145
2021-06-28,-0.005166130465057317
2021-06-29,-0.005813102081987487
2021-06-30,0.0007406147123261153
2021-07-01,0.008140944016032048
2021-07-02,-0.010131579733444696
2021-07-06,-0.0135573562006579
2021-07-07,-0.009518532575840899
2021-07-08,-0.009397059323942303
2021-07-09,0.021651881022137554
2021-07-12,0.0007982755962170351
2021-07-13,-0.01882705894877512
2021-07-14,-0.016302939106825676
2021-07-15,-0.005480515342926595
2021-07-16,-0.012349984863056385
2021-07-19,-0.015051523982885673
2021-07-20,0.029859068104383324
2021-07-21,0.01811055432259523
2021-07-22,-0.015469757922625615
2021-07-23,0.004623784696977662
2021-07-26,0.0032901228034083463
2021-07-27,-0.011317433481665806
2021-07-28,0.015115169347817758
2021-07-29,0.0067731863152382665
2021-07-30,-0.006151716323731793
2021-08-02,-0.004828747894441321
2021-08-03,0.003647067535545112
2021-08-04,-0.012259513400844857
2021-08-05,0.018071109934308494
2021-08-06,0.0052548959748313084
2021-08-09,-0.005761269493011922
2021-08-10,0.0020359890589485286
2021-08-11,0.004903177667745062
2021-08-12,-0.0027862542044154726
2021-08-13,-0.009340154406508261
2021-08-16,-0.006131107455101148
2021-08-17,-0.014623376939082
2021-08-18,-0.008446696049469349
2021-08-19,-0.01221065002646915
2021-08-20,0.016497771109883708
2021-08-23,0.018776503662221833
2021-08-24,0.010238582973925325
2021-08-25,0.0037473980354367775
2021-08-26,-0.011293876505252376
2021-08-27,0.028532291363188245
2021-08-30,-0.00490082453416385
2021-08-31,0.0034333908492112375
2021-09-01,0.005844935480871394
2021-09-02,0.007415616775682032
2021-09-03,-0.005195254642605174
2021-09-07,-0.007172592681671808
2021-09-08,-0.011372830024228398
2021-09-09,-0.00026674208080956774
2021-09-10,-0.009594747795262815
2021-09-13,0.005939251724426997
2021-09-14,-0.013745235331193872
2021-09-15,0.011072485234882024
2021-09-16,-0.0006892251319803311
2021-09-17,0.0017735624069059597
2021-09-20,-0.024440474033585735
2021-09-21,0.0018238385839082216
2021-09-22,0.014811281763448036
2021-09-23,0.01824606023711106
2021-09-24,-0.004856031992986565
2021-09-27,0.014648089534263109
2021-09-28,-0.02245505072473697
2021-09-29,-0.0020046689110111426
2021-09-30,-0.009409898330969058
2021-10-01,0.01690268133036521
2021-10-04,-0.01077783281469391
2021-10-05,0.004911063898329626
2021-10-06,-0.006013456460535194
2021-10-07,0.015860389159475297
2021-10-08,-0.007555253050306465
2021-10-11,-0.00557532156002738
2021-10-12,0.006137927630085249
2021-10-13,0.0034462939145960547
2021-10-14,0.014366811937003066
2021-10-15,-0.003750815482186254
2021-10-18,0.0009666919609288005
2021-10-19,0.003558374447051982
2021-10-20,0.006089919178316361
2021-10-21,0.0027993693928647367
2021-10-22,-0.0021382958894979875
2021-10-25,0.009326649790166064
2021-10-26,-0.007160567672584883
2021-10-27,-0.018984567788341677
2021-10-28,0.020195423922679367
2021-10-29,-0.00034379719110466667
2021-11-01,0.0265237865981387
2021-11-02,0.001586004973671784
2021-11-03,0.017960387129491773
2021-11-04,-0.0007695017359483636
2021-11-05,0.014422958200788205
2021-11-08,0.0023224153199470354
2021-11-09,-0.006324844737319979
2021-11-10,-0.015535828158411924
2021-11-11,0.00818546096537287
2021-11-12,0.0010958835254373245
2021-11-15,-0.0044987923958443865
2021-11-16,0.0017035432132874728
2021-11-17,-0.011646476760340807
2021-11-18,-0.005645715339803403
2021-11-19,-0.008643705135640833
2021-11-22,-0.00504012312266533
2021-11-23,-0.0014969824728956471
2021-11-24,0.0015464217562506377
2021-11-26,-0.036680887068230694
2021-11-29,-0.001763164216680102
2021-11-30,-0.019210728344848937
2021-12-01,-0.023416143585883176
2021-12-02,0.027432993263172722
2021-12-03,-0.021311416635904634
2021-12-06,0.02045557176895918
2021-12-07,0.022832092435460805
2021-12-08,0.007951016538547684
2021-12-09,-0.022670147547685482
2021-12-10,-0.003783381973569311
2021-12-13,-0.014155853244313676
2021-12-14,-0.009562071844187114
2021-12-15,0.0164656588807095
2021-12-16,-0.01947421921397574
2021-12-17,0.009974620245095656
2021-12-20,-0.015667392935438618
2021-12-21,0.029478347063083943
2021-12-22,0.008602079753012193
2021-12-23,0.008857363808554286
2021-12-27,0.00886869177974181
2021-12-28,-0.006610752093827665
2021-12-29,0.0012152095725737055
2021-12-30,-0.0002000458705290198
2021-12-31,-0.0015474901650670558
2022-01-03,0.012136408464257675
2022-01-04,-0.0016236936807439983
2022-01-05,-0.032998855518582615
2022-01-06,0.0056381573324977285
2022-01-07,-0.012037898078318121
2022-01-10,-0.003972894893230716
2022-01-11,0.010524421934930972
2022-01-12,-0.008176819237123989
2022-01-13,-0.007637710697305122
2022-01-14,0.0013985198075401328
2022-01-18,-0.030627147630533313
2022-01-19,-0.015957195290373205
2022-01-20,-0.018780475709559763
2022-01-21,-0.017845494367748627
2022-01-24,0.022933500750780933
2022-01-25,-0.01449709139722788
2022-01-26,-0.013757312992484505
2022-01-27,-0.022853952403657285
2022-01-28,0.01927207718691104
2022-01-31,0.030449396299176756
2022-02-01,0.010988705464299198
2022-02-02,-0.01034747008600534
2022-02-03,-0.018965070491526848
2022-02-04,0.005690499835750096
2022-02-07,0.005113960681039531
2022-02-08,0.016282430651282098
2022-02-09,0.018642106305381656
2022-02-10,-0.015522000427465765
2022-02-11,-0.010242930144684026
2022-02-14,-0.004610489490432634
2022-02-15,0.0275485927775192
2022-02-16,0.0013725753011692987
2022-02-17,-0.024633215504222594
2022-02-18,-0.009250087561099463
2022-02-22,-0.014512256696073145
2022-02-23,-0.018220696871625086
2022-02-24,0.026706605588288523
2022-02-25,0.022504919176526084
2022-02-28,0.00350822124779282
2022-03-01,-0.01932535993363671
2022-03-02,0.0250733664144156
2022-03-03,-0.012851749504217413
2022-03-04,-0.0155037660883931
2022-03-07,-0.024773885628738945
2022-03-08,0.005985688722041083
2022-03-09,0.027142005915311795
2022-03-10,-0.002291334593576444
2022-03-11,-0.015907181247895474
2022-03-14,-0.019169898215238068
2022-03-15,0.014033949493825526
2022-03-16,0.031361575300180355
2022-03-17,0.016890585271709613
2022-03-18,0.010227442275193566
2022-03-21,-0.009682932215495432
2022-03-22,0.010842593260057543
2022-03-23,-0.0173008827262513
2022-03-24,0.011319495037504845
2022-03-25,0.0012238557290069618
2022-03-28,3.853652381291539e-05
2022-03-29,0.026486260026452824
2022-03-30,-0.019703730426460342
2022-03-31,-0.010014100370775436
2022-04-01,0.0101347383000292
2022-04-04,0.002070591103264796
2022-04-05,-0.02357495500949447
2022-04-06,-0.014222643301537552
2022-04-07,-0.0035399629069504668
2022-04-08,-0.007582839020857435
2022-04-11,-0.00713947531603909
2022-04-12,0.003342891702723394
2022-04-13,0.01920542910455536
2022-04-14,-0.009935309545083482
2022-04-18,-0.007406545566836842
2022-04-19,0.02042078384262669
2022-04-20,0.0036537479890079716
2022-04-21,-0.02292719609660554
2022-04-22,-0.02550888682386465
2022-04-25,0.006976964926219464
2022-04-26,-0.03261180127987062
2022-04-27,-0.0034012344762257563
2022-04-28,0.017993196344499474
2022-04-29,-0.028071768389596574
2022-05-02,0.010090691937184149
2022-05-03,0.008470904547929647
2022-05-04,0.026889849166154667
2022-05-05,-0.04039653819439337
2022-05-06,-0.01688264725336741
2022-05-09,-0.04211882193087624
2022-05-10,-0.0001645311219796719
2022-05-11,-0.02477595141660005
2022-05-12,0.012362199851751354
2022-05-13,0.030637375911476195
2022-05-16,-0.005154317307628831
2022-05-17,0.03188798742000176
2022-05-18,-0.03556489241190053
2022-05-19,0.0007718934760867491
2022-05-20,-0.0016608028400374453
2022-05-23,0.010990988411075264
2022-05-24,-0.015579360069833847
2022-05-25,0.019452343273765438
2022-05-26,0.02172122285525635
2022-05-27,0.02701498957889381
2022-05-31,-0.012638373347639398
2022-06-01,-0.004946295455152683
2022-06-02,0.023102025477987898
2022-06-03,-0.007704181853865455
2022-06-06,0.0036323866296432694
2022-06-07,0.015699349546979935
2022-06-08,-0.014873225091503794
2022-06-09,-0.021232052821887892
2022-06-10,-0.027327813262481904
2022-06-13,-0.04759818588335396
2022-06-14,-0.003942639290082872
2022-06-15,0.013648934140726432
2022-06-16,-0.04696330056505316
2022-06-17,0.009606977594373456
2022-06-21,0.017014023550324664
2022-06-22,-0.0022136561543459887
2022-06-23,0.012654716542640276
2022-06-24,0.03158900074247595
2022-06-27,0.0033980087856557706
2022-06-28,-0.018569329921660938
2022-06-29,-0.011197103290606636
2022-06-30,-0.006618706220959059
2022-07-01,0.011575020722772056
2022-07-05,0.007854068975067463
2022-07-06,-0.007913438334101519
2022-07-07,0.0243407864138796
2022-07-08,-0.00013561835312270176
2022-07-11,-0.021109314043018967
2022-07-12,-0.002211278244983017
2022-07-13,-0.0012383053743979522
2022-07-14,-0.010735573264534226
2022-07-15,0.021586980539353817
2022-07-18,-0.0034109456070271493
