Date,ZN=F
2012-03-30,
2012-04-02,0.0016893930252201983
2012-04-03,-0.006023370678231554
2012-04-04,0.0035147254878196144
2012-04-05,0.004589371980676438
2012-04-09,0.00901659052656889
2012-04-10,0.0034552603359943035
2012-04-11,-0.002018522916171883
2012-04-12,-0.0014277215942891663
2012-04-13,0.002978672703443319
2012-04-16,0.001187930624851452
2012-04-17,-0.002017085904129079
2012-04-18,0.0010700273451431652
2012-04-19,0.001543942992874081
2012-04-20,-0.0007114905727498844
2012-04-23,0.0023733238400380774
2012-04-24,-0.0015390079318100547
2012-04-25,-0.0007114062129476295
2012-04-26,0.0017797816801139454
2012-04-27,0.0017766196849460236
2012-04-30,0.0009458500827619343
2012-05-01,-0.002362390739428344
2012-05-02,0.001657589391427905
2012-05-03,0.0
2012-05-04,0.003427895981087392
2012-05-07,0.0
2012-05-08,0.0021203910943574655
2012-05-09,-0.00011755025273307851
2012-05-10,-0.00094051257935579
2012-05-11,0.002235820192986626
2012-05-14,0.0025830691558059726
2012-05-15,-0.0003513291954561071
2012-05-16,0.00035145267104019773
2012-05-17,0.002576414100011748
2012-05-18,0.0003504263520617279
2012-05-21,-0.0014012143858009862
2012-05-22,-0.002338634237605275
2012-05-23,0.0036333802156587325
2012-05-24,-0.0018685040289617705
2012-05-25,0.0016380016380015405
2012-05-29,0.00046723513608215583
2012-05-30,0.0063047285464097325
2012-05-31,0.0017403411068568353
2012-06-01,0.005559416261292638
2012-06-04,-0.004837595024188013
2012-06-05,-0.0015046296296296058
2012-06-06,-0.004520690854294629
2012-06-07,0.0008150908244062283
2012-06-08,0.0003490401396160081
2012-06-11,0.0022098162363339835
2012-06-12,-0.003945688754787069
2012-06-13,0.003378771991145335
2012-06-14,-0.0015095215977705134
2012-06-15,0.0018606814745900646
2012-06-18,-0.0005803830528148257
2012-06-19,-0.0013937282229965486
2012-06-20,-0.002093510118632236
2012-06-21,-0.005244755244755206
2012-06-22,-0.0026947861745753032
2012-06-25,0.004229323308270638
2012-06-26,-0.0009358914365933391
2012-06-27,0.0008196721311475308
2012-06-28,0.002808002808002863
2012-06-29,-0.004083537510208846
2012-07-02,0.004803186504217516
2012-07-03,-0.0027981811822315183
2012-07-05,0.0023383608090727925
2012-07-06,0.0030327773241571876
2012-07-09,0.001395511105942493
2012-07-10,0.0005806526535825363
2012-07-11,-0.00023212627669455532
2012-07-12,0.00046436034362673517
2012-07-13,-0.0008122534230680101
2012-07-16,0.0019742190221809786
2012-07-17,-0.0019703291608715867
2012-07-18,0.0015096968993149051
2012-07-19,-0.0020871985157699946
2012-07-20,0.003253544039042433
2012-07-23,0.0011582117211026421
2012-07-24,0.0015039333641833075
2012-07-25,-0.0002310269146355015
2012-07-26,-0.0015020219526284961
2012-07-27,-0.006711409395973145
2012-07-30,0.0032618825722274813
2012-07-31,0.0006967022758941344
2012-08-01,-0.0037131585054537286
2012-08-02,0.0034940600978337066
2012-08-03,-0.005338904363973995
2012-08-06,0.0015169194865811697
2012-08-07,-0.003961318886170351
2012-08-08,-0.0007018364721019799
2012-08-09,-0.00023410979749505234
2012-08-10,0.0021074815595363283
2012-08-13,-0.00081785255286837
2012-08-14,-0.0036248830682881206
2012-08-15,-0.004224856237530772
2012-08-16,-0.001649970536240386
2012-08-17,0.0010624483532051254
2012-08-20,0.0001179245283018382
2012-08-21,0.0007074637424830943
2012-08-22,0.005302226935312904
2012-08-23,0.002812939521800173
2012-08-24,-0.0008181393174380158
2012-08-27,0.0017545911802550052
2012-08-28,0.001050910789350823
2012-08-29,-0.000816516971888448
2012-08-30,0.002568293252393161
2012-08-31,0.004191895668374412
2012-09-04,-0.0022031539888682783
2012-09-05,-0.00023242300987802444
2012-09-06,-0.004300825293502286
2012-09-07,0.002101330842867233
2012-09-10,-0.0011649580615097355
2012-09-11,-0.00023326335432705125
2012-09-12,-0.0030331311245916925
2012-09-13,0.0032763866136205078
2012-09-14,-0.00618147888966647
2012-09-17,0.0012909282948010414
2012-09-18,0.0009376465072667983
2012-09-19,0.0008196721311475308
2012-09-20,-0.008541008541008588
2012-09-21,0.0020061364172763163
2012-09-24,0.0018843481333177259
2012-09-25,0.00188080404372859
2012-09-26,0.0035198873636044237
2012-09-27,-0.0010522623640827344
2012-09-28,-0.000117041198501866
2012-10-01,0.000702329392485046
2012-10-02,0.0004678909814013199
2012-10-03,0.0007015082427217489
2012-10-04,-0.002336721579623835
2012-10-05,-0.0037475114181988456
2012-10-08,0.002586105560127061
2012-10-09,-0.0016414585531715487
2012-10-10,0.0012918379330593144
2012-10-11,0.00035186488388450066
2012-10-12,0.0003517411185367525
2012-10-15,0.0
2012-10-16,-0.003281762775433683
2012-10-17,-0.005997177798682918
2012-10-18,-0.0007098071690524455
2012-10-19,0.0030780158636201094
2012-10-22,-0.002124395137495627
2012-10-23,0.0020106445890006874
2012-10-24,0.0
2012-10-25,-0.003541076487252104
2012-10-26,0.004975124378109541
2012-10-31,0.0035360678925036026
2012-11-01,-0.0015268968757340406
2012-11-02,-0.00035289965886364794
2012-11-05,0.0027065191809838574
2012-11-06,-0.003285999295857267
2012-11-07,0.006593665371482427
2012-11-08,0.0021055094163060506
2012-11-09,0.0003501809268122713
2012-11-12,-0.00011668611435233789
2012-11-13,0.001166997315906082
2012-11-14,0.0
2012-11-15,-0.00011656370206314381
2012-11-16,0.00116577290743769
2012-11-19,-0.002095947834187206
2012-11-20,-0.002217036172695419
2012-11-21,-0.0016372354110630871
2012-11-23,-0.00046854867049317406
2012-11-26,0.001640689089417613
2012-11-27,0.0012870012870012104
2012-11-28,0.001986445431175543
2012-11-29,0.00023323615160353306
2012-11-30,0.0008161361781509058
2012-12-03,-0.0011649580615097355
2012-12-04,0.0008164217401445129
2012-12-05,0.0015149749446452532
2012-12-06,0.0005818012566907171
2012-12-07,-0.002209559251075688
2012-12-10,0.00034965034965028785
2012-12-11,-0.0013981125480601042
2012-12-12,-0.002333450005833626
2012-12-13,-0.002338907730090045
2012-12-14,0.0007033173133279558
2012-12-17,-0.0030455663582054093
2012-12-18,-0.0030548701680178647
2012-12-19,0.0022392457277549127
2012-12-20,-0.005409219190968928
2012-12-21,0.002482856467249883
2012-12-24,-0.0011793843613633337
2012-12-26,0.0012988546463572614
2012-12-27,0.0031839622641509635
2012-12-28,0.00023510050546615702
2012-12-31,-0.001292748854154424
2013-01-02,-0.004824664626971065
2013-01-03,-0.003902092940759161
2013-01-04,-0.000830959164292544
2013-01-07,0.0004752287038136682
2013-01-08,0.002137513359458554
2013-01-09,0.0015404668799621213
2013-01-10,-0.002602934216753394
2013-01-11,0.00142348754448407
2013-01-14,0.0009476427386874153
2013-01-15,0.0017751479289940253
2013-01-16,0.00023626698168932592
2013-01-17,-0.0031888508326444187
2013-01-18,0.002014218009478652
2013-01-22,0.0009459619250324902
2013-01-23,0.00023626698168932592
2013-01-24,-0.0004724223455769838
2013-01-25,-0.0062625546496514195
2013-01-28,-0.0014268727705113449
2013-01-29,0.0
2013-01-30,-0.00023815194093834702
2013-01-31,0.0007146260123869208
2013-02-01,-0.0011901928112354465
2013-02-04,0.0028598665395613843
2013-02-05,-0.0021387832699619747
2013-02-06,0.002976899261728949
2013-02-07,0.0010685029087023068
2013-02-08,-0.00011859582542694813
2013-02-11,-0.0003558296761949631
2013-02-12,-0.0018984337921215122
2013-02-13,-0.002139800285306692
2013-02-14,0.00309745055992372
2013-02-15,-0.00023752969121138
2013-02-19,-0.0014255167498218313
2013-02-20,0.0009517011658339847
2013-02-21,0.0024958402662229595
2013-02-22,0.0008298755186721962
2013-02-25,0.004501303008765722
2013-02-26,0.0012971698113206642
2013-02-27,-0.0007066305499940917
2013-02-28,0.0009428403064231095
2013-03-01,0.0016484163428704957
2013-03-04,-0.0010579522745973735
2013-03-05,-0.0007060484819957358
2013-03-06,-0.0022373999057936356
2013-03-07,-0.003422636610409535
2013-03-08,-0.003552818569398375
2013-03-11,0.00011884953648677588
2013-03-12,0.0019013666072489332
2013-03-13,-0.0001186098920650247
2013-03-14,0.00011862396204032066
2013-03-15,0.003083857193689976
2013-03-18,0.0022466595719521365
2013-03-19,0.0027135441245871306
2013-03-20,-0.010589481115425348
2013-03-21,0.00011892020454284946
2013-03-22,0.0008323424494649512
2013-03-25,0.0004752287038136682
2013-03-26,0.000950005937537135
2013-03-27,0.0032032269545616554
2013-03-28,-0.0010643330179753718
2013-04-01,0.0010654670297147728
2013-04-02,-0.0010643330179753718
2013-04-03,0.0031964010891440964
2013-04-04,0.003304224687278756
2013-04-05,0.002352387673488554
2013-04-08,-0.002229523586012694
2013-04-09,-0.0003528166529460641
2013-04-10,-0.002941176470588225
2013-04-11,0.0009439528023598154
2013-04-12,0.00330071908522922
2013-04-15,0.0004699800258489706
2013-04-16,-0.0007046388725777675
2013-04-17,0.0008226583617345629
2013-04-18,0.000587130108032019
2013-04-19,-0.0010562140593827207
2013-04-22,0.0007048872180450694
2013-04-23,-0.0001173984503404224
2013-04-24,0.0002348244687095935
2013-04-25,-0.0003521540086864894
2013-04-26,0.0028182245185532917
2013-04-29,0.00011709601873532982
2013-04-30,-0.0007024938531787761
2013-05-01,0.001874633860574182
2013-05-02,0.00023389077300906003
2013-05-03,-0.005845902022682092
2013-05-06,-0.0014112666117840345
2013-05-07,-0.00035331527499704585
2013-05-08,0.0011781338360037363
2013-05-09,-0.0004706989879972312
2013-05-10,-0.0048269366611726205
2013-05-13,-0.0008281083638944642
2013-05-14,-0.001894387875917558
2013-05-15,0.0009489916963225653
2013-05-16,0.004740459824603027
2013-05-17,-0.004600141542816738
2013-05-20,-0.0003554923569143442
2013-05-21,0.0007112375533429027
2013-05-22,-0.00509357972044544
2013-05-23,0.00023812358614128115
2013-05-24,0.0005951672419950427
2013-05-28,-0.007256721389483745
2013-05-29,0.0005991611743558778
2013-05-30,0.00011976047904194154
2013-05-31,-0.0017961920728056802
2013-06-03,0.0013195777351246996
2013-06-04,-0.0005990176111178025
2013-06-05,0.0016782546152001032
2013-06-06,0.001795117280995795
2013-06-07,-0.0050173217058894215
2013-06-10,-0.0025213110817625672
2013-06-11,0.0008425613866152037
2013-06-12,-0.0016837041491281068
2013-06-13,0.0027707505119864972
2013-06-14,0.004324843825084024
2013-06-17,-0.0020334928229664984
2013-06-18,-0.000599304806424561
2013-06-19,-0.0029983209402734134
2013-06-20,-0.021532539396126538
2013-06-21,-0.006515859355790465
2013-06-24,-0.002474941220146021
2013-06-25,-0.001984865401314928
2013-06-26,0.0036047234307023945
2013-06-27,0.0038394847659153353
2013-06-28,-0.0006169031462059937
2013-07-01,-0.0002469135802468658
2013-07-02,0.00061743640405032
2013-07-03,-0.0019745773170430914
2013-07-05,-0.01347842215902062
2013-07-08,0.005013787916771095
2013-07-09,0.0017460713394861216
2013-07-10,-0.001743027888446269
2013-07-11,0.008231479171863398
2013-07-12,-0.0017318159327065485
2013-07-15,0.0032218091697646667
2013-07-16,0.0007411067193676679
2013-07-17,0.0033325104912367287
2013-07-18,-0.0020912781399926583
2013-07-19,0.002712031558185446
2013-07-22,0.0001229407425620277
2013-07-23,-0.0012292562999385304
2013-07-24,-0.004184615384615342
2013-07-25,-0.0009887529353602709
2013-07-26,0.003092911047878344
2013-07-29,-0.0012333497779970504
2013-07-30,-0.0008644109656705812
2013-07-31,0.00012359411691997835
2013-08-01,-0.008403361344537785
2013-08-02,0.009596211365902274
2013-08-05,-0.0018516232563881019
2013-08-06,0.0001236705416769457
2013-08-07,0.0022257944849759514
2013-08-08,0.0013571869216533194
2013-08-09,0.0
2013-08-12,-0.0014785608674223738
2013-08-13,-0.0072803553800592224
2013-08-14,0.0006215040397763438
2013-08-15,-0.002236024844720519
2013-08-16,-0.004108565737051761
2013-08-19,-0.0030003750468808876
2013-08-20,0.004514106583072053
2013-08-21,-0.0036200224691049776
2013-08-22,-0.003633174642946657
2013-08-23,0.004778071168112685
2013-08-26,0.001501689400575712
2013-08-27,0.005497938273147485
2013-08-28,-0.00372809742761282
2013-08-29,0.0018710240738430972
2013-08-30,-0.0012450199203187795
2013-09-03,-0.005484916479680857
2013-09-04,-0.003760340937578377
2013-09-05,-0.005284348263714156
2013-09-06,0.004427017455097326
2013-09-09,0.0032741468328925105
2013-09-10,-0.002635872976026077
2013-09-11,0.003020387616410769
2013-09-12,0.00025094102885825365
2013-09-13,0.000878073256397327
2013-09-16,0.003133224714876537
2013-09-17,0.0012493753123439255
2013-09-18,0.010856001996506048
2013-09-19,-0.0035798049623503303
2013-09-20,-0.006565906838453928
2013-09-23,0.0012470382840752414
2013-09-24,0.0038610038610038533
2013-09-25,0.0027295285359800747
2013-09-26,-0.0014847809948033142
2013-09-27,0.0019826517967782564
2013-09-30,0.00037101162503083707
2013-10-01,-0.002101619483248829
2013-10-02,0.002106045589692851
2013-10-03,0.001483496105822768
2013-10-04,-0.0030860387606468365
2013-10-07,0.0008667657256067329
2013-10-08,-0.0002474328838302231
2013-10-09,0.0
2013-10-10,-0.0022274470981313854
2013-10-11,0.0009921865310678069
2013-10-14,-0.0014868046090943388
2013-10-15,-0.0004963394962154144
2013-10-16,0.003227808814401101
2013-10-17,0.005444870684321312
2013-10-18,-0.0004923076923076808
2013-10-21,-0.0011082379017361976
2013-10-22,0.00591715976331364
2013-10-23,0.001225490196078427
2013-10-24,-0.001958384332925389
2013-10-25,0.0015943095413293307
2013-10-28,-0.0003673319456348745
2013-10-29,0.0012248897599216324
2013-10-30,-0.0015904086126743433
2013-10-31,-0.0012253400318588126
2013-11-01,-0.004539320328794005
2013-11-04,0.0016021690904608477
2013-11-05,-0.0033222591362126463
2013-11-06,0.0028395061728394566
2013-11-07,0.001723501169518693
2013-11-08,-0.008111097456064864
2013-11-11,-0.0006195019204559005
2013-11-12,-0.0009918175055789735
2013-11-13,0.003598907917597316
2013-11-14,0.0038333127241252374
2013-11-15,-0.0006159152500615495
2013-11-18,0.002218661407617395
2013-11-19,-0.0024597220514082085
2013-11-20,-0.0029589446430773325
2013-11-21,0.0
2013-11-22,0.0017311734883145302
2013-11-25,0.0007406493025552408
2013-11-26,0.003083754779819925
2013-11-27,-0.0024594195769798155
2013-11-29,-0.0008629191321498642
2013-12-02,-0.0038247995064775164
2013-12-03,0.001857815209313829
2013-12-04,-0.003585115589071597
2013-12-05,-0.001612903225806428
2013-12-06,-0.0012426991425376066
2013-12-09,0.0008709717556301122
2013-12-10,0.0038538040775732973
2013-12-11,-0.0028482972136223417
2013-12-12,-0.001987083954297031
2013-12-13,0.0
2013-12-16,-0.0002488800398208202
2013-12-17,-0.007841672890216533
2013-12-18,-0.0020072763768661517
2013-12-19,-0.005153991200502861
2013-12-20,0.0006317917614353519
2013-12-23,-0.002399292840005063
2013-12-24,-0.0031645569620253333
2013-12-26,-0.0005079365079364573
2013-12-27,0.0
2013-12-30,0.0019057298945495127
2013-12-31,-0.0013948769972101926
2014-01-02,0.0013968253968255073
2014-01-03,-0.0003804209992391838
2014-01-06,0.002410249904858608
2014-01-07,0.0017717033662363324
2014-01-08,-0.004674077817079292
2014-01-09,0.001776875237974318
2014-01-10,0.007855061446851552
2014-01-13,0.00226272784412318
2014-01-14,-0.003261005894895308
2014-01-15,-0.0016358374229269446
2014-01-16,0.0023947567431308325
2014-01-17,0.0012573871495034084
2014-01-21,-0.0003767424337560721
2014-01-22,-0.003266331658291488
2014-01-23,0.006554071086463331
2014-01-24,0.002253944402704766
2014-01-27,-0.001999000499750103
2014-01-28,0.00212819228843264
2014-01-29,0.004372267332916957
2014-01-30,-0.001368159203980146
2014-01-31,0.0023664217212604477
2014-02-03,0.005342942345924362
2014-02-04,-0.0022246941045606095
2014-02-05,-0.0021057847144804187
2014-02-06,-0.0021102284011916828
2014-02-07,0.002861052369697692
2014-02-10,-0.0002480774001488717
2014-02-11,-0.002853598014888381
2014-02-12,-0.0026129152668906697
2014-02-13,0.003992015968063978
2014-02-14,-0.0008697813121272269
2014-02-18,0.0024872528292501084
2014-02-19,-0.0017367572261506314
2014-02-20,-0.00186404871380641
2014-02-21,0.0008715139442230235
2014-02-24,-0.001119542231620807
2014-02-25,0.002864259028642513
2014-02-26,0.001986837203526548
2014-02-27,0.0018589664146735352
2014-02-28,-0.001608114794656057
2014-03-03,0.003717011522735625
2014-03-04,-0.005184545117886685
2014-03-05,0.0001240848740537981
2014-03-06,-0.0026054590570719904
2014-03-07,-0.0037318074387361344
2014-03-10,0.0008740167311773739
2014-03-11,0.0009980039920158834
2014-03-12,0.002243270189431712
2014-03-13,0.004476498383486627
2014-03-14,0.0003713790542212436
2014-03-17,-0.0029699294641751806
2014-03-19,-0.006578130817922356
2014-03-20,-0.0009995002498750516
2014-03-21,-0.011880940470235135
2014-03-24,-0.00025313251487157906
2014-03-25,0.00037979491074824345
2014-03-26,0.0026575550493546096
2014-03-27,0.0005048592704783861
2014-03-28,-0.002396871451999516
2014-03-31,-0.0005058168942843055
2014-04-01,-0.0011386639676113086
2014-04-02,-0.0035465484483850895
2014-04-03,0.00038133977373844274
2014-04-04,0.00571791613723005
2014-04-07,0.0015161086544535074
2014-04-08,0.0015138135486312265
2014-04-09,0.001259604484191934
2014-04-10,0.004025663605484953
2014-04-11,0.0007517854905401133
2014-04-14,-0.0016276449229998269
2014-04-15,0.0
2014-04-16,-0.0017557060446451445
2014-04-17,-0.005025125628140725
2014-04-21,-0.00012626262626258544
2014-04-22,-0.0008839499936860173
2014-04-23,0.0026541961577351003
2014-04-24,-0.00025211143325354346
2014-04-25,0.0011347875425544718
2014-04-28,0.00025188916876572875
2014-04-29,-0.0007554772097708717
2014-04-30,0.003402217741935498
2014-05-01,0.0018837121687806935
2014-05-02,0.0
2014-05-05,-0.0006267234895963592
2014-05-06,0.0005016932145993636
2014-05-07,0.0018804061677322181
2014-05-08,0.0018768768768768762
2014-05-09,-0.0008742350443362579
2014-05-12,-0.0021250000000000435
2014-05-13,0.002630590003757982
2014-05-14,0.004497751124437732
2014-05-15,0.002363184079601899
2014-05-16,-0.0011167638664846269
2014-05-19,-0.0003726708074534013
2014-05-20,0.002112588542313887
2014-05-21,-0.0014880952380952328
2014-05-22,-0.0014903129657227732
2014-05-23,0.001368159203980035
2014-05-27,0.0008694572102845299
2014-05-28,0.004591710101762292
2014-05-29,-0.0006176652254478165
2014-05-30,-0.0006180469715698633
2014-06-02,-0.0048237476808905555
2014-06-03,-0.0036042754163559954
2014-06-04,-0.0008731445677934158
2014-06-05,0.001622971285892616
2014-06-06,-0.0009971332419294043
2014-06-09,-0.0013724266999376455
2014-06-10,-0.0013743128435782515
2014-06-11,0.0006255473539347189
2014-06-12,0.0035008752188046
2014-06-13,-0.0018689259905307898
2014-06-16,0.0
2014-06-17,-0.0033703657470977033
2014-06-18,0.002755511022044077
2014-06-19,0.0011241568823383563
2014-06-20,-0.0077354959451029215
2014-06-23,0.0
2014-06-24,0.0023890355840563426
2014-06-25,0.0018815855494229705
2014-06-26,0.0022536622010767005
2014-06-27,0.00012492192379753853
2014-06-30,0.0006245316012989388
2014-07-01,-0.002371738859068828
2014-07-02,-0.003878878878878833
2014-07-03,-0.0013817359628187642
2014-07-07,0.0013836477987421159
2014-07-08,0.0028890842858937393
2014-07-09,0.0018787575150300828
2014-07-10,0.0015001875234403883
2014-07-11,0.00037448508301096695
2014-07-14,-0.001996506114300023
2014-07-15,-0.0005001250312578476
2014-07-16,-0.00012509382036529626
2014-07-17,0.0037532841236080916
2014-07-18,-0.0006232082762058777
2014-07-21,-0.0001247193813919134
2014-07-22,0.0011226144443059471
2014-07-23,0.00012459506603534898
2014-07-24,-0.00298990905693286
2014-07-25,0.002124203423716109
2014-07-28,-0.0014962593516208988
2014-07-29,0.0019980019980019303
2014-07-30,-0.005732801595214387
2014-07-31,-0.0003760340937578599
2014-08-01,0.005141065830720937
2014-08-04,0.0009980039920158834
2014-08-05,0.00012462612163499642
2014-08-06,0.0008722741433022652
2014-08-07,0.0033615537848605825
2014-08-08,0.0003722546221616163
2014-08-11,-0.00037211610022325203
2014-08-12,-0.0007445092443231216
2014-08-13,0.002483546504408185
2014-08-14,0.0012386968908708607
2014-08-15,0.0027217617221328982
2014-08-18,-0.002220851326341755
2014-08-19,-0.0011128972424879757
2014-08-20,-0.0023520673434018757
2014-08-21,0.0007445092443230106
2014-08-22,-0.0009919404835709855
2014-08-25,0.000496462703239331
2014-08-26,0.0006202704379110191
2014-08-27,0.0016117034465659152
2014-08-28,0.001361554647852481
2014-08-29,-0.0006180469715698633
2014-09-02,-0.0042053184910327834
2014-09-03,-0.0001242081728978217
2014-09-04,-0.002360248447204949
2014-09-05,0.00037355248412396236
2014-09-08,-0.0008712969878018617
2014-09-09,-0.002491590880777328
2014-09-10,-0.0014986886474335215
2014-09-11,0.0002501563477173008
2014-09-12,-0.0037514067775415993
2014-09-15,0.00138069536839458
2014-09-16,0.0003760340937577489
2014-09-17,-0.0008770830722967249
2014-09-18,-0.0025081514923501746
2014-09-19,0.0013829519738497442
2014-09-22,-0.0013810420590081307
2014-09-23,0.002011566507417628
2014-09-24,-0.002007528230865696
2014-09-25,0.0037716872014081915
2014-09-26,-0.0025050100200401104
2014-09-29,0.002636865896534335
2014-09-30,-0.001001878522229216
2014-10-01,0.007020183026200222
2014-10-02,-0.0016183244118013196
2014-10-03,-0.001371571072319222
2014-10-06,0.0021226120614308286
2014-10-07,0.0047346125093445934
2014-10-08,0.0029761904761904656
2014-10-09,0.0004945598417409602
2014-10-10,0.0008650519031141446
2014-10-13,0.0048154093097914075
2014-10-14,0.002211845662324796
2014-10-15,0.008827856792545274
2014-10-16,-0.004010695187165791
2014-10-17,-0.003172666259914636
2014-10-20,0.0013465540457828773
2014-10-21,-0.0012224938875305957
2014-10-22,-0.001835985312117483
2014-10-23,-0.0031882280809319985
2014-10-24,0.00012301636117606485
2014-10-27,0.0008610086100862002
2014-10-28,-0.0014747449920118338
2014-10-29,-0.003938461538461557
2014-10-30,0.0013591993080439568
2014-10-31,-0.0020977295162882825
2014-11-03,-0.0007419314949919098
2014-11-04,0.0001237470610073732
2014-11-05,0.0
2014-11-06,-0.0017322444939371628
2014-11-07,0.0047099652949924575
2014-11-10,-0.003084135208487493
2014-11-11,-0.001237470610073066
2014-11-12,0.0017346053772766545
2014-11-13,0.0012368583797155441
2014-11-14,0.0016059295861643452
2014-11-17,-0.0017266896891958705
2014-11-18,0.0013590313812701371
2014-11-19,-0.001974090067859313
2014-11-20,0.0013598714303375559
2014-11-21,0.0009876543209876854
2014-11-24,0.0007400098667982302
2014-11-25,0.002711363076164597
2014-11-26,0.0018436578171090456
2014-11-28,0.002331002331002363
2014-12-01,-0.0011015911872704898
2014-12-02,-0.0044112241146918585
2014-12-03,-0.0004923076923076808
2014-12-04,0.0017239256249230728
2014-12-05,-0.00467117393976646
2014-12-08,0.0022230455724341347
2014-12-09,0.002711028958718442
2014-12-10,0.0038097578960305523
2014-12-11,-0.0020812928501469097
2014-12-12,0.004662004662004726
2014-12-15,-0.001953840517767702
2014-12-16,0.0031812064113545535
2014-12-17,-0.005244542017319165
2014-12-18,-0.003310446297204561
2014-12-19,0.0009841308894082967
2014-12-22,-0.0034410716480275383
2014-12-23,-0.005549389567147567
2014-12-24,-0.00037202380952383596
2014-12-26,0.0004962163503288153
2014-12-29,0.0029758214507129566
2014-12-30,0.001483496105822768
2014-12-31,0.0017281817059622284
2015-01-02,0.002834257547751129
2015-01-05,0.004792332268370503
2015-01-06,0.0046471811177692945
2015-01-07,0.0008520998174070815
2015-01-08,-0.002797372901970352
2015-01-09,0.0036589828027808746
2015-01-12,0.003767164904605602
2015-01-13,0.0019370460048426796
2015-01-14,0.00350410826486236
2015-01-15,0.004455147501505108
2015-01-16,-0.0037161352193718633
2015-01-20,0.0
2015-01-21,-0.0032487065335098375
2015-01-22,-0.002414292612264557
2015-01-23,0.00423523717328167
2015-01-26,-0.0013254608989035077
2015-01-27,0.0012065637065636903
2015-01-28,0.006266570257893456
2015-01-29,-0.0021556886227545036
2015-01-30,0.005280844935189544
2015-02-02,0.00035816618911166387
2015-02-03,-0.00656402912042009
2015-02-04,-0.00048053820278715076
2015-02-05,-0.0010817307692307931
2015-02-06,-0.00878353988689684
2015-02-09,-0.0008497208060208594
2015-02-10,-0.0019438707325962756
2015-02-11,0.0
2015-02-12,0.00048691418137547515
2015-02-13,-0.0014600316340187547
2015-02-17,-0.0076763738272206394
2015-02-18,0.0060166994106090055
2015-02-19,-0.003295496155254485
2015-02-20,-0.0014695077149154967
2015-02-23,0.004782928623988214
2015-02-24,0.005248382765775661
2015-02-25,0.00024283632831467727
2015-02-26,-0.0033988832240835487
2015-02-27,0.0010962241169305553
2015-03-02,-0.00511011071906553
2015-03-03,-0.0023235905588846473
2015-03-04,0.0007354743809757647
2015-03-05,0.0012248897599216324
2015-03-06,-0.007585025691215996
2015-03-09,0.002712031558185446
2015-03-10,0.003688222276862607
2015-03-11,0.0003674669279765119
2015-03-12,0.001714215746296155
2015-03-13,-0.0004889377826671204
2015-03-16,0.0006114711997065037
2015-03-17,0.0020777316059643613
2015-03-18,0.008171728259543931
2015-03-19,-0.002661504960077443
2015-03-20,0.0031538088306646284
2015-03-23,-0.0029020556227328242
2015-03-24,0.0019403347077371347
2015-03-25,-0.002178649237472796
2015-03-26,-0.004488112566715219
2015-03-27,0.0035335689045936647
2015-03-30,-0.0007285089849441428
2015-03-31,0.002430133657351119
2015-04-01,0.0036363636363636598
2015-04-02,-0.0015700483091787287
2015-04-06,0.0019354058304099642
2015-04-07,-0.00048291681757817173
2015-04-08,0.0
2015-04-09,-0.003985988645971772
2015-04-10,-0.0002425418384671696
2015-04-13,0.0013343037360504795
2015-04-14,0.0025439127801332173
2015-04-15,0.0009666505558241223
2015-04-16,0.0019314340898117788
2015-04-17,0.0009638554216866435
2015-04-20,-0.0021665864227250475
2015-04-21,-0.0013268998793727338
2015-04-22,-0.003865201111245331
2015-04-23,0.002182611858857708
2015-04-24,0.0019358741681789748
2015-04-27,-0.0006037918125830766
2015-04-28,-0.002779120347994213
2015-04-29,-0.003392705682782049
2015-04-30,-0.0010942249240121216
2015-05-01,-0.004625121713729308
2015-05-04,-0.00012227928588892656
2015-05-05,-0.0026904732787085273
2015-05-06,-0.0025751072961373023
2015-05-07,0.0023358741086796364
2015-05-08,0.003434318655709534
2015-05-11,-0.007334066740007361
2015-05-12,0.0012313754463735282
2015-05-13,-0.0004919444102816639
2015-05-14,0.0031992125015380957
2015-05-15,0.0050288237458604446
2015-05-18,-0.00512570173297533
2015-05-19,-0.0026987242394503896
2015-05-20,0.0018450184501845879
2015-05-21,0.0035604665438919714
2015-05-22,-0.003425495473452389
2015-05-26,0.004910385465259015
2015-05-27,-0.00012215978499874325
2015-05-28,0.0010995723885156572
2015-05-29,0.002196729314132284
2015-06-01,-0.005845104724792938
2015-06-02,-0.00440960313571781
2015-06-03,-0.0059055118110236116
2015-06-04,0.003589108910891037
2015-06-05,-0.006042668639782978
2015-06-08,0.001612903225806539
2015-06-09,-0.00185804533630618
2015-06-10,-0.003350707371556183
2015-06-11,0.005229734777736361
2015-06-12,-0.0003716090672611916
2015-06-15,0.0021065675340767864
2015-06-16,0.0022257944849759514
2015-06-17,0.002097470697100645
2015-06-18,-0.002093080522038937
2015-06-19,0.004935225169648394
2015-06-22,-0.01129527317372625
2015-06-23,-0.002980255805289933
2015-06-24,0.0022418732096152194
2015-06-25,-0.0012426991425376066
2015-06-26,-0.004479283314669624
2015-06-29,0.009498812648419008
2015-06-30,-0.00024761668936490455
2015-07-01,-0.005572755417956654
2015-07-02,0.0032378580323786377
2015-07-06,0.007075471698113178
2015-07-07,0.002834956243066733
2015-07-08,0.001966568338249708
2015-07-09,-0.005520117762512267
2015-07-10,-0.007401011471567798
2015-07-13,-0.0011184292282838681
2015-07-14,0.0027369992535457577
2015-07-15,0.003225806451612856
2015-07-16,-0.0013603759584467356
2015-07-17,-0.00037151702786375473
2015-07-20,-0.001858275520317143
2015-07-21,0.002482313516197099
2015-07-22,0.0008666584127769994
2015-07-23,0.0023503216229590063
2015-07-24,0.0008638775762064288
2015-07-27,0.0034525277435264456
2015-07-28,-0.0012288031457360349
2015-07-29,-0.0014763779527559029
2015-07-30,0.0002464268112369883
2015-07-31,0.004680955900468131
2015-08-03,0.0030652280529670506
2015-08-04,-0.004400440044004417
2015-08-05,-0.004051565377532262
2015-08-06,0.0020956607495068447
2015-08-07,0.0034444581129289276
2015-08-10,-0.0034326345470148123
2015-08-11,0.0066428835035059475
2015-08-12,0.0008554319931566301
2015-08-13,-0.0037851037851037717
2015-08-14,-0.000980512317686033
2015-08-17,0.0031897926634769647
2015-08-18,-0.0024458847988260146
2015-08-19,0.005026357729557507
2015-08-20,0.0018297145645278512
2015-08-21,0.002678680141239509
2015-08-24,0.004128718882817184
2015-08-25,-0.00882815334381426
2015-08-26,-0.0009760858955587537
2015-08-27,0.0001221299462628167
2015-08-28,-0.0013432653559652952
2015-08-31,-0.0011005135730007831
2015-09-01,0.0018362100624311761
2015-09-02,-0.0010997067448680342
2015-09-03,0.0017125382262996869
2015-09-04,0.0026865307119305903
2015-09-08,-0.003653635367190322
2015-09-09,0.0013445789023347476
2015-09-10,-0.0020751953125
2015-09-11,0.0029357798165137172
2015-09-14,0.00012196609342596254
2015-09-15,-0.011097560975609766
2015-09-16,-0.0014798372179060104
2015-09-17,0.006175126590095115
2015-09-18,0.005278016447772149
2015-09-21,-0.004639804639804623
2015-09-22,0.00576545632973513
2015-09-23,-0.001097694840834218
2015-09-24,0.0012210012210012167
2015-09-25,-0.002195121951219514
2015-09-28,0.004644341236861305
2015-09-29,0.0029197080291971655
2015-09-30,-0.0006065016982047533
2015-10-01,0.00012137395314959498
2015-10-02,0.004611650485436991
2015-10-05,-0.003986470161874811
2015-10-06,0.0015767131594905948
2015-10-07,-0.0016953257447324122
2015-10-08,-0.002668607472100959
2015-10-09,0.00012162490878142584
2015-10-12,0.002188982123312755
2015-10-13,0.0007280669821623231
2015-10-14,0.00533527343276341
2015-10-15,-0.0032565432396574057
2015-10-16,-0.0007260406582768608
2015-10-19,-0.0004843787842092606
2015-10-20,-0.003149987884662031
2015-10-21,0.002430724355858116
2015-10-22,0.00048496605237624557
2015-10-23,-0.003999030538051396
2015-10-26,0.0013383623311837844
2015-10-27,0.0025516403402188192
2015-10-28,-0.005575081808265714
2015-10-29,-0.004631322364411994
2015-10-30,0.0006122199093914205
2015-11-02,-0.0024473813020068347
2015-11-03,-0.002085377821393508
2015-11-04,-0.001475107559926192
2015-11-05,-0.0007386433583651542
2015-11-06,-0.006159911297277332
2015-11-09,-0.00012396181975948828
2015-11-10,0.002107612199355291
2015-11-11,-0.0018557466287270064
2015-11-12,0.0011155180961823774
2015-11-13,0.002599975238330998
2015-11-16,0.0011113855272906203
2015-11-17,0.0004934007647712235
2015-11-18,-0.0006164468006411017
2015-11-19,0.000986923266716122
2015-11-20,-0.0008627064333250889
2015-11-23,0.001110151720735253
2015-11-24,0.0007392804337111869
2015-11-25,0.0006156119182467723
2015-11-27,0.0007382798080473041
2015-11-30,-0.0004918234353866735
2015-12-01,0.003936523557633187
2015-12-02,-0.0017154760446024264
2015-12-03,-0.008714864367251773
2015-12-04,0.002847944526993551
2015-12-07,0.0030868008396098823
2015-12-08,-0.00012309207287053425
2015-12-09,0.0025852517542779285
2015-12-10,-0.002333005893909612
2015-12-11,0.006030769230769284
2015-12-14,-0.0053829214582823415
2015-12-15,-0.002460024600245969
2015-12-16,-0.0025893958076448342
2015-12-17,0.002843367536160324
2015-12-18,0.002958579881656709
2015-12-21,0.0002458210422813245
2015-12-22,-0.00774145981813712
2015-12-23,-0.0013622291021672117
2015-12-24,0.0013640873015872135
2015-12-28,0.0007430340557275095
2015-12-29,-0.004826135379284779
2015-12-30,-0.0003730415319572744
2015-12-31,0.002363478044532963
2016-01-04,0.0019856043683295077
2016-01-05,0.0007431260837256204
2016-01-06,0.0048267326732673865
2016-01-07,0.0019706860450794395
2016-01-08,0.002335586969883119
2016-01-11,-0.0003679175864605977
2016-01-12,0.003680529996319404
2016-01-13,0.001833516685001868
2016-01-14,-0.0018301610541727742
2016-01-15,0.004889377826671648
2016-01-19,-0.00048655881279646707
2016-01-20,0.0037726664232689
2016-01-21,-0.0015761396702230757
2016-01-22,-0.0023072252580449426
2016-01-25,0.001338851022395282
2016-01-26,0.0020663668408897884
2016-01-27,0.0003639010189229186
2016-01-28,0.001333818358190797
2016-01-29,0.004238314361830975
2016-02-01,-0.003135174243337757
2016-02-02,0.00713680899963709
2016-02-03,-0.0006005284650492104
2016-02-04,0.0019228458118014657
2016-02-05,0.0007196833393305901
2016-02-08,0.0071916576770945095
2016-02-09,0.00011900511721996132
2016-02-10,0.0014278914802474674
2016-02-11,0.004039923954372693
2016-02-12,-0.00733727810650886
2016-02-16,-0.001192179303767249
2016-02-17,-0.0035808068751491673
2016-02-18,0.00371346430282693
2016-02-19,-0.00011934598400764607
2016-02-22,-0.0009548818333731113
2016-02-23,0.0011947431302270495
2016-02-24,0.0004773269689737347
2016-02-25,0.0034589694656488312
2016-02-26,-0.00534886485201469
2016-02-29,0.001195028680688326
2016-03-01,-0.006922893291955168
2016-03-02,-0.0019230769230769162
2016-03-03,0.0013246628131020621
2016-03-04,-0.0032471437161756267
2016-03-07,-0.0012065637065636903
2016-03-08,0.004469678666344512
2016-03-09,-0.0033674082982562137
2016-03-10,-0.003258115120067573
2016-03-11,-0.0020581113801453332
2016-03-14,0.0006065752759918386
2016-03-15,-0.0001212415130941169
2016-03-16,0.0033951740026676447
2016-03-17,0.0020543806646524665
2016-03-18,0.0022913651712495042
2016-03-21,-0.0024064492840812912
2016-03-22,-0.005789410203835499
2016-03-23,0.004124711876744014
2016-03-24,-0.0008457170472393472
2016-03-28,0.0014510278113664121
2016-03-29,0.0045882637044192265
2016-03-30,0.00012019230769233502
2016-03-31,0.0028842687177021986
2016-04-01,-0.0007189934092270978
2016-04-04,0.001319103009953304
2016-04-05,0.002754491017963989
2016-04-06,-0.001074883554281647
2016-04-07,0.004304160688665792
2016-04-08,-0.0016666666666667052
2016-04-11,0.0
2016-04-12,-0.0036966372525637503
2016-04-13,0.0005984440454818163
2016-04-14,-0.00191387559808609
2016-04-15,0.0020373921380631987
2016-04-18,-0.0010764262648008671
2016-04-19,-0.0010775862068965747
2016-04-20,-0.0046745774901114645
2016-04-21,-0.0010838150289017578
2016-04-22,-0.0010849909584086381
2016-04-25,-0.0007241129616220032
2016-04-26,-0.0015700483091787287
2016-04-27,0.004717551711624468
2016-04-28,0.0013243438478207636
2016-04-29,0.0008416496332812606
2016-05-02,-0.002763094666025978
2016-05-03,0.004577761715455875
2016-05-04,0.0010792660990526226
2016-05-05,0.002275994250119817
2016-05-06,-0.0015537229592446078
2016-05-09,0.002034953315776855
2016-05-10,-0.00011946004061635929
2016-05-11,0.0009557945041815952
2016-05-12,-0.002387204583432778
2016-05-13,0.002871500358937462
2016-05-16,-0.0034597947983774358
2016-05-17,-0.0008380222674487792
2016-05-18,-0.00790797987059666
2016-05-19,0.002294685990338108
2016-05-20,0.00024099289070966812
2016-05-23,0.0003614022406939199
2016-05-24,-0.0014450867052022698
2016-05-25,-0.0007235890014472002
2016-05-26,0.0032585083272991255
2016-05-27,-0.0007217610970768895
2016-05-31,0.0
2016-06-01,-0.0012038040207054124
2016-06-02,0.002169458840544758
2016-06-03,0.007937462417318075
2016-06-06,-0.0007159050232669051
2016-06-07,0.0005970149253731183
2016-06-08,-0.00035799522673030104
2016-06-09,0.0014324937328398235
2016-06-10,0.0028608892597448143
2016-06-13,0.0017829549506716003
2016-06-14,0.00023730422401513351
2016-06-15,0.0020166073546856733
2016-06-16,0.0013022374807623027
2016-06-17,-0.0029557815086308503
2016-06-20,-0.0028459622909996485
2016-06-21,-0.0003567606136282153
2016-06-22,0.0
2016-06-23,-0.004044729954794213
2016-06-24,0.011944577161968395
2016-06-27,0.00684608120868746
2016-06-28,-0.00023446658851111746
2016-06-29,-0.0014071294559099279
2016-06-30,-0.000587130108031908
2016-07-01,0.0007049700387733449
2016-07-05,0.006105436186450541
2016-07-06,-0.0016337962422686703
2016-07-07,0.00011689070718867711
2016-07-08,0.0008181393174380158
2016-07-11,-0.004788041574214641
2016-07-12,-0.004811077211922088
2016-07-13,0.0023582124749439437
2016-07-14,-0.0032937301493941584
2016-07-15,-0.003894724418741835
2016-07-18,0.0011848341232227888
2016-07-19,0.0015384615384614886
2016-07-20,-0.0018905825357438122
2016-07-21,0.0018941636083815716
2016-07-22,-0.0008271298593879317
2016-07-25,-0.00047303689687794304
2016-07-26,0.0004732607666824151
2016-07-27,0.0031929990539261155
2016-07-28,0.00011788282447255938
2016-07-29,0.0036539368222536783
2016-08-01,-0.0018790369935408613
2016-08-02,-0.001882574420520089
2016-08-03,0.0002357656489448967
2016-08-04,0.0028285209192693284
2016-08-05,-0.006111176401457308
2016-08-08,-0.0007094714437744232
2016-08-09,0.0022482546444206886
2016-08-10,0.002951593860684776
2016-08-11,-0.005179517363154806
2016-08-12,0.0036682049461602695
2016-08-15,-0.0021221410044800493
2016-08-16,-0.001890359168241984
2016-08-17,0.0008285984848483974
2016-08-18,0.0020106445890006874
2016-08-19,-0.0031869688385268713
2016-08-22,0.00248667850799289
2016-08-23,-0.00047247814788564657
2016-08-24,0.0
2016-08-25,-0.0011817537225242702
2016-08-26,-0.005205868433506899
2016-08-29,0.0044005708848715575
2016-08-30,-0.000473653049141487
2016-08-31,-0.00011846937566639681
2016-09-01,0.00011848341232223447
2016-09-02,-0.001303163132330254
2016-09-06,0.004389086595492309
2016-09-07,0.0
2016-09-08,-0.004724223455769505
2016-09-09,-0.0027293224160436225
2016-09-12,0.0010709186101856005
2016-09-13,-0.0036847735647213
2016-09-14,0.0035790980672869566
2016-09-15,0.00011887779362806938
2016-09-16,-0.00035659099013429785
2016-09-19,0.00011890606420927874
2016-09-20,0.0004755677089525179
2016-09-21,-0.0008318478906713667
2016-09-22,-0.003924833491912416
2016-09-23,0.0013134328358208602
2016-09-26,0.002146434533746744
2016-09-27,0.0016658733936221193
2016-09-28,-0.0007127583749109156
2016-09-29,0.0008321445553971518
2016-09-30,-0.0032070317139802906
2016-10-03,-0.00131077216396569
2016-10-04,-0.0034602076124568004
2016-10-05,-0.0021551724137931494
2016-10-06,-0.0020398368130549738
2016-10-07,0.0008416496332812606
2016-10-11,-0.0013214800576646368
2016-10-12,-0.0006014675808974079
2016-10-13,0.00288878189696673
2016-10-14,-0.0025204032645222973
2016-10-17,0.0020454818914692474
2016-10-18,0.001320845341018284
2016-10-19,-0.00023983691090057047
2016-10-20,0.00011994722322183904
2016-10-21,0.00047973135044365733
2016-10-24,-0.0013186286262286684
2016-10-25,0.0
2016-10-26,-0.001800504141159509
2016-10-27,-0.0032467532467532756
2016-10-28,0.00024128362890585286
2016-10-31,0.0006030635628995196
2016-11-01,0.0013259402121503783
2016-11-02,0.0018057060310581186
2016-11-03,0.0
2016-11-04,0.0016822879115596656
2016-11-07,-0.0031190019193857443
2016-11-08,-0.0026474127557160054
2016-11-09,-0.011341698841698888
2016-11-10,-0.003661215523553807
2016-11-14,-0.007104360607545268
2016-11-15,-0.0018504811250925624
2016-11-16,0.0003707823507601571
2016-11-17,-0.0030887076847047057
2016-11-18,-0.004089726112281533
2016-11-21,-0.0001244400199104101
2016-11-22,0.001244555071561848
2016-11-23,-0.002734617775015491
2016-11-25,-0.0012464165524118664
2016-11-28,0.003494321727193217
2016-11-29,0.0009949011317000878
2016-11-30,-0.004224127220772811
2016-12-01,-0.003992514036182171
2016-12-02,0.0040085181009645865
2016-12-05,-0.00037429819089207506
2016-12-06,0.00012481278082865366
2016-12-07,0.0027455384999375276
2016-12-08,-0.0021157436216552306
2016-12-09,-0.0038663008231478724
2016-12-12,-0.00025040691123079384
2016-12-13,-0.0007514088916719119
2016-12-14,-0.004135856623637024
2016-12-15,-0.0036496350364964014
2016-12-16,-0.0007578628268283261
2016-12-19,0.0034129692832765013
2016-12-20,-0.0007558578987150177
2016-12-22,-0.0054210791729703
2016-12-23,0.0007605526682723518
2016-12-27,-0.001266624445851794
2016-12-28,0.0035510462904249085
2016-12-29,0.002401112094022384
2016-12-30,0.002773575390822014
2017-01-03,-0.0013829519738496332
2017-01-04,0.0
2017-01-05,0.005791262747072867
2017-01-06,-0.003379647014645104
2017-01-09,0.0030143180105501877
2017-01-10,-0.0001252191334836228
2017-01-11,0.00037570444583590046
2017-01-12,0.0006259389083624889
2017-01-13,-0.0008757662955085621
2017-01-17,0.0036313548710242838
2017-01-18,-0.004117280099812826
2017-01-19,-0.0043848659483838315
2017-01-20,0.0003775009437523291
2017-01-23,0.004779874213836521
2017-01-24,-0.004757135703555293
2017-01-25,-0.003270440251572304
2017-01-26,0.0012619888944978008
2017-01-27,0.0016385177716158328
2017-01-30,0.0003775009437523291
2017-01-31,0.0020125786163522896
2017-02-01,-0.0011298016570424618
2017-02-02,0.0003770265175317977
2017-02-03,-0.0007537688442210699
2017-02-06,0.005280362081971246
2017-02-07,0.0013756878439219467
2017-02-08,0.001998251529911288
2017-02-09,-0.003489966346753137
2017-02-10,-0.0011257035647279645
2017-02-13,-0.0015026296018031404
2017-02-14,-0.0028843742162026897
2017-02-15,-0.002138095837001641
2017-02-16,0.003907234686160832
2017-02-17,0.002008788449466392
2017-02-21,0.0
2017-02-22,0.0005011903270266682
2017-02-23,0.002254226675015625
2017-02-24,0.004498313132575316
2017-02-27,-0.0037318074387361344
2017-02-28,-0.00024971906605064653
2017-03-01,-0.0066192081928312385
2017-03-02,-0.001634397787276809
2017-03-03,0.000755572346052169
2017-03-06,0.00012583364791751706
2017-03-07,-0.0011323603422244144
2017-03-08,-0.0022672880715455257
2017-03-09,-0.00239868703446533
2017-03-10,0.0015186028853455547
2017-03-13,-0.0015163002274450887
2017-03-14,0.0007593014426727773
2017-03-15,0.0067020738492664655
2017-03-16,-0.0012561236025624423
2017-03-17,0.0012577034335303772
2017-03-20,0.0022610224846124627
2017-03-21,0.001879934828926011
2017-03-22,0.0013760320240179258
2017-03-23,-0.005371642723297931
2017-03-24,0.0010047726701833959
2017-03-27,0.0011292346298619194
2017-03-28,-0.002506579771901274
2017-03-29,0.0017590149516271136
2017-03-30,-0.0018813495547472803
2017-03-31,0.0017592359889420095
2017-04-03,0.003763171098845941
2017-04-04,0.0
2017-04-05,0.00012496875781065064
2017-04-06,0.0006247657128577444
2017-04-07,-0.0024975024975024684
2017-04-10,0.0007511266900350755
2017-04-11,0.0046284713535151845
2017-04-12,-0.00012451749470798745
2017-04-13,0.0048567870485678455
2017-04-17,-0.0013632420374272147
2017-04-18,0.004839910647803425
2017-04-19,-0.0018525379770285566
2017-04-20,-0.0025983667409057443
2017-04-21,0.0008683786130752047
2017-04-24,-0.002107089737233503
2017-04-25,-0.0031052043224444326
2017-04-26,0.0012459506603539339
2017-04-27,0.0006222000995519394
2017-04-28,0.0006218132073125826
2017-05-01,-0.001988565746955051
2017-05-02,0.0018679950186799577
2017-05-03,-0.0012430080795524656
2017-05-04,-0.002986932171748613
2017-05-05,0.00037448508301096695
2017-05-08,-0.001247816321437445
2017-05-09,-0.0018740629685157772
2017-05-10,-0.00012517211165352649
2017-05-11,0.0008763144717076621
2017-05-12,0.004377736085053208
2017-05-15,-0.00012453300124537492
2017-05-16,0.0007472910698718138
2017-05-17,0.006969508400746838
2017-05-18,-0.0011123470522803602
2017-05-19,-0.0007423904974016571
2017-05-22,-0.0004952947003467045
2017-05-23,-0.00210604558969274
2017-05-24,0.0016139044072005504
2017-05-25,0.0008676251859196515
2017-05-26,0.00012383900928791824
2017-05-30,0.001981178801386818
2017-05-31,0.000988630746416197
2017-06-01,-0.0008641975308641969
2017-06-02,0.0034597800568392234
2017-06-05,-0.0012313754463736393
2017-06-06,0.002219208482308055
2017-06-07,-0.0018452454176405286
2017-06-08,-0.0006162188809465396
2017-06-09,-0.00036995930447647485
2017-06-12,-0.0007401924500369805
2017-06-13,0.00037037037037035425
2017-06-14,0.003949154634086183
2017-06-15,-0.0020897357098955682
2017-06-16,0.0006159152500615495
2017-06-19,-0.00209282284870127
2017-06-20,0.002097211941771482
2017-06-21,-0.0006155361319709618
2017-06-22,-0.0013550135501354532
2017-06-23,0.0004934007647712235
2017-06-26,0.00036986808038474983
2017-06-27,-0.003943800838057676
2017-06-28,-0.0006186587478347327
2017-06-29,-0.0030952086170608073
2017-06-30,-0.0022354694485842153
2017-07-03,-0.003360716952949927
2017-07-05,0.0008742350443362579
2017-07-06,-0.0018717244821562229
2017-07-07,-0.0011251406425802912
2017-07-10,0.001877346683354153
2017-07-11,0.0007495315427856752
2017-07-12,0.002746223942079684
2017-07-13,-0.0008714054525084114
2017-07-14,0.0021181161226015988
2017-07-17,0.0006216585851051004
2017-07-18,0.002857852882703682
2017-07-19,-0.0004956015363647426
2017-07-20,0.00012396181975948828
2017-07-21,0.001983143282102029
2017-07-24,-0.0012370113805046934
2017-07-25,-0.004582610849640845
2017-07-26,0.003483887022520893
2017-07-27,-0.0014879107253564783
2017-07-28,0.000993418601763274
2017-07-31,-0.0004962163503287043
2017-08-01,0.0027305448678167643
2017-08-02,-0.0009902215620745114
2017-08-03,0.0019824061454589703
2017-08-04,-0.0022257944849758404
2017-08-07,0.0007435865658693697
2017-08-08,-0.0012383900928792935
2017-08-09,0.002603843769373837
2017-08-10,0.0017313875834776837
2017-08-11,0.0019753086419753707
2017-08-14,-0.0020946278955150666
2017-08-15,-0.0030868008396098823
2017-08-16,0.002848649987614582
2017-08-17,0.0016055329134248009
2017-08-18,0.0002466091245376667
2017-08-21,0.0007396449704142327
2017-08-22,-0.0022172949002217113
2017-08-23,0.0028395061728394566
2017-08-24,-0.0018466083959128854
2017-08-25,0.0014800197335964604
2017-08-28,0.0009852216748769127
2017-08-29,0.001476377952756014
2017-08-30,-0.000859950859950831
2017-08-31,0.0013525144473134354
2017-09-01,-0.002333005893909612
2017-09-05,0.005661538461538385
2017-09-06,-0.002570064863541832
2017-09-07,0.0033128834355828918
2017-09-08,-0.00012229423994125632
2017-09-11,-0.003913894324853229
2017-09-12,-0.0027013752455795625
2017-09-13,-0.0014774686037921647
2017-09-14,-0.0002466091245375557
2017-09-15,-0.0007400098667982302
2017-09-18,-0.001727968402863489
2017-09-19,-0.0007418397626113293
2017-09-20,0.0004949269982676974
2017-09-21,-0.005688844917140723
2017-09-22,0.0008706467661692141
2017-09-25,0.0026096681993288406
2017-09-26,-0.0004957858205255627
2017-09-27,-0.004464285714285698
2017-09-28,0.0008719481813652674
2017-09-29,-0.0018668326073428831
2017-10-02,-0.0004987531172069293
2017-10-03,0.0006237524950098994
2017-10-04,0.0
2017-10-05,-0.0013714000748036304
2017-10-06,-0.0009987515605492936
2017-10-09,0.0004998750312421585
2017-10-10,0.001373969522857843
2017-10-11,-0.00024946987651242036
2017-10-12,0.0012476606363069909
2017-10-13,0.0024922118380061864
2017-10-16,-0.0022374145431944825
2017-10-17,0.00012457954403877203
2017-10-18,-0.0023667164922770434
2017-10-19,0.0009988762642028082
2017-10-20,-0.003492578271173774
2017-10-23,0.0007510326699211589
2017-10-24,-0.0015009380863039157
2017-10-25,-0.0022547914317925244
2017-10-26,-0.0006277463904582614
2017-10-27,0.0017587939698493482
2017-10-30,0.003386004514672747
2017-10-31,-0.0006249218847643734
2017-11-01,-0.0002501250625313034
2017-11-02,0.0018764073054791108
2017-11-03,0.0001248595330254343
2017-11-06,0.001622971285892616
2017-11-07,0.0004985666209647022
2017-11-08,-0.0013703749844276025
2017-11-09,-0.0004990019960079417
2017-11-10,-0.003869196205691483
2017-11-13,-0.0006264879087833908
2017-11-14,0.0008776328986961346
2017-11-15,0.0025053238131027555
2017-11-16,-0.0014994377108584755
2017-11-17,0.0003754223501439835
2017-11-20,-0.0017513134851138146
2017-11-21,0.0
2017-11-22,0.0033834586466165995
2017-11-24,-0.0011240164855751411
2017-11-27,0.0012503125781444524
2017-11-28,-0.0012487512487512342
2017-11-29,-0.0020005001250312793
2017-11-30,-0.0032573289902280145
2017-12-01,0.002890899949723469
2017-12-04,-0.0013786188745457117
2017-12-05,0.0007530120481926694
2017-12-06,0.0018811136192626865
2017-12-07,-0.0025034422330704187
2017-12-08,0.0
2017-12-11,-0.00012548625925457024
2017-12-12,-0.0011295180722891152
2017-12-13,0.003769317753486545
2017-12-14,-0.00037551633496057946
2017-12-15,-0.001126972201352383
2017-12-18,-0.00150432493418573
2017-12-19,-0.004645323289391046
2017-12-20,-0.003405650857719489
2017-12-21,0.0005062650297431581
2017-12-22,-0.0003795066413662118
2017-12-26,0.0012655024044545549
2017-12-27,0.0029069767441860517
2017-12-28,-0.0011342155009451682
2017-12-29,0.0016401715871814382
2018-01-02,-0.0028970903136414927
2018-01-03,0.000757958564931771
2018-01-04,-0.0008836152486745297
2018-01-05,-0.0012634238787112562
2018-01-08,-0.00025300442757747454
2018-01-09,-0.003542958370239102
2018-01-10,-0.0003809523809523707
2018-01-11,0.00101626016260159
2018-01-12,-0.001522842639593902
2018-01-16,0.00038129130655817356
2018-01-17,-0.002668021852369473
2018-01-18,-0.0016560509554139902
2018-01-19,-0.001403598315682042
2018-01-22,-0.001533350370559683
2018-01-23,0.0026874840030715053
2018-01-24,-0.0017868538608806217
2018-01-25,0.001917913310318431
2018-01-26,-0.003062787136294043
2018-01-29,-0.0020481310803891484
2018-01-30,-0.0014109799897383812
2018-01-31,-0.0005138086062941305
2018-02-01,-0.002955918262434132
2018-02-02,-0.003995875225573653
2018-02-05,0.004400155299598918
2018-02-06,0.001803891251127343
2018-02-07,-0.0039871382636655905
2018-02-08,-0.0009039256198346557
2018-02-09,0.0023264831329972147
2018-02-12,-0.002321083172146965
2018-02-13,0.0009047434406099786
2018-02-14,-0.00555268595041325
2018-02-15,0.0010388261264770993
2018-02-16,0.0010377480866519129
2018-02-20,-0.0007775042114811503
2018-02-21,-0.0023343275839708966
2018-02-22,0.0018198362147405778
2018-02-23,0.002595043466978142
2018-02-26,0.0007764979940467764
2018-02-27,-0.003620845726108879
2018-02-28,0.002206359506813804
2018-03-01,0.004532504532504422
2018-03-02,-0.0033518112672424882
2018-03-05,-0.0011641443538998875
2018-03-06,0.00012950012950008194
2018-03-07,-0.00025896672277614385
2018-03-08,0.001295169019557063
2018-03-09,-0.0011641443538998875
2018-03-12,0.0015540015540016494
2018-03-13,0.0006464959917249491
2018-03-14,0.0018090192531334814
2018-03-15,-0.000386946988262582
2018-03-16,-0.0010322580645161228
2018-03-19,0.00025833118057350113
2018-03-20,-0.0023243801652892415
2018-03-21,-0.0063422210717059
2018-03-22,0.004689331770222793
2018-03-23,0.000777907429015956
2018-03-26,-0.0011659541391372263
2018-03-27,0.0036316472114137355
2018-03-28,0.0
2018-03-29,0.0019384853967432392
2018-04-02,0.0010318586353670334
2018-04-03,-0.0034789331271742885
2018-04-04,-0.0001292991983449232
2018-04-05,-0.0021983706194232955
2018-04-06,0.0037584240539139113
2018-04-09,-0.000903808908973569
2018-04-10,-0.0011630912380460323
2018-04-11,0.0006469142191745103
2018-04-12,-0.003103180760279267
2018-04-13,0.00012970168612191912
2018-04-16,-0.00012968486577613625
2018-04-17,0.0007782101167315147
2018-04-18,-0.003499222395023316
2018-04-19,-0.0026011184809467958
2018-04-20,-0.0023471117485982518
2018-04-23,-0.0018298261665141702
2018-04-24,0.0
2018-04-25,-0.0020950635066125933
2018-04-26,0.0019682456370555546
2018-04-27,0.0015715034049239573
2018-04-30,0.0010460251046024993
2018-05-01,-0.002089864158829724
2018-05-02,0.0011780104712042494
2018-05-03,0.0014380964832003684
2018-05-04,0.00013054830287195784
2018-05-07,-0.00013053126223727674
2018-05-08,-0.0014360313315926465
2018-05-09,-0.0020917767028370005
2018-05-10,0.0010480807022139604
2018-05-11,0.00013087292239233328
2018-05-14,-0.001308557969117996
2018-05-15,-0.005372117400419318
2018-05-16,-0.0005269397971281453
2018-05-17,-0.00026360880453402125
2018-05-18,0.0027686222808174232
2018-05-21,0.0
2018-05-22,0.0002629503023927615
2018-05-23,0.00433753943217674
2018-05-24,0.000916110456746555
2018-05-25,0.0030073221757322965
2018-05-29,0.011471776821796453
2018-05-30,-0.005155303518494692
2018-05-31,0.0010364036792329667
2018-06-01,-0.004658987964281103
2018-06-04,-0.0028604862826681066
2018-06-05,0.0016951362628765398
2018-06-06,-0.003384535277271561
2018-06-07,0.0024817136886101654
2018-06-08,0.0
2018-06-11,-0.0013029315960911836
2018-06-12,-0.0002609262883235264
2018-06-13,-0.0018269607203444949
2018-06-14,0.001961040658909674
2018-06-15,0.0011743215031314591
2018-06-18,0.00013032712107396982
2018-06-19,0.001954652071931129
2018-06-20,-0.0014306151645206988
2018-06-21,-0.0009116957541026594
2018-06-22,-0.00026072220049533357
2018-06-25,0.0016951362628765398
2018-06-26,-0.00026034886748238506
2018-06-27,0.0032552083333332593
2018-06-28,-0.001687216093445798
2018-06-29,0.0
2018-07-02,-0.000910036401456038
2018-07-03,0.0019518542615484247
2018-07-05,-0.0005194805194804752
2018-07-06,0.0007796257796257589
2018-07-09,-0.0018177096857958652
2018-07-10,-0.0009105098855358706
2018-07-11,0.0019528707199583106
2018-07-12,-0.0007796257796257589
2018-07-13,0.0016905071521455817
2018-07-16,-0.001557834609892228
2018-07-17,-0.0003900663112729186
2018-07-18,-0.0005202913631633388
2018-07-19,0.0019521082769391462
2018-07-20,-0.002597739966229362
2018-07-23,-0.004167209272040617
2018-07-24,0.0006538511834706107
2018-07-25,0.000784108729743771
2018-07-26,-0.002611647949856355
2018-07-27,0.0007855459544383603
2018-07-30,-0.0005232862375719183
2018-07-31,0.0003926701570680091
2018-08-01,-0.0020934188146015664
2018-08-02,0.001311131506490204
2018-08-03,0.002356946444939112
2018-08-06,0.0010450685826257633
2018-08-07,-0.002218452303275442
2018-08-08,0.00026157467957110825
2018-08-09,0.0018305439330543738
2018-08-10,0.005481597494126911
2018-08-13,-0.0010384215991692258
2018-08-14,-0.0011694386694386383
2018-08-15,0.002731885000650358
2018-08-16,-0.0014270887389724596
2018-08-17,-0.00012992074834350387
2018-08-20,0.0031185031185030354
2018-08-21,-0.0014248704663212264
2018-08-22,0.0014269036191465467
2018-08-23,-0.0002590673575129099
2018-08-24,-0.000647836227001819
2018-08-27,-0.001426163619862586
2018-08-28,-0.002077382498052449
2018-08-29,0.0
2018-08-30,0.001431173562321142
2018-08-31,0.001039365986748031
2018-09-04,-0.0027255029201816994
2018-09-05,0.00026028110359188616
2018-09-06,0.0016913869372885415
2018-09-07,-0.004156383945966957
2018-09-10,0.0001304291117778522
2018-09-11,-0.002608242044861764
2018-09-12,0.0009152719665272979
2018-09-13,-0.0001306335728281649
2018-09-14,-0.00195975960282202
2018-09-17,-0.0003927215604137002
2018-09-18,-0.002750130958617092
2018-09-19,-0.0010505581089954585
2018-09-20,-0.002234783751807523
2018-09-21,0.0006587615283266679
2018-09-24,-0.00039499670836073975
2018-09-25,-0.0014488935721812535
2018-09-26,0.002374356944994105
2018-09-27,0.0001315962626662337
2018-09-28,0.000263157894736743
2018-10-01,-0.0009208103130755596
2018-10-02,0.0011849901250822192
2018-10-03,-0.005786428195686533
2018-10-04,-0.0022486772486772777
2018-10-05,-0.0015908789606257079
2018-10-08,0.00026556898154295183
2018-10-09,0.0009292446568431867
2018-10-10,-0.0005305039787798504
2018-10-11,0.005440552016985123
2018-10-12,-0.00039593506664903355
2018-10-15,-0.0015843675732769569
2018-10-16,0.0005289605924359009
2018-10-17,-0.0014538725878932013
2018-10-18,0.0007941760423559874
2018-10-19,-0.0015870916545430713
2018-10-22,0.0003974036296197081
2018-10-23,0.0022510593220339548
2018-10-24,0.003038710529792654
2018-10-25,-0.0007903055848261786
2018-10-26,0.004218296862641635
2018-10-29,-0.0006563402467839596
2018-10-30,-0.001444896886903968
2018-10-31,-0.0028939752696658383
2018-11-01,0.0011873350923483628
2018-11-02,-0.004480168665173312
2018-11-05,0.0007941760423559874
2018-11-06,-0.001190318740907248
2018-11-07,-0.0001324152542372392
2018-11-08,-0.0017216262746656552
2018-11-09,0.002918546033430669
2018-11-12,0.0022486772486771667
2018-11-13,0.0010558268443974228
2018-11-14,0.0019775873434411118
2018-11-15,0.000526315789473708
2018-11-16,0.0028932140978432663
2018-11-19,0.001180173092053538
2018-11-20,0.00039292730844797674
2018-11-21,-0.00091647028017805
2018-11-23,0.00039313327217915806
2018-11-26,-0.0011789363374378192
2018-11-27,0.0009180327868851812
2018-11-28,0.001179245283018826
2018-11-29,0.00026174584478466656
2018-11-30,0.0010467094073007832
2018-12-03,0.0011763168213305697
2018-12-04,0.0033942558746735685
2018-12-06,0.0029924538121259836
2018-12-07,0.0025943702166300042
2018-12-10,-0.0006469142191745103
2018-12-11,-0.0019419989642671664
2018-12-12,-0.0014269036191464357
2018-12-13,0.0
2018-12-14,0.0014289425824889346
2018-12-17,0.0022052146841353704
2018-12-18,0.0019414962464405772
2018-12-19,-0.0002583645523833722
2018-12-20,0.0011629409484430475
2018-12-21,-0.00025813113061434745
2018-12-24,0.0030983733539891034
2018-12-26,-0.003088803088803105
2018-12-27,0.004131164471985471
2018-12-28,0.0007714065312418583
2018-12-31,0.003211716341212645
2019-01-02,0.001408631066717847
2019-01-03,0.007928388746803128
2019-01-04,-0.006977924384673928
2019-01-07,-0.002044205953749878
2019-01-08,-0.0024324670336705045
2019-01-09,-0.0002566735112936591
2019-01-10,0.0
2019-01-11,0.0019255455712452463
2019-01-14,-0.0003843689942344408
2019-01-15,0.0
2019-01-16,-0.0015380671622661213
2019-01-17,-0.001668806161745806
2019-01-18,-0.0028288543140028155
2019-01-22,0.0033526756931012702
2019-01-23,-0.0015422182238786775
2019-01-24,0.002960483974771444
2019-01-25,-0.0028234086242300283
2019-01-28,0.0007722007722008595
2019-01-29,0.0023148148148148806
2019-01-30,0.0017962535283551073
2019-01-31,0.0038422131147541894
2019-02-01,-0.00433784128604231
2019-02-04,-0.0017939518195797532
2019-02-05,0.0012836970474967568
2019-02-06,0.00012820512820521657
2019-02-07,0.003204717343930241
2019-02-08,0.0007666751852797304
2019-02-11,-0.002042900919305368
2019-02-12,-0.00140736949846465
2019-02-13,-0.0016655989750160582
2019-02-14,0.003465092402464176
2019-02-15,-0.0010231487402481143
2019-02-19,0.0014082703879145786
2019-02-20,-0.0005113781641523651
2019-02-21,-0.0020465592223074536
2019-02-22,0.0019225839528325128
2019-02-25,-0.000895484201100194
2019-02-26,0.002432778489116494
2019-02-27,-0.0033209860774044975
2019-02-28,-0.0014097142124823714
2019-03-01,-0.002566735112936369
2019-03-04,0.0019300051466804025
2019-03-05,0.00012841916013872634
2019-03-06,0.0020544427324087344
2019-03-07,0.003972321886212216
2019-03-08,0.0007657945118060283
2019-03-11,-0.0008927432725417406
2019-03-12,0.001659433239724173
2019-03-13,-0.000127437237160688
2019-03-14,-0.001147081315319931
2019-03-15,0.0020415975500829298
2019-03-18,-0.0008913790907932873
2019-03-19,-0.000764720876879954
2019-03-20,0.001530612244897922
2019-03-21,0.00547631176770258
2019-03-22,0.005446485117162725
2019-03-25,0.002393550012597556
2019-03-26,0.0006283775292195148
2019-03-27,0.0022607385079125297
2019-03-28,-0.0015037593984962294
2019-03-29,-0.0022590361445783413
2019-04-01,-0.004905660377358512
2019-04-02,0.0012640626975097824
2019-04-03,-0.002146193662416307
2019-04-04,0.0003795546558704732
2019-04-05,0.0003794106487922111
2019-04-08,-0.0011378002528444897
2019-04-09,0.0015187950892292523
2019-04-10,0.001263743207380319
2019-04-11,-0.0018932222642937813
2019-04-12,-0.003793626707132014
2019-04-15,0.0005077430820004114
2019-04-16,-0.002664298401420906
2019-04-17,0.0002544205571810565
2019-04-18,0.0022892025944296623
2019-04-22,-0.0016495368608044902
2019-04-23,0.0015251652262329163
2019-04-24,0.003299492385786751
2019-04-25,-0.0011383759170250363
2019-04-26,0.002279346587311659
2019-04-29,-0.0018951358180669953
2019-04-30,0.0018987341772152
2019-05-01,-0.0007580543272267537
2019-05-02,-0.003287394107978292
2019-05-03,0.0013954078396549718
2019-05-06,0.0022802128198631255
2019-05-07,0.003159757330637003
2019-05-08,-0.002141867204233372
2019-05-09,0.0018939393939394478
2019-05-10,0.0
2019-05-13,0.0035286704473849184
2019-05-14,-0.0007534848675122552
2019-05-15,0.0027648611285659985
2019-05-16,-0.0020052638175209747
2019-05-17,0.0005023232450080961
2019-05-20,-0.0016317308899209682
2019-05-21,-0.0011315061604224574
2019-05-22,0.002391441157961083
2019-05-23,0.006152687091913522
2019-05-24,-0.002495944090852409
2019-05-28,0.004003503065181935
2019-05-29,0.0018691588785046953
2019-05-30,0.0004975124378110429
2019-05-31,0.005469915464942909
2019-06-03,0.004080118694361978
2019-06-04,-0.002339613348109837
2019-06-05,0.00037027894347074763
2019-06-06,-0.0002467612584824419
2019-06-07,0.002221399481673547
2019-06-10,-0.003570988794483476
2019-06-11,0.0
2019-06-12,0.0016065249629262368
2019-06-13,0.002837754472547749
2019-06-14,-0.0004921259842519676
2019-06-17,0.0002461841457410685
2019-06-18,0.0013536795471327245
2019-06-19,-0.0018434312400147368
2019-06-20,0.009111056390051608
2019-06-21,-0.0042703757930697694
2019-06-24,0.003308418086018783
2019-06-25,0.0014655593551538004
2019-06-26,-0.004146341463414638
2019-06-27,0.0026940974773450588
2019-06-28,0.0002442598925256334
2019-07-01,-0.00219780219780219
2019-07-02,0.0035487028879099825
2019-07-03,0.0008535544445800181
2019-07-05,-0.006091617933723148
2019-07-08,0.0002451581269919956
2019-07-09,-0.0015931372549019551
2019-07-10,0.0011047011169755816
2019-07-11,-0.0035556645414418497
2019-07-12,0.0009843730773964054
2019-07-15,0.0004917025199753233
2019-07-16,-0.001965843469713735
2019-07-17,0.003447002339037386
2019-07-18,0.0022083179977916423
2019-07-19,-0.0008568980291345785
2019-07-22,0.0004900759617740835
2019-07-23,-0.0018368846436443986
2019-07-24,0.001226843332106542
2019-07-25,-0.0018380100477882744
2019-07-26,-0.0004910385465258793
2019-07-29,0.0018422991893882745
2019-07-30,-0.0008581586367537586
2019-07-31,0.0006134969325153339
2019-08-01,0.009932556713672547
2019-08-02,0.001335599805730947
2019-08-05,0.0076391415060022005
2019-08-06,-0.0006016847172082285
2019-08-07,0.003010234798314304
2019-08-08,-0.0018007202881152873
2019-08-09,-0.0018039687312086938
2019-08-12,0.005301204819277094
2019-08-13,-0.004194630872483174
2019-08-14,0.005295462751233604
2019-08-15,0.0033520890697953387
2019-08-16,-0.00023863500775567204
2019-08-19,-0.003699725504236806
2019-08-20,0.002275994250119817
2019-08-21,-0.0015537229592446078
2019-08-22,-0.0017955470433325127
2019-08-23,0.005036575128912313
2019-08-26,-0.0013124925426559741
2019-08-27,0.0027479091995221694
2019-08-28,0.0016680567139282232
2019-08-29,-0.003092660877839881
2019-08-30,0.0007159050232670161
2019-09-03,0.003100035769643572
2019-09-04,0.0011886366337809928
2019-09-05,-0.007242075270093795
2019-09-06,0.0005979430758191739
2019-09-09,-0.003705031672044945
2019-09-10,-0.00527831094049902
2019-09-11,-0.0016883743367100967
2019-09-12,-0.003503261657405221
2019-09-13,-0.006303794399321161
2019-09-16,0.003537879712089742
2019-09-17,0.0014587892049597873
2019-09-18,0.0007283321194464509
2019-09-19,0.000849102377486588
2019-09-20,0.005938674100109065
2019-09-23,0.003012048192771122
2019-09-24,0.004924924924925023
2019-09-25,-0.005857040401625602
2019-09-26,0.002524948899843782
2019-09-27,0.0008395298632766224
2019-09-30,-0.0005991611743558778
2019-10-01,0.0026378896882492953
2019-10-02,0.0037072470700789673
2019-10-03,0.004646729417371542
2019-10-04,0.0011859582542694813
2019-10-07,-0.0029613835583984782
2019-10-08,0.0014256861114412267
2019-10-09,-0.0032032269545616554
2019-10-10,-0.0044037134015710855
2019-10-11,-0.006335923490735196
2019-10-14,0.0026467757459094354
2019-10-15,-0.003479721622270171
2019-10-16,0.0016857314870559748
2019-10-17,-0.0006010337780982811
2019-10-18,0.0009622323791196319
2019-10-21,-0.003124248978610966
2019-10-22,0.0014464802314368974
2019-10-23,0.00036109773712089677
2019-10-24,-0.0001203224642040146
2019-10-25,-0.002406738868832692
2019-10-28,-0.0028950542822677727
2019-10-29,0.0008468424872973834
2019-10-30,0.001692251903783415
2019-10-31,0.006274888379389498
2019-11-01,-0.002158532198105245
2019-11-04,-0.003364980170652565
2019-11-05,-0.005064512239237873
2019-11-06,0.0031511331959761524
2019-11-07,-0.007249003262051468
2019-11-08,0.0
2019-11-11,0.0
2019-11-12,0.0010952902519167917
2019-11-13,0.0027960126428396848
2019-11-14,0.0035155776457751475
2019-11-15,-0.0015704276395264172
2019-11-18,0.0014519056261343977
2019-11-19,0.0008457170472393472
2019-11-20,0.002776436504104307
2019-11-21,-0.0024076080414108247
2019-11-22,-0.00024134186074575847
2019-11-25,0.00048280024140012756
2019-11-26,0.0013270599589818577
2019-11-27,-0.002409638554216831
2019-11-29,-0.0006038647342995196
2019-12-02,-0.0031419939577039813
2019-12-03,0.008364650260637596
2019-12-04,-0.004327963452753103
2019-12-05,-0.0007244626901714568
2019-12-06,-0.003141614306428231
2019-12-09,0.0007272727272726875
2019-12-10,-0.0004844961240310086
2019-12-11,0.0027872031022782018
2019-12-12,-0.006646525679758319
2019-12-13,0.005109489051094984
2019-12-16,-0.004357298474945481
2019-12-17,0.0003646973012398913
2019-12-18,-0.001944343176570662
2019-12-19,0.001826372823572342
2019-12-20,-0.002430724355858005
2019-12-23,-0.001218323586744674
2019-12-24,0.0017077335935593574
2019-12-26,0.00048709206039943
2019-12-27,0.002190847127556017
2019-12-30,-0.0009715812484819564
2019-12-31,-0.0008509603695598944
2020-01-02,0.001581700936853725
2020-01-03,0.005952380952380931
2020-01-06,-0.0010868252626494712
2020-01-07,-0.0007253384912959682
2020-01-08,-0.003024437454633433
2020-01-09,0.0009707559762164308
2020-01-10,0.0014547217844587124
2020-01-13,-0.0012105072025178076
2020-01-14,0.0016967640286025265
2020-01-15,0.0015728977616455975
2020-01-16,-0.001449625513408992
2020-01-17,-0.0008468424872973834
2020-01-21,0.0041167211526820235
2020-01-22,-0.00024116724948752832
2020-01-23,0.0018091906886985587
2020-01-24,0.0038526366482061203
2020-01-27,0.004677380666826547
2020-01-28,-0.0021487405992598463
2020-01-29,0.0031104199066873672
2020-01-30,0.002265951103160413
2020-01-31,0.002617801047120505
2020-02-03,-0.0005934013766911717
2020-02-04,-0.005225032656454132
2020-02-05,-0.002626238510206491
2020-02-06,0.00011968880909640767
2020-02-07,0.003949258018190571
2020-02-10,0.0021456669448087773
2020-02-11,-0.002735815391935237
2020-02-12,-0.0023854961832061594
2020-02-13,0.0005978000956479157
2020-02-14,0.0016728402437566903
2020-02-18,0.001670046522724622
2020-02-19,-0.0009527212099559312
2020-02-20,0.002741685540588845
2020-02-21,0.003209700427960094
2020-02-24,0.006043370067543519
2020-02-25,0.0035335689045936647
2020-02-26,0.001525821596244148
2020-02-27,0.0008203445447088065
2020-02-28,0.01053864168618257
2020-03-02,0.0031286210892236266
2020-03-03,0.005429132493935507
2020-03-04,0.0018382352941177516
2020-03-05,0.0037844036697247674
2020-03-06,0.009368216611447489
2020-03-09,0.009054895302773147
2020-03-10,-0.012563095905776756
2020-03-11,-0.0029535385663977953
2020-03-12,-0.001822946337017184
2020-03-13,-0.00798995548453374
2020-03-16,0.01668392590035661
2020-03-17,-0.014486192847442236
2020-03-18,-0.01240238860817644
2020-03-19,0.006976744186046435
2020-03-20,0.00877598152424941
2020-03-23,0.012477106227106294
2020-03-24,-0.0054267947993216215
2020-03-25,-0.0007957258156189306
2020-03-26,0.0028441410693971214
2020-03-27,0.0038570618264321954
2020-03-30,0.004068256300146844
2020-03-31,-0.0010129431626336727
2020-04-01,0.00214060387561954
2020-04-02,-0.0006745362563237434
2020-04-03,0.001799977500281269
2020-04-06,-0.0052779337450870045
2020-04-07,-0.003612553623842829
2020-04-08,-0.0004532064355313725
2020-04-09,0.0029471775107685616
2020-04-13,-0.0012432188065099048
2020-04-14,0.001018445173701421
2020-04-15,0.0067827266561157895
2020-04-16,0.0005614192679093133
2020-04-17,-0.0024688587139490847
2020-04-20,0.0015749803127460549
2020-04-21,0.0020217904077277637
2020-04-22,-0.002466091245376112
2020-04-23,-0.00022474435329811193
2020-04-24,0.0006743846240304663
2020-04-27,-0.0032573289902280145
2020-04-28,0.0025918413342347346
2020-04-29,-0.00033719231201523314
2020-04-30,0.0006746120980436476
2020-05-01,-0.001348314606741563
2020-05-04,0.0006750675067506151
2020-05-05,-0.0007870474477175149
2020-05-06,-0.002250478226623165
2020-05-07,0.005413330325927612
2020-05-08,-0.0024677509814918785
2020-05-11,-0.0023614078488698453
2020-05-12,0.00236699729486034
2020-05-13,0.0019116158776566472
2020-05-14,0.0014590347923681968
2020-05-15,-0.0006724195898240026
2020-05-18,-0.00527083099697212
2020-05-19,0.0019165727170236124
2020-05-20,0.0015753347586362487
2020-05-21,-0.00011234692731154627
2020-05-22,0.000674157303370837
2020-05-26,-0.0014596900965641035
2020-05-27,0.001236927920836628
2020-05-28,-0.001235399820305516
2020-05-29,0.0030360958056898646
2020-06-01,-0.00033632286995510796
2020-06-02,-0.0010093080632499474
2020-06-03,-0.004490345756623215
2020-06-04,-0.002593594948128053
2020-06-05,-0.0047484454494064465
2020-06-08,0.001363171646029837
2020-06-09,0.0030629608621668414
2020-06-10,0.005202442886224734
2020-06-11,0.003937893789379032
2020-06-12,-0.0022413986327468605
2020-06-15,0.0
2020-06-16,-0.0022464337863641326
2020-06-17,0.0012383203872565751
2020-06-18,0.001686530245109008
2020-06-19,-0.000336738129980918
2020-06-22,-0.003256231753873795
2020-06-23,0.00033795201081443516
2020-06-24,0.0009009009009008917
2020-06-25,0.00022502250225020504
2020-06-26,0.0022497187851517886
2020-06-29,0.000785634118967371
2020-06-30,-0.001121453403611028
2020-07-01,-0.0015717974626697773
2020-07-02,0.0010120319352300289
2020-07-06,-0.0007863401482812726
2020-07-07,0.001573917931422253
2020-07-08,-0.00011224604332693566
2020-07-09,0.0022451728783117186
2020-07-10,-0.0020161290322581182
2020-07-13,0.0
2020-07-14,0.0014590347923681968
2020-07-15,-0.0005603496581867429
2020-07-16,0.00100919488674589
2020-07-17,-0.0008961577237593943
2020-07-20,0.0002242403856933528
2020-07-21,0.0008967604528640205
2020-07-22,0.0003359838727741149
2020-07-23,0.0004478280340349805
2020-07-24,-0.0003357206803938917
2020-07-27,-0.0007836113287809088
2020-07-28,0.0016804839793860271
2020-07-29,0.0003355329381500294
2020-07-30,0.001900715563506239
2020-07-31,0.00044637875237141245
2020-08-03,-0.0010039040713887282
2020-08-04,0.0027914247431888306
2020-08-05,-0.0017815388041421132
2020-08-06,0.000557724484104849
2020-08-07,-0.0014492753623188692
2020-08-10,-0.0005582226191804818
2020-08-11,-0.0044682752457551045
2020-08-12,-0.0004488330341113622
2020-08-13,-0.0015716210148181142
2020-08-14,0.0011243534967393387
2020-08-17,0.0014600179694519433
2020-08-18,0.00044858136144432237
2020-08-19,-0.00011209505660803032
2020-08-20,0.0013452914798206539
2020-08-21,0.0
2020-08-24,-0.0003358710255262354
2020-08-25,-0.001455930115354498
2020-08-26,0.0
2020-08-27,-0.0024674742036787656
2020-08-28,0.002023836294130943
2020-08-31,0.001122082585278239
2020-09-01,0.0012329074198609291
2020-09-02,0.000895555804321102
2020-09-03,0.0015658203780337665
2020-09-04,-0.005136795086543855
2020-09-08,0.0025816589965204084
2020-09-09,-0.0006717420510523597
2020-09-10,0.0008962581223392885
2020-09-11,0.001231251399149258
2020-09-14,-0.00022358859698157207
2020-09-15,-0.0004472772000447822
2020-09-16,-0.00022373867322966756
2020-09-17,0.0
2020-09-18,-0.00022378874342621202
2020-09-21,0.0011191941801902416
2020-09-22,-0.0010061486864170188
2020-09-23,-0.0008952551477170445
2020-09-24,0.0005600358422939156
2020-09-25,0.000447777902160551
2020-09-28,-0.00011189437171310601
2020-09-29,0.0011190689346463056
2020-09-30,-0.0017885088307623143
2020-10-01,0.00011198208286677946
2020-10-02,-0.0007837868099876966
2020-10-05,-0.0036978933213805965
2020-10-06,0.0008997863007536022
2020-10-07,-0.0023598157096302863
2020-10-08,0.0014642937598559058
2020-10-09,-0.0006748397255651462
2020-10-12,0.0005627462014632378
2020-10-13,0.002137232845894177
2020-10-14,0.00011224604332693566
2020-10-15,-0.0006734006734007147
2020-10-16,-0.0004492362982928544
2020-10-19,-0.0010112359550561445
2020-10-20,-0.0015746260263187484
2020-10-21,-0.0009012053621718641
2020-10-22,-0.0018040365317397722
2020-10-23,0.00022591212018530094
2020-10-26,0.0020327498588368353
2020-10-27,0.0014651189000338682
2020-10-28,-0.0003376097231599928
2020-10-29,-0.002814364516492196
2020-10-30,-0.0013547076089410748
2020-11-02,0.000565227221343001
2020-11-03,-0.0014687605920234992
2020-11-04,0.006449422946367855
2020-11-05,-0.0007869589657111264
2020-11-06,-0.002362736273627375
2020-11-09,-0.006992218337656508
2020-11-10,-0.0010221465076660774
2020-11-11,0.001250568440199995
2020-11-12,0.0039741115022140505
2020-11-13,-0.00033928975344943435
2020-11-16,-0.0005656748500961761
2020-11-17,0.0019243830654289695
2020-11-18,-0.000790871088012679
2020-11-19,0.0012437810945273853
2020-11-20,0.0010163749294183066
2020-11-23,-0.0013537906137184308
2020-11-24,-0.0004518752824220762
2020-11-25,0.00011301989150092062
2020-11-27,0.002034128150073533
2020-11-30,-0.0001127777151235243
2020-12-01,-0.00496277915632759
2020-12-02,0.0
2020-12-03,0.0017002947177511274
2020-12-04,-0.001923729772547289
2020-12-07,0.0023809523809523725
2020-12-08,0.0005655468838365874
2020-12-09,-0.0012434998869546021
2020-12-10,0.0019241652518393604
2020-12-11,0.0013556258472662286
2020-12-14,0.0
2020-12-15,-0.0014666064981949667
2020-12-16,0.00022596316800371774
2020-12-17,-0.00022591212018530094
2020-12-18,-0.0006778895040108202
2020-12-21,0.0014697569248163234
2020-12-22,-0.0030480921201173627
2020-12-23,-0.0015853244253198895
2020-12-24,0.0007939208347509386
2020-12-28,0.00033998186763373184
2020-12-29,0.0
2020-12-30,0.00033986631924776134
2020-12-31,0.0007927519818800022
2021-01-04,0.00033948172456721437
2021-01-05,-0.002036199095022617
2021-01-06,-0.004647472228519578
2021-01-07,-0.0018221159321262226
2021-01-08,-0.0021677124928694003
2021-01-11,-0.0017150697461696396
2021-01-12,-0.00022906883518492016
2021-01-13,0.0027494558368656996
2021-01-14,-0.0014852050725465693
2021-01-15,0.0021739130434783593
2021-01-19,0.0005708414202534318
2021-01-20,0.0002282062984937383
2021-01-21,-0.0005703855806524771
2021-01-22,0.0010272799908686014
2021-01-25,0.0025085518814138563
2021-01-26,0.0
2021-01-27,0.0011373976342128334
2021-01-28,-0.002044989775051076
2021-01-29,-0.0015938069216757667
2021-02-01,0.0011402508551880963
2021-02-02,-0.0018223234624146212
2021-02-03,-0.0010269283432222664
2021-02-04,0.0
2021-02-05,-0.0007995431182181711
2021-02-08,0.0
2021-02-09,0.00022862368541387568
2021-02-10,0.0014857142857143124
2021-02-11,-0.000456464681045321
2021-02-12,-0.002283365681013838
2021-02-16,-0.005607048861425823
2021-02-17,-0.00023014959723821615
2021-02-18,0.0008057090239410591
2021-02-19,-0.002990224266820052
2021-02-22,-0.0009228284692582855
2021-02-23,0.0006927606511950568
2021-02-24,-0.0019614630206530315
2021-02-25,-0.010982658959537539
2021-02-26,0.0009351256575103051
2021-03-01,0.0036202265561136038
2021-03-02,0.0026762857807773877
2021-03-03,-0.003713589416270202
2021-03-04,-0.004775771694816577
2021-03-05,-0.000351123595505598
2021-03-08,-0.0035124692658938805
2021-03-09,0.003172365174480163
2021-03-10,0.0016397282736004826
2021-03-11,0.0007015902712814714
2021-03-12,-0.006076186024772112
2021-03-15,0.0012932047966141003
2021-03-16,0.0
2021-03-17,0.0011741223435481896
2021-03-18,-0.005981001524569041
2021-03-19,-0.0005899008966493424
2021-03-22,0.002951245425569571
2021-03-23,-0.006238229755178959
2021-03-24,0.0013028544356270544
2021-03-25,0.0003548616039743546
2021-03-26,-0.0028378857750975817
2021-03-29,-0.00308312581524961
2021-03-30,-0.0013084334483168814
2021-03-31,-0.0019056693663649371
2021-04-01,0.003699284009546444
2021-04-05,-0.0023778385447628114
2021-04-06,0.004409486354427283
2021-04-07,0.0010678690080683229
2021-04-08,0.0013037809647979959
2021-04-09,-0.0020123106060605522
2021-04-12,-0.0008302692444549509
2021-04-13,0.0034425451092117143
2021-04-14,-0.0011830119484206314
2021-04-15,0.0055667416794977775
2021-04-16,-0.0021201413427561766
2021-04-19,-0.0010623229461755868
2021-04-20,0.002481389578163684
2021-04-21,-0.00023573785950026238
2021-04-22,0.00011789672247108918
2021-04-23,-0.0008251797713073605
2021-04-26,-0.00047192071731949614
2021-04-27,-0.002596789423984891
2021-04-28,0.0004733727810650734
2021-04-29,-0.0008280104092737162
2021-04-30,0.0003551556765715169
2021-05-03,0.0022485207100590987
2021-05-04,0.000708466170740385
2021-05-05,0.0009439528023598154
2021-05-06,0.0009430625957798089
2021-05-07,0.0005888587916618171
2021-05-10,-0.0010593220338983578
2021-05-11,-0.0011782726522917564
2021-05-12,-0.004010852896071726
2021-05-13,0.0020135023096055082
2021-05-14,0.0016548463356973464
2021-05-17,-0.0004720320981826953
2021-05-18,0.0003541912632820665
2021-05-19,-0.0027145048979110298
2021-05-20,0.0034319526627220043
2021-05-21,-0.0003538153084090556
2021-05-24,0.0014157621519583774
2021-05-25,0.0025918944392082643
2021-05-26,-0.0004700352526439966
2021-05-27,-0.0016458970138725215
2021-05-28,0.0012953367875647714
2021-06-01,-0.000940844407856023
2021-06-02,0.0009417304296646112
2021-06-03,-0.002469716570622116
2021-06-04,0.004480075453902277
2021-06-07,-0.0007042253521126751
2021-06-08,0.0024665257223397408
2021-06-09,0.002108963093145899
2021-06-10,0.0011691804045363963
2021-06-11,-0.0007006890108607333
2021-06-14,-0.002103540960617045
2021-06-15,0.00011710973181866535
2021-06-16,-0.005503512880562056
2021-06-17,0.0015306723183798887
2021-06-18,0.00188102515871158
2021-06-21,-0.0007040600797935115
2021-06-22,-0.005284170972287505
2021-06-23,-0.0012985479872505978
2021-06-24,-0.00011820330969269932
2021-06-25,-0.002364345667336565
2021-06-28,0.0030809337599242426
2021-06-29,0.0
2021-06-30,0.0017720023626697223
2021-07-01,-0.00176886792452835
2021-07-02,0.003071470761961015
2021-07-06,0.004122011541632276
2021-07-07,0.0024630541871921707
2021-07-08,0.002574002574002643
2021-07-09,-0.003500991947718468
2021-07-12,-0.00011710973181866535
2021-07-13,-0.003162333099086423
2021-07-14,0.0035248501938667243
2021-07-15,0.0025758107949889197
2021-07-16,-0.00011678150181015923
2021-07-19,0.006774118196682943
2021-07-20,-0.00011600928074251282
2021-07-21,-0.004176818656456693
2021-07-22,0.0010485844110450504
2021-07-23,-0.0008147113594041411
2021-07-26,0.0004659289458357474
2021-07-27,0.0019792758179066894
2021-07-28,-0.0015105740181269312
2021-07-29,-0.000349121377865691
2021-07-30,0.0017462165308497202
2021-08-02,0.004067402672864651
2021-08-03,0.0
2021-08-04,-0.0012731481481481621
2021-08-05,-0.0024336539575848803
2021-08-06,-0.0037174721189591198
2021-08-09,-0.0016324626865671377
2021-08-10,-0.0017519271198318531
2021-08-11,0.00023400023400022008
2021-08-12,-0.0009357819628026398
2021-08-13,0.0037466338836202873
2021-08-16,0.0027994867607605833
2021-08-17,-0.0004652785855531194
2021-08-18,-0.0009309903409752129
2021-08-19,0.0013977868375072422
2021-08-20,-0.0015121554030476103
2021-08-23,0.0006989748369059523
2021-08-24,-0.0017462165308498312
2021-08-25,-0.002682215743440186
2021-08-26,-0.0002338634237605275
2021-08-27,0.0022222222222221255
2021-08-30,0.001750495973859234
2021-08-31,-0.0005824790307549232
2021-09-01,0.0
2021-09-02,0.0005828185103158301
2021-09-03,-0.0009319664492077884
2021-09-07,-0.002798507462686617
2021-09-08,0.0017539756782039007
2021-09-09,0.0017509046340609125
2021-09-10,-0.002446982055464897
2021-09-13,0.0011680878402056116
2021-09-14,0.0021001050052502634
2021-09-15,-0.0015135638607520763
2021-09-16,-0.0022154850746268773
2021-09-17,-0.0022204043473179613
2021-09-20,0.003279456547200743
2021-09-21,0.00011674060238142658
2021-09-22,-0.006536710633827436
2021-09-23,-0.0045823052520267415
2021-09-24,-0.002714825306893265
2021-09-27,-0.001657000828500399
2021-09-28,-0.0024896265560165887
2021-09-29,0.0
2021-09-30,0.001069645828381205
2021-10-01,0.004274011634809449
2021-10-04,-0.0007093037002009472
2021-10-05,-0.0026026262865255223
2021-10-06,-0.0001186098920650247
2021-10-07,-0.002491103202846956
2021-10-08,-0.001902723272684037
2021-10-11,-0.0022637912546169536
2021-10-12,0.0022689276331502306
2021-10-13,0.0005957345406886194
2021-10-14,0.00214336746844479
2021-10-15,-0.004039923954372582
2021-10-18,-0.0015509424958244367
2021-10-19,-0.0015533516549169901
2021-10-20,0.0005983724269986723
2021-10-21,-0.003468484631025004
2021-10-22,0.001200192030724967
2021-10-25,0.0016782546152001032
2021-10-26,0.0003590234561992034
2021-10-27,0.004306735255413363
2021-10-28,-0.0032162001191184952
2021-10-29,-0.00035850860420649777
2021-11-01,-0.0003586371787208664
2021-11-02,0.0023917723032766958
2021-11-03,-0.0015509424958244367
2021-11-04,0.004182100609391837
2021-11-05,0.003926701570680535
2021-11-08,-0.004029868436648099
2021-11-09,0.004165179102701311
2021-11-10,-0.008414316188670279
2021-11-11,-0.0031074459184893266
2021-11-12,0.0015585661191703792
2021-11-15,-0.0017955470433325127
2021-11-16,-0.0009593476436023929
2021-11-17,0.002160604969391411
2021-11-18,0.000958198586657133
2021-11-19,0.0022735431374896198
2021-11-22,-0.006685768863419317
2021-11-23,-0.0016826923076923572
2021-11-24,0.0003611846857694001
2021-11-25,0.00036105427849308924
2021-11-26,0.00998556304138587
2021-11-29,-0.0009529481834424924
2021-11-30,0.0038154286395613024
2021-12-01,0.000712673714217793
2021-12-02,-0.0024925816023738667
2021-12-03,0.006187529747739173
2021-12-06,-0.00591296121097451
2021-12-07,-0.0023792529145848507
2021-12-08,-0.0008347245409014992
2021-12-09,0.0011934598400764607
2021-12-10,0.00011920371915596917
2021-12-13,0.0032181168057210385
2021-12-14,-0.0016633004633479498
2021-12-15,-0.001071046054980318
2021-12-16,0.004646175839885691
2021-12-17,0.0004743270484999229
2021-12-20,0.0
2021-12-21,-0.0046224961479198745
2021-12-22,-0.00369135508454399
2021-12-23,-0.0014342058085334841
2021-12-27,0.00011968880909640767
2021-12-28,0.0003590234561992034
2021-12-29,-0.0029907883718147676
2021-12-30,0.0014398848092151972
2021-12-31,0.00047927150730897594
2022-01-03,-0.007904191616766476
2022-01-04,-0.0012071463061322785
2022-01-05,-0.0033840947546531774
2022-01-06,-0.002425418384671363
2022-01-07,-0.0018234865061999006
2022-01-10,-0.0012178784557300704
2022-01-11,0.0019509815876113112
2022-01-12,0.0014603870025555743
2022-01-13,0.001093693036821053
2022-01-14,-0.00412721534353
2022-01-18,-0.006338371526084852
2022-01-19,0.0023307163886163718
2022-01-20,0.00024476808224216384
2022-01-21,0.004771809617031719
2022-01-24,0.0015830491962980364
2022-01-25,-0.003039513677811523
2022-01-26,-0.004756097560975614
2022-01-27,0.0011028060286728536
2022-01-28,0.0023255813953488857
2022-01-31,0.00012211503236048138
2022-02-01,-0.00073260073260073
2022-02-02,0.0019550342130987275
2022-02-03,-0.003780487804878052
2022-02-04,-0.006855184233076295
2022-02-07,0.0011093307038088085
2022-02-08,-0.0025855700566362882
2022-02-09,0.001357857054684608
2022-02-10,-0.0075197238658777366
2022-02-11,0.004719910570115449
2022-02-14,-0.0032142415626158494
2022-02-15,-0.0019843730621357247
2022-02-16,0.0006213495712688033
2022-02-17,0.004843517138599207
2022-02-18,0.0019775058707205417
2022-02-22,-0.0016035524855063654
2022-02-23,-0.001482579688658281
2022-02-24,0.0014847809948033142
2022-02-25,-0.0017296763034346796
2022-02-28,0.009529702970296983
2022-03-01,0.009930121368149969
2022-03-02,-0.010924981791696986
2022-03-03,0.0019636720667648433
2022-03-04,0.007594316511513988
2022-03-07,-0.0035254072453196894
2022-03-08,-0.007075759424179595
2022-03-09,-0.004546013023712936
2022-03-10,-0.003949642063687975
2022-03-11,-0.0006195786864932051
2022-03-14,-0.008431494110353377
2022-03-15,-0.001125422033262491
2022-03-16,-0.0028793189784677153
2022-03-17,0.0005021971123666535
2022-03-18,0.002384238925837723
2022-03-21,-0.011016524787180737
2022-03-22,-0.004177215189873462
2022-03-23,0.0017795856107791774
2022-03-24,-0.0017764243116356049
2022-03-25,-0.011185966696326433
2022-03-28,0.0012855122766421978
2022-03-29,0.0051354474258569205
2022-03-30,0.0024268744411801713
2022-03-31,0.0020387359836901986
2022-04-01,-0.005213631739572788
2022-04-04,-0.001150453790106143
2022-04-05,-0.009598157153826503
2022-04-06,-0.0019382349140716348
2022-04-07,-0.0011651993785602999
2022-04-08,-0.0034996759559300372
2022-04-11,-0.003121748178980255
2022-04-12,0.006263048016701411
2022-04-13,0.0024636929460581936
2022-04-14,-0.007114215496054843
2022-04-18,-0.0024752475247524774
2022-04-19,-0.00444038135039837
2022-04-20,0.0032795487340941953
2022-04-21,-0.006276150627615107
2022-04-22,0.0015789473684211242
2022-04-25,0.005648975302154469
2022-04-26,0.0036577400391901715
2022-04-27,-0.002082519849017306
2022-04-28,-0.0036520151297769754
2022-04-29,-0.0017017934284592195
2022-05-02,-0.006818777865198022
2022-05-03,0.0014523369421706178
2022-05-04,0.00540540540540535
2022-05-05,-0.009179124049304987
2022-05-06,-0.002249867654843807
2022-05-09,0.003316089667064537
2022-05-10,0.005023796932839719
2022-05-11,0.00407787424362005
2022-05-12,0.0061574741255077114
2022-05-13,-0.0069010416666667185
2022-05-16,0.004195620820768298
2022-05-17,-0.006789398093745902
2022-05-18,0.004863941106875158
2022-05-19,0.002223966509680819
2022-05-20,0.00352434408040736
2022-05-23,-0.004552549427679464
2022-05-24,0.006664053312426477
2022-05-25,0.0018172377985461452
2022-05-26,0.0
2022-05-27,-0.0009069707178025466
2022-05-31,-0.005317079496822696
2022-06-01,-0.0066492829204694015
2022-06-02,0.001968762304764393
2022-06-03,-0.0019648938957296247
2022-06-06,-0.004987531172069848
2022-06-07,0.004221079013322804
2022-06-08,-0.002889793773807936
2022-06-09,-0.001580819391384547
2022-06-10,-0.009367990500065981
2022-06-13,-0.012919552477357432
2022-06-14,-0.007151531507219033
2022-06-15,0.006251698831204022
2022-06-16,0.005672609400324102
2022-06-17,0.002954606500134238
2022-06-20,-0.0014729512587038363
2022-06-21,-0.0014751240445218805
2022-06-22,0.0052377115229653715
2022-06-23,0.006012024048096087
2022-06-24,-0.0026560424966799445
2022-06-27,-0.004527296937416825
2022-06-28,-0.000936329588014928
2022-06-29,0.0069621100548935555
2022-06-30,0.008642467756947214
2022-07-01,0.006195623517005089
2022-07-05,0.005502423686623903
2022-07-06,-0.0072964169381107835
2022-07-07,-0.006562541015881385
2022-07-08,-0.005416831813978118
2022-07-11,0.006376195536663021
2022-07-12,0.002375923970432847
2022-07-13,0.0022386094284960745
2022-07-14,-0.0035474970437524567
2022-07-15,0.0011867088607595555
2022-07-18,-0.0014487027525352802
