Date,^GSPC
2012-03-30,
2012-04-02,0.007504645877610239
2012-04-03,-0.003988635996082901
2012-04-04,-0.010202524371008104
2012-04-05,-0.0006290422223540482
2012-04-09,-0.011358438273891824
2012-04-10,-0.017081454337735447
2012-04-11,0.007448895819775148
2012-04-12,0.013779387810288313
2012-04-13,-0.012475001040294531
2012-04-16,-0.000503600390907244
2012-04-17,0.015486673802446171
2012-04-18,-0.004055288780130728
2012-04-19,-0.005934396967956612
2012-04-20,0.0011692656800530443
2012-04-23,-0.008407570124922548
2012-04-24,0.003679773444691614
2012-04-25,0.013644592157896263
2012-04-26,0.006680165568110796
2012-04-27,0.002414323726029899
2012-04-30,-0.0038835019016946193
2012-05-01,0.005658384242170911
2012-05-02,-0.002496683664631072
2012-05-03,-0.0076588713308223255
2012-05-04,-0.016147208958519288
2012-05-07,0.00035058102206497743
2012-05-08,-0.004278673417828949
2012-05-09,-0.006702266480503982
2012-05-10,0.002517410777005402
2012-05-11,-0.0033873413051768164
2012-05-14,-0.01111286391927968
2012-05-15,-0.005745837446504476
2012-05-16,-0.004403818556987793
2012-05-17,-0.015051375861739213
2012-05-18,-0.007387777046316768
2012-05-21,0.016035901237667627
2012-05-22,0.0004863370186602989
2012-05-23,0.0016937032123527374
2012-05-24,0.001380031526917458
2012-05-25,-0.002165632329979128
2012-05-29,0.011078977592776207
2012-05-30,-0.014334892170861036
2012-05-31,-0.0022766655169013106
2012-06-01,-0.024642584749729912
2012-06-04,0.00010955419561042845
2012-06-05,0.005726850663809513
2012-06-06,0.023049400920118535
2012-06-07,-0.00010646449242102118
2012-06-08,0.008114163624478143
2012-06-11,-0.012620113782869202
2012-06-12,0.011650737147309576
2012-06-13,-0.007023250955987548
2012-06-14,0.010814652782245693
2012-06-15,0.010337815429059649
2012-06-18,0.0014447466011910937
2012-06-19,0.009815695418065262
2012-06-20,-0.0016863570122068738
2012-06-21,-0.022261677039013494
2012-06-22,0.007174604262178752
2012-06-25,-0.015954853497705423
2012-06-26,0.004772721486371312
2012-06-27,0.008984905521485453
2012-06-28,-0.002109799583246086
2012-06-29,0.02492023877666627
2012-07-02,0.0024593113157624913
2012-07-03,0.0062321108631679945
2012-07-05,-0.0046870230309741245
2012-07-06,-0.00943264946713962
2012-07-09,-0.0016388318166757898
2012-07-10,-0.008125926498228409
2012-07-11,-1.4923577632885987e-05
2012-07-12,-0.004987097282612596
2012-07-13,0.01649736234989274
2012-07-16,-0.002314313728559836
2012-07-17,0.007409672577889825
2012-07-18,0.006680490923747229
2012-07-19,0.002717099891568653
2012-07-20,-0.010061659913606968
2012-07-23,-0.00890905606969361
2012-07-24,-0.009040932945028057
2012-07-25,-0.000313861457302278
2012-07-26,0.016540974699349675
2012-07-27,0.01908056557933535
2012-07-30,-0.0004833595887074882
2012-07-31,-0.0043168283608459035
2012-08-01,-0.0028999798130677767
2012-08-02,-0.0075036694675360005
2012-08-03,0.01904028588598905
2012-08-06,0.0023292692665812798
2012-08-07,0.005106758007594747
2012-08-08,0.0006208264404641284
2012-08-09,0.0004136855394443195
2012-08-10,0.002188441817939202
2012-08-13,-0.0012519007957618733
2012-08-14,-0.00012814640056846294
2012-08-15,0.0011396405267545262
2012-08-16,0.007100510313353237
2012-08-17,0.0018721339981915275
2012-08-20,-2.1174829462955458e-05
2012-08-21,-0.003497536135912971
2012-08-22,0.0002264032488046297
2012-08-23,-0.008072242646582573
2012-08-24,0.006454730908207917
2012-08-27,-0.0004890148137838279
2012-08-28,-0.0008081822874276279
2012-08-29,0.0008443492265819419
2012-08-30,-0.00780580496271055
2012-08-31,0.0050732955705157234
2012-09-04,-0.0011659590635981765
2012-09-05,-0.0010676612969652277
2012-09-06,0.020435540463669577
2012-09-07,0.0040499740579702515
2012-09-10,-0.006147829935223559
2012-09-11,0.0031349558295050706
2012-09-12,0.002092692232889659
2012-09-13,0.01630974737217783
2012-09-14,0.003958951318527193
2012-09-17,-0.003124690820504483
2012-09-18,-0.0012797755200721905
2012-09-19,0.001185553958514829
2012-09-20,-0.0005407337436069692
2012-09-21,-7.531901909729743e-05
2012-09-24,-0.002232653981520283
2012-09-25,-0.0105018557847808
2012-09-26,-0.0057367349435899495
2012-09-27,0.009648981834660786
2012-09-28,-0.004477753072888002
2012-10-01,0.002651506710448004
2012-10-02,0.0008722869484341089
2012-10-03,0.0036244096381636837
2012-10-04,0.007174435557619541
2012-10-05,-0.00032158936312698394
2012-10-08,-0.0034567355331607263
2012-10-09,-0.00989094181235195
2012-10-10,-0.006188030354815854
2012-10-11,0.00019538952303133073
2012-10-12,-0.0029661372528556607
2012-10-15,0.008077922524027725
2012-10-16,0.010269933278491461
2012-10-17,0.004117058019306619
2012-10-18,-0.0024437290975140025
2012-10-19,-0.016571304555192734
2012-10-22,0.00043958226653084687
2012-10-23,-0.01444390628760639
2012-10-24,-0.0030853828766044256
2012-10-25,0.002995542646406335
2012-10-26,-0.0007289817322603254
2012-10-31,0.00015587969925845435
2012-11-01,0.010926475234507071
2012-11-02,-0.009379454163327194
2012-11-05,0.002163809008205897
2012-11-06,0.007853184882181896
2012-11-07,-0.023705000038029778
2012-11-08,-0.01220484261628385
2012-11-09,0.001698692425988746
2012-11-12,0.00013048788935265954
2012-11-13,-0.0039854205221913075
2012-11-14,-0.013852035718884714
2012-11-15,-0.0015935449138314572
2012-11-16,0.00483994963594836
2012-11-19,0.019862053761098286
2012-11-20,0.0006633863793055195
2012-11-21,0.002320181125065268
2012-11-23,0.013026314842639719
2012-11-26,-0.0020295818770267315
2012-11-27,-0.0052265872985560735
2012-11-28,0.007856028682432292
2012-11-29,0.004269642628790704
2012-11-30,0.00016250753698754394
2012-12-03,-0.004745224843287543
2012-12-04,-0.0017098123935156417
2012-12-05,0.0015848622233496368
2012-12-06,0.0033065906083264984
2012-12-07,0.0029209195962771606
2012-12-10,0.0003385605486661003
2012-12-11,0.0065488820784729285
2012-12-12,0.0004482397633895907
2012-12-13,-0.0063214251654488685
2012-12-14,-0.004135401260425775
2012-12-17,0.011870590853387819
2012-12-18,0.011486656421599406
2012-12-19,-0.007589201039747917
2012-12-20,0.00548810949285139
2012-12-21,-0.009378687628036508
2012-12-24,-0.002440296594621194
2012-12-26,-0.00478746019469678
2012-12-27,-0.001218442012279497
2012-12-28,-0.011049941573072375
2012-12-31,0.016941941334216226
2013-01-02,0.025403420320955883
2013-01-03,-0.0020856174946130013
2013-01-04,0.004865096315322948
2013-01-07,-0.0031231161538831653
2013-01-08,-0.003242371304872038
2013-01-09,0.002655865938542279
2013-01-10,0.007597415119266371
2013-01-11,-4.7513986152325494e-05
2013-01-14,-0.0009306715612543703
2013-01-15,0.0011286697641588184
2013-01-16,0.00019699191031485874
2013-01-17,0.005642922184040833
2013-01-18,0.0034032703971196288
2013-01-22,0.004428106846314561
2013-01-23,0.001507477027169024
2013-01-24,6.614683421224399e-06
2013-01-25,0.005445481690718124
2013-01-28,-0.0018496216125600817
2013-01-29,0.005105995170664235
2013-01-30,-0.0038996213232838084
2013-01-31,-0.0025633010773032927
2013-02-01,0.010052705569688847
2013-02-04,-0.011538744820964397
2013-02-05,0.010416510240551347
2013-02-06,0.0005491705981217621
2013-02-07,-0.0018053993582290984
2013-02-08,0.005657940611518475
2013-02-11,-0.000606117484177382
2013-02-12,0.001595272232703504
2013-02-13,0.000592263093356804
2013-02-14,0.0006906716689645265
2013-02-15,-0.0010450813177572682
2013-02-19,0.007336475471722448
2013-02-20,-0.012404137955230099
2013-02-21,-0.006303057332801343
2013-02-22,0.008772467921830174
2013-02-25,-0.018309580659152336
2013-02-26,0.006109463971145868
2013-02-27,0.012725994077109837
2013-02-28,-0.0008640799292052304
2013-03-01,0.002323855425648391
2013-03-04,0.00461072337316093
2013-03-05,0.00956601649469957
2013-03-06,0.001084512714484509
2013-03-07,0.0018164914425815581
2013-03-08,0.004481139122655131
2013-03-11,0.0032490857396794137
2013-03-12,-0.0024032529493148713
2013-03-13,0.00131405176760091
2013-03-14,0.005602990523162488
2013-03-15,-0.0016184626244926115
2013-03-18,-0.005510332450180511
2013-03-19,-0.0024225306518709244
2013-03-20,0.006697492376419811
2013-03-21,-0.008282433828555424
2013-03-22,0.007174256352702191
2013-03-25,-0.0033400389194234714
2013-03-26,0.0077851108025177584
2013-03-27,-0.0005883499068413123
2013-03-28,0.00405666949441863
2013-04-01,-0.0044735804606589324
2013-04-02,0.005172264111710456
2013-04-03,-0.010546128701639845
2013-04-04,0.004048451943253761
2013-04-05,-0.00429489561132812
2013-04-08,0.006302737952936344
2013-04-09,0.0035443321494683655
2013-04-10,0.01218913260513399
2013-04-11,0.0035522505198095633
2013-04-12,-0.002836767069231527
2013-04-15,-0.022966290584432447
2013-04-16,0.014307223290395576
2013-04-17,-0.014327681394279534
2013-04-18,-0.006701003439812281
2013-04-19,0.008847902373522176
2013-04-22,0.004661629963028435
2013-04-23,0.01041921875000007
2013-04-24,6.340190171760796e-06
2013-04-25,0.0040347322693841114
2013-04-26,-0.0018421130247733286
2013-04-29,0.007186011722218666
2013-04-30,0.002484899676771457
2013-05-01,-0.009307883608932754
2013-05-02,0.009407983261396247
2013-05-03,0.010534666895180678
2013-05-06,0.0019077786269059427
2013-05-07,0.005230269513137653
2013-05-08,0.004139081299929126
2013-05-09,-0.0036871039064235722
2013-05-10,0.004321655306021466
2013-05-13,4.2889368592202715e-05
2013-05-14,0.010142153479971716
2013-05-15,0.0051141362697153525
2013-05-16,-0.005009741163373271
2013-05-17,0.010300096519028301
2013-05-20,-0.000707617924973758
2013-05-21,0.001722386289245481
2013-05-22,-0.008273657594813577
2013-05-23,-0.002923832356719225
2013-05-24,-0.0005513654411685165
2013-05-28,0.006340981548631053
2013-05-29,-0.007047981897774669
2013-05-30,0.00367034439193481
2013-05-31,-0.014307241527974024
2013-06-03,0.005935988427895333
2013-06-04,-0.005510807488524838
2013-06-05,-0.013779732742503992
2013-06-06,0.008490293972530871
2013-06-07,0.012831541229424204
2013-06-10,-0.00034681344994402785
2013-06-11,-0.010153367167240024
2013-06-12,-0.008369555515669425
2013-06-13,0.014784291377196501
2013-06-14,-0.005885016114436148
2013-06-17,0.007567364431436019
2013-06-18,0.007791157767295331
2013-06-19,-0.013851474486292426
2013-06-20,-0.02501035094286319
2013-06-21,0.002669776576555538
2013-06-24,-0.012145015629135836
2013-06-25,0.009497272121224087
2013-06-26,0.009590486444071455
2013-06-27,0.0061998311850259835
2013-06-28,-0.004289562412875814
2013-07-01,0.005403747467634501
2013-07-02,-0.0005449081736377259
2013-07-03,0.0008240472350893313
2013-07-05,0.010201732142340214
2013-07-08,0.0052515464964768555
2013-07-09,0.007229670722828763
2013-07-10,0.00018159245054127915
2013-07-11,0.013554249906357896
2013-07-12,0.003086483632862347
2013-07-15,0.001374879432867404
2013-07-16,-0.003708760911961373
2013-07-17,0.0027740472164057284
2013-07-18,0.0050329647425946256
2013-07-19,0.0016100503211176065
2013-07-22,0.0020330263437824403
2013-07-23,-0.0018519369130487462
2013-07-24,-0.0038112215188927934
2013-07-25,0.0025564722015867236
2013-07-26,0.0008282942843145236
2013-07-29,-0.003736037754951127
2013-07-30,0.00037381693747806644
2013-07-31,-0.00013640921141577778
2013-08-01,0.01254056989753427
2013-08-02,0.0016404581697111453
2013-08-05,-0.0014798348405500317
2013-08-06,-0.005723033522392118
2013-08-07,-0.0038058649299111957
2013-08-08,0.003885449938943575
2013-08-09,-0.003569960525698801
2013-08-12,-0.0011529207361400395
2013-08-13,0.002776056134700333
2013-08-14,-0.005176618120080079
2013-08-15,-0.014281601380197961
2013-08-16,-0.0033045953891290836
2013-08-19,-0.005900302398330837
2013-08-20,0.0038211953199089876
2013-08-21,-0.005779602928505545
2013-08-22,0.008619376484360286
2013-08-23,0.003947010921615535
2013-08-26,-0.00403965777164117
2013-08-27,-0.015874194741040237
2013-08-28,0.002747645185721348
2013-08-29,0.0019634016027962886
2013-08-30,-0.0031743183568806455
2013-09-03,0.004164221602432239
2013-09-04,0.008116953209842404
2013-09-05,0.0012098628337211537
2013-09-06,5.443114110303959e-05
2013-09-09,0.009992880823750605
2013-09-10,0.007345789391592916
2013-09-11,0.0030522833735622257
2013-09-12,-0.0033804153149811222
2013-09-13,0.002714679741101511
2013-09-16,0.0056931530442476674
2013-09-17,0.004217739327674108
2013-09-18,0.012177672896303449
2013-09-19,-0.0018429538196846895
2013-09-20,-0.007216886263627376
2013-09-23,-0.004719586526811925
2013-09-24,-0.0025971430708935372
2013-09-25,-0.00273946595048713
2013-09-26,0.0034854258676535466
2013-09-27,-0.004073801130465626
2013-09-30,-0.0060292307798877065
2013-10-01,0.007998543475556064
2013-10-02,-0.0006666695473820372
2013-10-03,-0.008979414583967338
2013-10-04,0.0070532243451535415
2013-10-07,-0.008506361953748875
2013-10-08,-0.012332078852067663
2013-10-09,0.0005739063518743759
2013-10-10,0.02183049604365883
2013-10-11,0.006286271807078414
2013-10-14,0.004074720335558668
2013-10-15,-0.007063723409320266
2013-10-16,0.013827532394934838
2013-10-17,0.0067439531397044394
2013-10-18,0.006548755402622897
2013-10-21,9.173641713244862e-05
2013-10-22,0.005737513079636436
2013-10-23,-0.004724557241463034
2013-10-24,0.003258134764679621
2013-10-25,0.004394843515520774
2013-10-28,0.001329699787098182
2013-10-29,0.00558419502875096
2013-10-30,-0.004875923596155185
2013-10-31,-0.0038393812241105385
2013-11-01,0.002903421198789946
2013-11-04,0.003570558689741876
2013-11-05,-0.0028055878101066467
2013-11-06,0.004265540341705787
2013-11-07,-0.013182771972194418
2013-11-08,0.013427559516743681
2013-11-11,0.000722931253898329
2013-11-12,-0.0023703916199453445
2013-11-13,0.008095344244797742
2013-11-14,0.00483725876385388
2013-11-15,0.004222034052096646
2013-11-18,-0.00369819718572606
2013-11-19,-0.0020429655768170463
2013-11-20,-0.0036356111002209257
2013-11-21,0.00812856425584818
2013-11-22,0.004961457973002625
2013-11-25,-0.0012633420978621634
2013-11-26,0.00014980445507073448
2013-11-27,0.0024850813860768373
2013-11-29,-0.0007856896412440362
2013-12-02,-0.002719020284730922
2013-12-03,-0.0031928479771501372
2013-12-04,-0.0013034931835718133
2013-12-05,-0.004339572538419101
2013-12-06,0.011237870620775636
2013-12-09,0.0018171001772671058
2013-12-10,-0.003179659038540561
2013-12-11,-0.01131687458772268
2013-12-12,-0.0037705618911193506
2013-12-13,-0.00010141014414954963
2013-12-16,0.006320039831068547
2013-12-17,-0.003100987910356179
2013-12-18,0.01664796429762072
2013-12-19,-0.0005799292044109672
2013-12-20,0.0048187283492318045
2013-12-23,0.00531812014989308
2013-12-24,0.0029157468493599126
2013-12-26,0.004745529147706984
2013-12-27,-0.00033658435338035364
2013-12-30,-0.00017925389411521664
2013-12-31,0.003959675229718407
2014-01-02,-0.008861912729460575
2014-01-03,-0.00033296507498215
2014-01-06,-0.0025117674736410134
2014-01-07,0.006081764662643874
2014-01-08,-0.0002122089839386998
2014-01-09,0.0003483091890779111
2014-01-10,0.002306686808393188
2014-01-13,-0.012576216507389826
2014-01-14,0.010817971767347556
2014-01-15,0.005166188100786506
2014-01-16,-0.0013471203041568458
2014-01-17,-0.0038951743709019215
2014-01-21,0.0027737519941737343
2014-01-22,0.0005748652214816463
2014-01-23,-0.00888957673985069
2014-01-24,-0.02087544856898549
2014-01-27,-0.004876293940238585
2014-01-28,0.00614065260021901
2014-01-29,-0.010209232261157553
2014-01-30,0.011267044743841437
2014-01-31,-0.0064652996420466735
2014-02-03,-0.02283191982018462
2014-02-04,0.007641088938743268
2014-02-05,-0.0020282227794392593
2014-02-06,0.012439792925644788
2014-02-07,0.013301886798946505
2014-02-10,0.0015692347655638095
2014-02-11,0.011062113608869106
2014-02-12,-0.00026926239009483766
2014-02-13,0.005810025082904069
2014-02-14,0.004809216724759979
2014-02-18,0.0011584739056558213
2014-02-19,-0.006524484290135191
2014-02-20,0.006031458262132583
2014-02-21,-0.0019187235651341172
2014-02-24,0.00618651346579302
2014-02-25,-0.0013476817370097205
2014-02-26,2.1699977565736717e-05
2014-02-27,0.004948082937896281
2014-02-28,0.0027826887923012578
2014-03-03,-0.007378510346287226
2014-03-04,0.01526770113133269
2014-03-05,-5.335132643191631e-05
2014-03-06,0.0017184082710823834
2014-03-07,0.0005380892952486782
2014-03-10,-0.0004632463094992323
2014-03-11,-0.005082138985368356
2014-03-12,0.00030517087837123036
2014-03-13,-0.011701095130556172
2014-03-14,-0.0028217776974703845
2014-03-17,0.009613634629240364
2014-03-18,0.0072196189337276895
2014-03-19,-0.006131649335692324
2014-03-20,0.006040504799839086
2014-03-21,-0.0029326714097337447
2014-03-24,-0.004864709743258144
2014-03-25,0.004403939814465518
2014-03-26,-0.007000319763734719
2014-03-27,-0.0019000838946738874
2014-03-28,0.0046402218845611465
2014-03-31,0.007924102207026662
2014-04-01,0.0070393485966973035
2014-04-02,0.002853326841976367
2014-04-03,-0.0011264502910314222
2014-04-04,-0.012537288005457836
2014-04-07,-0.010750112394172895
2014-04-08,0.0037505537703756975
2014-04-09,0.010918212704340347
2014-04-10,-0.020884795550912716
2014-04-11,-0.009486773662544357
2014-04-14,0.008217286225508769
2014-04-15,0.006757307791485534
2014-04-16,0.010488490558689278
2014-04-17,0.001363852909705754
2014-04-21,0.003775123551313042
2014-04-22,0.004092139025126729
2014-04-23,-0.002213313863220323
2014-04-24,0.0017169605671216726
2014-04-25,-0.008096390978489132
2014-04-28,0.003236035858038999
2014-04-29,0.004760757069291355
2014-04-30,0.002992016977140688
2014-05-01,-0.00014326148142618234
2014-05-02,-0.0013484450597095465
2014-05-05,0.0018712161263063631
2014-05-06,-0.008988392160571124
2014-05-07,0.005616468420812426
2014-05-08,-0.0013736249452109828
2014-05-09,0.001519476431128819
2014-05-12,0.009672737603931392
2014-05-13,0.0004217577030636299
2014-05-14,-0.004701005088166399
2014-05-15,-0.009361807033336
2014-05-16,0.00374696520677964
2014-05-19,0.0038447864907102947
2014-05-20,-0.00649839809746755
2014-05-21,0.008116098951240547
2014-05-22,0.0023622298736216685
2014-05-23,0.004248391856225497
2014-05-27,0.005987805879090757
2014-05-28,-0.0011140717108722997
2014-05-29,0.0053671102654548886
2014-05-30,0.0018436779311643559
2014-06-02,0.0007278261010281728
2014-06-03,-0.00037921654875650024
2014-06-04,0.001891663548679423
2014-06-05,0.006525279593556643
2014-06-06,0.004627758701298612
2014-06-09,0.0009387712266117898
2014-06-10,-0.00024598362294592224
2014-06-11,-0.0035370410325545887
2014-06-12,-0.007088893503764959
2014-06-13,0.003134561695468774
2014-06-16,0.0008367051734305964
2014-06-17,0.0021725690603942027
2014-06-18,0.007718881307192449
2014-06-19,0.0012774785766593855
2014-06-20,0.0017300583227324307
2014-06-23,-0.00013246407875799893
2014-06-24,-0.006435310620591883
2014-06-25,0.0048975112174378665
2014-06-26,-0.00117888399729138
2014-06-27,0.001910868625069062
2014-06-30,-0.0003722566922789161
2014-07-01,0.006677770440579822
2014-07-02,0.0006588129971369927
2014-07-03,0.005479508115899812
2014-07-07,-0.003923521850109468
2014-07-08,-0.00704880201475111
2014-07-09,0.004644267890169251
2014-07-10,-0.004131071874054815
2014-07-11,0.0014709227452411877
2014-07-14,0.004843552990250188
2014-07-15,-0.0019320956634629738
2014-07-16,0.004201084929208676
2014-07-17,-0.01183402645755216
2014-07-18,0.010264935568841116
2014-07-21,-0.0023202504717819705
2014-07-22,0.005016150134305564
2014-07-23,0.0017544380056517817
2014-07-24,0.00048815592189166424
2014-07-25,-0.004849150767687549
2014-07-28,0.0002881549022029084
2014-07-29,-0.004527786939807377
2014-07-30,6.091277451791832e-05
2014-07-31,-0.019999240340662028
2014-08-01,-0.002859121137017251
2014-08-04,0.007189032358413172
2014-08-05,-0.009685469956760784
2014-08-06,1.563854864095049e-05
2014-08-07,-0.0055566200056119674
2014-08-08,0.011531402436471216
2014-08-11,0.0027594252503462258
2014-08-12,-0.00163664161317445
2014-08-13,0.006707160027472625
2014-08-14,0.004345814053963171
2014-08-15,-6.137292417618401e-05
2014-08-18,0.008531672245722488
2014-08-19,0.005000651911710952
2014-08-20,0.002477812999687634
2014-08-21,0.0029498896671826813
2014-08-22,-0.0019925870761225983
2014-08-25,0.004787778824361766
2014-08-26,0.0010510808940034089
2014-08-27,4.9987292607633904e-05
2014-08-28,-0.0016899010514689339
2014-08-29,0.00332041473363498
2014-09-02,-0.0005440661600049079
2014-09-03,-0.0007791410646480479
2014-09-04,-0.0015344207755288997
2014-09-05,0.005035885365550108
2014-09-08,-0.003073114142502442
2014-09-09,-0.006545009043329442
2014-09-10,0.0036460744169486414
2014-09-11,0.0008819054148185845
2014-09-12,-0.005962558462297207
2014-09-15,-0.0007101514711097545
2014-09-16,0.007484376300642026
2014-09-17,0.0012956437010964716
2014-09-18,0.0048911800862372345
2014-09-19,-0.00047726958102545236
2014-09-22,-0.00801332329681892
2014-09-23,-0.0057765015647701645
2014-09-24,0.00783249148610099
2014-09-25,-0.016168772358634453
2014-09-26,0.008575824615237426
2014-09-29,-0.002546802239196122
2014-09-30,-0.002785928622506484
2014-10-01,-0.013248560995234304
2014-10-02,5.143341477165109e-06
2014-10-03,0.0111655096821337
2014-10-06,-0.0015651598591330806
2014-10-07,-0.015126053030587894
2014-10-08,0.017461650296527242
2014-10-09,-0.02066141501469343
2014-10-10,-0.011451012338901223
2014-10-13,-0.016467929557809624
2014-10-14,0.0015788647774723774
2014-10-15,-0.008100314924121665
2014-10-16,0.0001449777086941495
2014-10-17,0.012884107385910504
2014-10-20,0.00914265720638352
2014-10-21,0.019574487182363987
2014-10-22,-0.0072993302004167315
2014-10-23,0.012303377138681793
2014-10-24,0.007053449392805167
2014-10-27,-0.0015015683952100956
2014-10-28,0.011939073060167393
2014-10-29,-0.0013853554985293615
2014-10-30,0.0062301242403934864
2014-10-31,0.011731393541549506
2014-11-03,-0.00011892184463624389
2014-11-04,-0.0028298416808330007
2014-11-05,0.005700497411807337
2014-11-06,0.0037755130048497954
2014-11-07,0.00034958621780534216
2014-11-10,0.003120184693883088
2014-11-11,0.0006966942090353978
2014-11-12,-0.0007011166816753844
2014-11-13,0.0005298447465655887
2014-11-14,0.00024027020881067784
2014-11-17,0.0007353590216279127
2014-11-18,0.005133983312177293
2014-11-19,-0.0015011590075549863
2014-11-20,0.0019670962134916703
2014-11-21,0.0052368773596394025
2014-11-24,0.0028640233144536786
2014-11-25,-0.0011500296768531815
2014-11-26,0.0028059818899186517
2014-11-28,-0.002542427180532325
2014-12-01,-0.006829362527492333
2014-12-02,0.006384461097458161
2014-12-03,0.0037647427417917267
2014-12-04,-0.0011618962070774064
2014-12-05,0.0016652165347093018
2014-12-08,-0.007256565211683386
2014-12-09,-0.00023782354133117245
2014-12-10,-0.01635096881921516
2014-12-11,0.0045356892119050585
2014-12-12,-0.016213587335965784
2014-12-15,-0.006342586611898127
2014-12-16,-0.008489022887163578
2014-12-17,0.020352415732846962
2014-12-18,0.02401520473971619
2014-12-19,0.004570048934014581
2014-12-22,0.003810463907886641
2014-12-23,0.0017463617463617798
2014-12-24,-0.00013929653841071588
2014-12-26,0.003309574570383944
2014-12-29,0.0008617745425745227
2014-12-30,-0.0048886047197381766
2014-12-31,-0.010310858415930158
2015-01-02,-0.0003399636723855348
2015-01-05,-0.018278105145113743
2015-01-06,-0.008893471722946522
2015-01-07,0.01162984267174294
2015-01-08,0.017888280629516196
2015-01-09,-0.008403811034715436
2015-01-12,-0.008093685160912578
2015-01-13,-0.0025785552362955766
2015-01-14,-0.005813067327385291
2015-01-15,-0.009247875921837956
2015-01-16,0.013424199395820402
2015-01-20,0.0015499523698385698
2015-01-21,0.004731623968765364
2015-01-22,0.015269721916580492
2015-01-23,-0.005491522439307173
2015-01-26,0.002568460857030219
2015-01-27,-0.013387862410411011
2015-01-28,-0.013495609366348305
2015-01-29,0.009534685287099887
2015-01-30,-0.012991965252009852
2015-02-02,0.012962463710669558
2015-02-03,0.014439495293299576
2015-02-04,-0.0041560462088314765
2015-02-05,0.010291406686777416
2015-02-06,-0.0034181723141418763
2015-02-09,-0.004247194360987749
2015-02-10,0.010675561019232394
2015-02-11,-2.903358867545336e-05
2015-02-12,0.009644506431775834
2015-02-13,0.004074738491730789
2015-02-17,0.0015975744623728527
2015-02-18,-0.0003143092177338991
2015-02-19,-0.0010620573331896477
2015-02-20,0.006126533626735764
2015-02-23,-0.0003033391953459752
2015-02-24,0.002758770892866691
2015-02-25,-0.0007657236475081541
2015-02-26,-0.001476028227480719
2015-02-27,-0.0029563045487578377
2015-03-02,0.006124919257840311
2015-03-03,-0.0045385421527393
2015-03-04,-0.00438850348301556
2015-03-05,0.0011960799848387271
2015-03-06,-0.014173946589881803
2015-03-09,0.0039444211911976446
2015-03-10,-0.01696133008584244
2015-03-11,-0.0019176795748703235
2015-03-12,0.012601439566208406
2015-03-13,-0.006074710968194674
2015-03-16,0.013533671171787054
2015-03-17,-0.003320173700583018
2015-03-18,0.012158421402569175
2015-03-19,-0.004872579408787825
2015-03-20,0.00901275466979845
2015-03-23,-0.0017457310425351702
2015-03-24,-0.006139421956948832
2015-03-25,-0.014558905652342857
2015-03-26,-0.002377499996742527
2015-03-27,0.0023685613495147972
2015-03-30,0.012236645187396533
2015-03-31,-0.008795775050879251
2015-04-01,-0.003965371271123064
2015-04-02,0.0035296669586522
2015-04-06,0.0066088151237357895
2015-04-07,-0.0020619040578628844
2015-04-08,0.002682533127767339
2015-04-09,0.004457481018385057
2015-04-10,0.005202865037342352
2015-04-13,-0.00458128059365126
2015-04-14,0.0016297588743277025
2015-04-15,0.005148195696902835
2015-04-16,-0.0007784436134247175
2015-04-17,-0.011311245518606405
2015-04-20,0.009235131672624686
2015-04-21,-0.0014806053255762563
2015-04-22,0.005087480356207541
2015-04-23,0.002357715893671175
2015-04-24,0.002252800575326619
2015-04-27,-0.004141314249916261
2015-04-28,0.0027692316953564777
2015-04-29,-0.0037403355807980043
2015-04-30,-0.010128906614839228
2015-05-01,0.010923001659165044
2015-05-04,0.002940748690645867
2015-05-05,-0.011837383677612334
2015-05-06,-0.004455724813014705
2015-05-07,0.0037738134388320965
2015-05-08,0.013457901176364917
2015-05-11,-0.005089560528435566
2015-05-12,-0.0029496376848567873
2015-05-13,-0.00030495478248648844
2015-05-14,0.010779286625573148
2015-05-15,0.0007684139066803652
2015-05-18,0.003047948049283322
2015-05-19,-0.0006433745436266181
2015-05-20,-0.0009305162517933008
2015-05-21,0.0023378744854138933
2015-05-22,-0.002233886303356414
2015-05-26,-0.010281980197837881
2015-05-27,0.009162641262365545
2015-05-28,-0.0012667608976734135
2015-05-29,-0.0063184691730722164
2015-06-01,0.002059461282371222
2015-06-02,-0.0010085961899480855
2015-06-03,0.0021188711112078984
2015-06-04,-0.008623167576889856
2015-06-05,-0.0014361829335245435
2015-06-08,-0.006474509789282434
2015-06-09,0.00041835300422188304
2015-06-10,0.012042424827124476
2015-06-11,0.0017386264178671507
2015-06-12,-0.0069942998817651425
2015-06-15,-0.004622572493653387
2015-06-16,0.0056898566086796
2015-06-17,0.0019796413026920145
2015-06-18,0.009902710578908236
2015-06-19,-0.0053035017498218595
2015-06-22,0.006094866554531064
2015-06-23,0.0006358685039113965
2015-06-24,-0.00735329696164333
2015-06-25,-0.0029735743006855664
2015-06-26,-0.0003900796440671206
2015-06-29,-0.02086619391956246
2015-06-30,0.0026584898861461426
2015-07-01,0.006936040108400654
2015-07-02,-0.0003080227407983305
2015-07-06,-0.003861756863082544
2015-07-07,0.00608097510857486
2015-07-08,-0.016652749054007154
2015-07-09,0.0022622025726091177
2015-07-10,0.012338485100151564
2015-07-13,0.011066049239604414
2015-07-14,0.004453159211633695
2015-07-15,-0.000734986066058041
2015-07-16,0.008014680412562258
2015-07-17,0.001106182994042637
2015-07-20,0.00077123387202227
2015-07-21,-0.0042616893616069795
2015-07-22,-0.0023877098952062026
2015-07-23,-0.005676040278268291
2015-07-24,-0.01070332804283558
2015-07-27,-0.005775015185050969
2015-07-28,0.012386154626733425
2015-07-29,0.007318795346650031
2015-07-30,2.836730636679441e-05
2015-07-31,-0.002271519985995063
2015-08-03,-0.002756886733696673
2015-08-04,-0.002249704779339723
2015-08-05,0.0031146787487494887
2015-08-06,-0.00775298528243118
2015-08-07,-0.0028748824444340126
2015-08-10,0.012808166466444781
2015-08-11,-0.00955710249815489
2015-08-12,0.0009500546545004873
2015-08-13,-0.0012752120935421996
2015-08-14,0.003911964108786803
2015-08-17,0.00521142418513576
2015-08-18,-0.002625530186397551
2015-08-19,-0.008254876246131082
2015-08-20,-0.021100170073477753
2015-08-21,-0.03185096571863755
2015-08-24,-0.039413692866465566
2015-08-25,-0.01352199497897244
2015-08-26,0.03903385877450183
2015-08-27,0.024297748621125326
2015-08-28,0.0006087363616984476
2015-08-31,-0.008391670369217286
2015-09-01,-0.029576446640986798
2015-09-02,0.01829297500443139
2015-09-03,0.0011647935451044589
2015-09-04,-0.015329595723932221
2015-09-08,0.02508305358648033
2015-09-09,-0.01389756050907287
2015-09-10,0.005277955033794246
2015-09-11,0.004487043210972708
2015-09-14,-0.004089655710746709
2015-09-15,0.01283131142251781
2015-09-16,0.008705414349693852
2015-09-17,-0.002561059320011938
2015-09-18,-0.016164165744279924
2015-09-21,0.004565783605198437
2015-09-22,-0.012318429274285614
2015-09-23,-0.002048642890328245
2015-09-24,-0.003362984329369434
2015-09-25,-0.00046579328582951884
2015-09-28,-0.02566609046896018
2015-09-29,0.001232853252514099
2015-09-30,0.019075555906861608
2015-10-01,0.001973884228037459
2015-10-02,0.014315289284541954
2015-10-05,0.018289840800508328
2015-10-06,-0.0035882361830883447
2015-10-07,0.008035633639867479
2015-10-08,0.008818435459823082
2015-10-09,0.000725111326717931
2015-10-12,0.0012754772073806375
2015-10-13,-0.006825423947869114
2015-10-14,-0.0047162741982138545
2015-10-15,0.01485277361914017
2015-10-16,0.004570474275370051
2015-10-19,0.00027054553471672627
2015-10-20,-0.0014210903493528937
2015-10-21,-0.005825414995899281
2015-10-22,0.01662757156411132
2015-10-23,0.011030344539323389
2015-10-26,-0.0019131006866738298
2015-10-27,-0.002554118539720318
2015-10-28,0.01184003327863703
2015-10-29,-0.0004497742019048401
2015-10-30,-0.004809877003672414
2015-11-02,0.011873817006551102
2015-11-03,0.002728067346863705
2015-11-04,-0.003545367230984642
2015-11-05,-0.0011321483923818487
2015-11-06,-0.0003476213457177524
2015-11-09,-0.009822729385718598
2015-11-10,0.0015105949543003927
2015-11-11,-0.003228085812548187
2015-11-12,-0.013990375564759017
2015-11-13,-0.011207364706699363
2015-11-16,0.014903265264943455
2015-11-17,-0.0013393792481354305
2015-11-18,0.01616245179852549
2015-11-19,-0.00112310916925773
2015-11-20,0.003810195689989637
2015-11-23,-0.0012348607728660532
2015-11-24,0.0012219959743400288
2015-11-25,-0.00012913227667687988
2015-11-27,0.0005936176807606053
2015-11-30,-0.004640997274763192
2015-12-01,0.01068057336863748
2015-12-02,-0.010995693172566212
2015-12-03,-0.014373526666262015
2015-12-04,0.0205256690573854
2015-12-07,-0.006989502964787397
2015-12-08,-0.0064899016523778386
2015-12-09,-0.007738985017979982
2015-12-10,0.0022513871531610885
2015-12-11,-0.019422767297482935
2015-12-14,0.004755560017433602
2015-12-15,0.010618561082731848
2015-12-16,0.014514969430300617
2015-12-17,-0.015040520909943789
2015-12-18,-0.01779722000676376
2015-12-21,0.0077784025360287945
2015-12-22,0.008816736053143037
2015-12-23,0.01241806830075265
2015-12-24,-0.001598636221499028
2015-12-28,-0.00217855994238203
2015-12-29,0.010629762908764828
2015-12-30,-0.007217228595965963
2015-12-31,-0.00941191309542666
2016-01-04,-0.015303731089594375
2016-01-05,0.0020122259542274534
2016-01-06,-0.013115396702646942
2016-01-07,-0.023700443014411654
2016-01-08,-0.010838374390218508
2016-01-11,0.0008532721255336551
2016-01-12,0.0078027985167561376
2016-01-13,-0.024965452304219538
2016-01-14,0.016695905386662213
2016-01-15,-0.021599098001850003
2016-01-19,0.0005318215543925753
2016-01-20,-0.011693855152413501
2016-01-21,0.005195438361131455
2016-01-22,0.020283701024494727
2016-01-25,-0.015637982053378963
2016-01-26,0.014144335590226431
2016-01-27,-0.010863483795639506
2016-01-28,0.005528577205787588
2016-01-29,0.0247602174153414
2016-02-01,-0.00044323658717015935
2016-02-02,-0.018743090830274922
2016-02-03,0.004992038934619414
2016-02-04,0.0015267325638141926
2016-02-05,-0.018481246310869337
2016-02-08,-0.014153935656373462
2016-02-09,-0.0006636203533073592
2016-02-10,-0.00018895027740828407
2016-02-11,-0.012301161792504733
2016-02-12,0.019518049565855122
2016-02-16,0.01651665412216241
2016-02-17,0.01648043921048603
2016-02-18,-0.004665713707027619
2016-02-19,-2.6032942938902792e-05
2016-02-22,0.014454197186153817
2016-02-23,-0.012454371867771763
2016-02-24,0.004439786812972857
2016-02-25,0.011348275359951865
2016-02-26,-0.0018701144822791393
2016-02-29,-0.008120976341902342
2016-03-01,0.023868791801894496
2016-03-02,0.004094308735004715
2016-03-03,0.0034987406745825567
2016-03-04,0.0033058923144386743
2016-03-07,0.0008850141950174084
2016-03-08,-0.011240108649505087
2016-03-09,0.0050523932937867055
2016-03-10,0.00015580493345068724
2016-03-11,0.01639550053418848
2016-03-14,-0.00126097292128724
2016-03-15,-0.0018369416879204792
2016-03-16,0.005600351545632876
2016-03-17,0.006595236486620859
2016-03-18,0.004405643688967897
2016-03-21,0.0009855772666846896
2016-03-22,-0.000877387766836879
2016-03-23,-0.006386031602501285
2016-03-24,-0.0003780702927851376
2016-03-28,0.0005452554858313974
2016-03-29,0.008816651779288476
2016-03-30,0.004350315260639448
2016-03-31,-0.00203975921756705
2016-04-01,0.006330915127309877
2016-04-04,-0.003208322345054082
2016-04-05,-0.010144492387214377
2016-04-06,0.010507619269939372
2016-04-07,-0.011975786526205012
2016-04-08,0.0027865779152878023
2016-04-11,-0.002739785807018724
2016-04-12,0.0096621337827838
2016-04-13,0.01004013710204088
2016-04-14,0.0001729273803483533
2016-04-15,-0.0009842848497145784
2016-04-18,0.006541025289023228
2016-04-19,0.0030844851678346608
2016-04-20,0.0007615448773992117
2016-04-21,-0.005194027008290192
2016-04-22,4.785972478082989e-05
2016-04-25,-0.0018120458796383465
2016-04-26,0.0018727515871905798
2016-04-27,0.001649352800310755
2016-04-28,-0.009230768513682652
2016-04-29,-0.005063088369821722
2016-05-02,0.007809946463542827
2016-05-03,-0.008676638198860664
2016-05-04,-0.005936889314214544
2016-05-05,-0.0002390081258001331
2016-05-06,0.0031746390805036384
2016-05-09,0.0007534970439868616
2016-05-10,0.012483643435067249
2016-05-11,-0.009561518078546327
2016-05-12,-0.0001694649071644072
2016-05-13,-0.00847828902508041
2016-05-16,0.009796652464963085
2016-05-17,-0.009411297455333645
2016-05-18,0.00020517873267866804
2016-05-19,-0.003706707658226005
2016-05-20,0.006019504059596059
2016-05-23,-0.0020854589704891735
2016-05-24,0.013681382686285826
2016-05-25,0.006974740643369559
2016-05-26,-0.00021044390350322129
2016-05-27,0.004286857336424754
2016-05-31,-0.0010052630048559275
2016-06-01,0.0011350423274503196
2016-06-02,0.0028246780734553223
2016-06-03,-0.002911814656949452
2016-06-06,0.004897281193053882
2016-06-07,0.0012894462510633087
2016-06-08,0.0033095665337075086
2016-06-09,-0.0017177585589538413
2016-06-10,-0.009175181182794367
2016-06-13,-0.008115191387155773
2016-06-14,-0.0017988851350955182
2016-06-15,-0.0018407128700851372
2016-06-16,0.0031329906996742096
2016-06-17,-0.0032579654199809127
2016-06-20,0.00580818525653326
2016-06-21,0.002712061607464289
2016-06-22,-0.0016515636618127383
2016-06-23,0.01336407865930278
2016-06-24,-0.035919799994431734
2016-06-27,-0.01809650217612302
2016-06-28,0.01777016508725926
2016-06-29,0.017032672570028273
2016-06-30,0.013565044705922347
2016-07-01,0.00194860235588723
2016-07-05,-0.006847477437932237
2016-07-06,0.005352963242081676
2016-07-07,-0.0008715778419239317
2016-07-08,0.015253349296718177
2016-07-11,0.003408615474199461
2016-07-12,0.007009293213798395
2016-07-13,0.00013476775533982632
2016-07-14,0.00525920411762093
2016-07-15,-0.0009289473209127541
2016-07-18,0.002382294987840705
2016-07-19,-0.0014351736522938419
2016-07-20,0.004270300173431885
2016-07-21,-0.003612528916297486
2016-07-22,0.004553964713003289
2016-07-25,-0.0030114751244342264
2016-07-26,0.0003227842443460638
2016-07-27,-0.0011985421207814095
2016-07-28,0.0016062090221755643
2016-07-29,0.0016313092573088106
2016-08-01,-0.0012697872845152114
2016-08-02,-0.006361619481225378
2016-08-03,0.0031339432802557354
2016-08-04,0.00021257188969192597
2016-08-05,0.008603496447961101
2016-08-08,-0.0009071655678379864
2016-08-09,0.0003897939364765346
2016-08-10,-0.0028646859974036376
2016-08-11,0.004734588012062169
2016-08-12,-0.0007960463737501922
2016-08-15,0.0027929092187690685
2016-08-16,-0.00547907701986905
2016-08-17,0.001868589648029051
2016-08-18,0.0021996173129046337
2016-08-19,-0.0014402713809749113
2016-08-22,-0.000563323157221185
2016-08-23,0.0019517694055308787
2016-08-24,-0.005240276852734871
2016-08-25,-0.0013652276243513173
2016-08-26,-0.0015788165944199406
2016-08-29,0.005228047221710774
2016-08-30,-0.0019536804841114863
2016-08-31,-0.0023758642617150993
2016-09-01,-4.1384533048027805e-05
2016-09-02,0.004201041336424849
2016-09-06,0.0029816787577114923
2016-09-07,-0.0001463852229309781
2016-09-08,-0.0022230136296667036
2016-09-09,-0.02452206896667508
2016-09-12,0.01467705274849096
2016-09-13,-0.014830674258895948
2016-09-14,-0.0005876766502063147
2016-09-15,0.010109273363029914
2016-09-16,-0.0037722947474507773
2016-09-19,-1.8603060785604697e-05
2016-09-20,0.0002991382171499968
2016-09-21,0.010917162352442444
2016-09-22,0.006499784427785649
2016-09-23,-0.00573677446354337
2016-09-26,-0.008587762798917709
2016-09-27,0.006444170055012188
2016-09-28,0.005296554012835575
2016-09-29,-0.009321411497187015
2016-09-30,0.007967969231286176
2016-10-03,-0.0032606955294726125
2016-10-04,-0.0049555622707156965
2016-10-05,0.0042966906501935576
2016-10-06,0.00048155976529717925
2016-10-07,-0.0032534833570118105
2016-10-10,0.004605905039596125
2016-10-11,-0.012446471596532338
2016-10-12,0.001146589037580359
2016-10-13,-0.0030992637479612117
2016-10-14,0.00020160447857309194
2016-10-17,-0.003037994040303138
2016-10-18,0.006160403318245855
2016-10-19,0.0021919710189710617
2016-10-20,-0.0013757239543792377
2016-10-21,-8.414160005176807e-05
2016-10-24,0.004749839541692946
2016-10-25,-0.0037977277864983394
2016-10-26,-0.0017404116452881535
2016-10-27,-0.0029867267366989747
2016-10-28,-0.0031082993435224138
2016-10-31,-0.00012227640782913607
2016-11-01,-0.006786883476427641
2016-11-02,-0.00652550029741239
2016-11-03,-0.004423400838946101
2016-11-04,-0.0016661307322337615
2016-11-07,0.022223543967337278
2016-11-08,0.0037719744542996647
2016-11-09,0.011077020753253342
2016-11-10,0.0019507459501284519
2016-11-11,-0.0013979503036608554
2016-11-14,-0.00011550278622274313
2016-11-15,0.007480797417763307
2016-11-16,-0.0015822634216101639
2016-11-17,0.004676369608375142
2016-11-18,-0.002386798421690206
2016-11-21,0.0074614006258433285
2016-11-22,0.002165432272904111
2016-11-23,0.0008080244329033981
2016-11-25,0.003914386891670674
2016-11-28,-0.005254535631502799
2016-11-29,0.0013352930642269722
2016-11-30,-0.0026534040390964186
2016-12-01,-0.0035155289737457407
2016-12-02,0.00039700650631591117
2016-12-05,0.005821305253253195
2016-12-06,0.0034108883546988267
2016-12-07,0.013163241364864575
2016-12-08,0.0021593430473272335
2016-12-09,0.005938984786955759
2016-12-12,-0.0011374349205595102
2016-12-13,0.006539774750587091
2016-12-14,-0.00811717185395111
2016-12-15,0.0038832279549072535
2016-12-16,-0.0017506226204834219
2016-12-19,0.001975120701520394
2016-12-20,0.0036375121488696482
2016-12-21,-0.0024573614565177593
2016-12-22,-0.0018629737285675851
2016-12-23,0.0012517152775348706
2016-12-27,0.0022483727122095676
2016-12-28,-0.008356529175972627
2016-12-29,-0.000293304709629405
2016-12-30,-0.004637050227782158
2017-01-03,0.008486575281279274
2017-01-04,0.005722273788525856
2017-01-05,-0.0007706704833204681
2017-01-06,0.0035169592193697863
2017-01-09,-0.0035485942758867184
2017-01-10,0.0
2017-01-11,0.0028296382793233654
2017-01-12,-0.0021448089967596173
2017-01-13,0.0018498402425362048
2017-01-17,-0.0029675026899970147
2017-01-18,0.0017637540575008437
2017-01-19,-0.003609308355419394
2017-01-20,0.003366237154707852
2017-01-23,-0.002690124758069401
2017-01-24,0.006564593637664151
2017-01-25,0.008026090549617448
2017-01-26,-0.0007353844075136395
2017-01-27,-0.000866463892926328
2017-01-30,-0.006009543517695892
2017-01-31,-0.0008899054071440649
2017-02-01,0.00029836348965073256
2017-02-02,0.0005703094032936118
2017-02-03,0.007264758098647794
2017-02-06,-0.002115356985885164
2017-02-07,0.00022682918569594257
2017-02-08,0.0006933223855400961
2017-02-09,0.005752546449780516
2017-02-10,0.003566050102845164
2017-02-13,0.005245845097992419
2017-02-14,0.004007335176634763
2017-02-15,0.004992308919898214
2017-02-16,-0.0008641180363413437
2017-02-17,0.0016785565287558146
2017-02-21,0.006048066160828425
2017-02-22,-0.001082200145408052
2017-02-23,0.00041898672168572126
2017-02-24,0.0014933641914423035
2017-02-27,0.0010179830611165563
2017-02-28,-0.0025783763780462543
2017-03-01,0.013673854659866258
2017-03-02,-0.005859880503598425
2017-03-03,0.0005038772720600271
2017-03-06,-0.0032772408480052917
2017-03-07,-0.0029133737680216987
2017-03-08,-0.002284215165048731
2017-03-09,0.0007998953585612867
2017-03-10,0.003268670195698986
2017-03-13,0.0003666328125562224
2017-03-14,-0.0033790271755046453
2017-03-15,0.008374752796581397
2017-03-16,-0.0016267102694209612
2017-03-17,-0.0013143147950017697
2017-03-20,-0.0020098935338483948
2017-03-21,-0.012407972940626899
2017-03-22,0.0018898864360001877
2017-03-23,-0.001060269661328106
2017-03-24,-0.0008439958489141475
2017-03-27,-0.001019587452981141
2017-03-28,0.007251474353500598
2017-03-29,0.001085324742930105
2017-03-30,0.002935109936855751
2017-03-31,-0.002255047489714501
2017-04-03,-0.0016421255420062675
2017-04-04,0.0005595225490382383
2017-04-05,-0.0030548611983906016
2017-04-06,0.001929509405943275
2017-04-07,-0.0008271302020167459
2017-04-10,0.0006876864837839225
2017-04-11,-0.001433879303282093
2017-04-12,-0.003759951034546627
2017-04-13,-0.006814694227374907
2017-04-17,0.008613348940219367
2017-04-18,-0.0029033798625895946
2017-04-19,-0.0017163507793208632
2017-04-20,0.007557263417987681
2017-04-21,-0.0030350729326357184
2017-04-24,0.01084006896297951
2017-04-25,0.006090687476747014
2017-04-26,-0.00048570348354270987
2017-04-27,0.0005529198041311911
2017-04-28,-0.0019131470681601481
2017-05-01,0.0017322905115801923
2017-05-02,0.0011890499458222514
2017-05-03,-0.0012713605313821041
2017-05-04,0.0005821026438950216
2017-05-05,0.0040886954080285864
2017-05-08,3.744597299082386e-05
2017-05-09,-0.0010252486299153762
2017-05-10,0.0011306013658478609
2017-05-11,-0.002162809124616749
2017-05-12,-0.0014784413679722608
2017-05-15,0.004776513648450997
2017-05-16,-0.0006868970151433507
2017-05-17,-0.018178214414433458
2017-05-18,0.003686818283279214
2017-05-19,0.006767499942466504
2017-05-22,0.005160131149745784
2017-05-23,0.001837871992654172
2017-05-24,0.002489126548973042
2017-05-25,0.00444194837709877
2017-05-26,0.00031054999597146526
2017-05-30,-0.0012046245861250249
2017-05-31,-0.000459968801852062
2017-06-01,0.007571112611303388
2017-06-02,0.0037077313104922904
2017-06-05,-0.001217665183814387
2017-06-06,-0.0027790399654609166
2017-06-07,0.0015682572275503848
2017-06-08,0.00026720472849017796
2017-06-09,-0.0008299892344156845
2017-06-12,-0.000978763178264619
2017-06-13,0.004511505177332342
2017-06-14,-0.0009958307964025304
2017-06-15,-0.0022395981461527104
2017-06-16,0.0002836393681004967
2017-06-19,0.008347228657875183
2017-06-20,-0.0066966373620162
2017-06-21,-0.0005826443900691647
2017-06-22,-0.00045578207221763645
2017-06-23,0.0015609155178168965
2017-06-26,0.000315801794623205
2017-06-27,-0.00807282488613359
2017-06-28,0.008808066374833778
2017-06-29,-0.008600023246820632
2017-06-30,0.0015332318107057485
2017-07-03,0.002310833849555216
2017-07-05,0.001453279024245635
2017-07-06,-0.009368823820586791
2017-07-07,0.006403125486305727
2017-07-10,0.0009277662125786179
2017-07-11,-0.0007826806116978391
2017-07-12,0.007305607635895495
2017-07-13,0.0018745843139260643
2017-07-14,0.004673503078699293
2017-07-17,-5.291283677333336e-05
2017-07-18,0.0005978573436131729
2017-07-19,0.005372639356088893
2017-07-20,-0.00015365928181010347
2017-07-21,-0.00036787164783502746
2017-07-24,-0.0010637348279797232
2017-07-25,0.002923171678338221
2017-07-26,0.0002826639480466575
2017-07-27,-0.0009726882691745153
2017-07-28,-0.001341115577770502
2017-07-31,-0.0007281456077897763
2017-08-01,0.0024491149692504877
2017-08-02,0.0004926487188865458
2017-08-03,-0.002183654185644257
2017-08-04,0.0018891035295691694
2017-08-07,0.001647199789928111
2017-08-08,-0.0024144327873969473
2017-08-09,-0.00036360867105078576
2017-08-10,-0.014474441722801767
2017-08-11,0.0012755699762128092
2017-08-14,0.010043754544535322
2017-08-15,-0.0004988078808476626
2017-08-16,0.0014201029158569245
2017-08-17,-0.015436952160958639
2017-08-18,-0.0018353673110713675
2017-08-21,0.001162651069903653
2017-08-22,0.00994077978775465
2017-08-23,-0.0034535927149730306
2017-08-24,-0.0020744620703185834
2017-08-25,0.0016728693563305974
2017-08-28,0.00048707205438569545
2017-08-29,0.000842821736810162
2017-08-30,0.004615148933961866
2017-08-31,0.005720976220730423
2017-09-01,0.001982540682532896
2017-09-05,-0.007550806889900619
2017-09-06,0.0031287267736885838
2017-09-07,-0.00017843612323464875
2017-09-08,-0.001488850703918465
2017-09-11,0.01083929931877714
2017-09-12,0.0033639480109453057
2017-09-13,0.0007571207193879381
2017-09-14,-0.0011007176162897148
2017-09-15,0.0018471814878802117
2017-09-18,0.0014559207541648966
2017-09-19,0.0011101954279371107
2017-09-20,0.0006343478158390425
2017-09-21,-0.0030459176984141134
2017-09-22,0.0006477937229520947
2017-09-25,-0.002222050282888466
2017-09-26,7.216672978804795e-05
2017-09-27,0.004085143947080816
2017-09-28,0.001204615596159142
2017-09-29,0.0037051100814438076
2017-10-02,0.003874003457017716
2017-10-03,0.0021588381272976687
2017-10-04,0.0012467201713795006
2017-10-05,0.005646787369921524
2017-10-06,-0.0010736344069645076
2017-10-09,-0.0018044339160793177
2017-10-10,0.002322412261707374
2017-10-11,0.0018035072962026
2017-10-12,-0.0016867529508860502
2017-10-13,0.0008781073155288421
2017-10-16,0.0017507533144689447
2017-10-17,0.0006725789853143649
2017-10-18,0.0007423349056041584
2017-10-19,0.00032799789456050554
2017-10-20,0.0051168427389869375
2017-10-23,-0.003972484039719171
2017-10-24,0.001617908278173541
2017-10-25,-0.004663049754275228
2017-10-26,0.001270946219078306
2017-10-27,0.008073022498049642
2017-10-30,-0.003192470570786421
2017-10-31,0.0009444586571358826
2017-11-01,0.0015921101716727115
2017-11-02,0.00018996581088659426
2017-11-03,0.0030970753849743904
2017-11-06,0.0012712512404724485
2017-11-07,-0.00018910292286977715
2017-11-08,0.001443655000098465
2017-11-09,-0.003761887644002093
2017-11-10,-0.0008976438525517549
2017-11-13,0.0009836343625724275
2017-11-14,-0.0023096092988857952
2017-11-15,-0.005525675723266343
2017-11-16,0.008196058063241196
2017-11-17,-0.0026259630899742037
2017-11-20,0.0012756828808564435
2017-11-21,0.006541139295859866
2017-11-22,-0.0007502611166068096
2017-11-24,0.0020560951489239088
2017-11-27,-0.0003842577408796899
2017-11-28,0.00984851271879017
2017-11-29,-0.000369225702197995
2017-11-30,0.008190950433802913
2017-12-01,-0.002024530803113933
2017-12-04,-0.0010521566439205543
2017-12-05,-0.0037393815604747083
2017-12-06,-0.00011410565998426492
2017-12-07,0.0029323579853828274
2017-12-08,0.005506306319651655
2017-12-11,0.003201957471006933
2017-12-12,0.001548922064604108
2017-12-13,-0.0004729570906678582
2017-12-14,-0.004070859227173984
2017-12-15,0.008974343513216354
2017-12-18,0.005362807225250732
2017-12-19,-0.0032302694598687065
2017-12-20,-0.0008278931807477186
2017-12-21,0.0019856558213586784
2017-12-22,-0.0004581666477052604
2017-12-26,-0.0010584151831672939
2017-12-27,0.0007909409391904099
2017-12-28,0.0018339987251561052
2017-12-29,-0.005183153157965359
2018-01-02,0.008303361477520088
2018-01-03,0.006398818768781567
2018-01-04,0.004028636080503967
2018-01-05,0.007033767443369587
2018-01-08,0.0016623439316436617
2018-01-09,0.0013029315960912946
2018-01-10,-0.0011122268282528491
2018-01-11,0.007033646478779465
2018-01-12,0.006749602987881076
2018-01-16,-0.003524487622672101
2018-01-17,0.009415051560751175
2018-01-18,-0.0016163897301626484
2018-01-19,0.004385235112838837
2018-01-22,0.008066726499347698
2018-01-23,0.0021743654797181655
2018-01-24,-0.0005599757022828333
2018-01-25,0.0006026209018938911
2018-01-26,0.011841196508761032
2018-01-29,-0.006731974332887192
2018-01-30,-0.010898815620283941
2018-01-31,0.0004889853730833948
2018-02-01,-0.0006480882520516484
2018-02-02,-0.02120854792396809
2018-02-05,-0.04097922480422822
2018-02-06,0.017440920592313836
2018-02-07,-0.005001588416939429
2018-02-08,-0.03753641975808808
2018-02-09,0.014936090208494734
2018-02-12,0.013914584754042503
2018-02-13,0.0026129297463290957
2018-02-14,0.013402458257245842
2018-02-15,0.012069112762299383
2018-02-16,0.0003734693722488025
2018-02-20,-0.005841389459353419
2018-02-21,-0.0054965031281792864
2018-02-22,0.0009735510790762625
2018-02-23,0.01602837635051313
2018-02-26,0.011757015343810906
2018-02-27,-0.012706888443829278
2018-02-28,-0.011095788639207016
2018-03-01,-0.013324399541987275
2018-03-02,0.005071602744632031
2018-03-05,0.011032026532745043
2018-03-06,0.002638858606169414
2018-03-07,-0.00048387472056610203
2018-03-08,0.004463078207817217
2018-03-09,0.01737883151892694
2018-03-12,-0.001273985129042532
2018-03-13,-0.006363576551088879
2018-03-14,-0.005724521948562322
2018-03-15,-0.000781930531963182
2018-03-16,0.001703447167811456
2018-03-19,-0.014204195388793028
2018-03-20,0.0014818054520648882
2018-03-21,-0.0018439898833508828
2018-03-22,-0.025162888405856454
2018-03-23,-0.02096688071186603
2018-03-26,0.02715725576151251
2018-03-27,-0.017276308813847896
2018-03-28,-0.00291665716625622
2018-03-29,0.013769718690019195
2018-04-02,-0.022337423560165104
2018-04-03,0.012614865848792123
2018-04-04,0.01156648273982852
2018-04-05,0.0068628636575538415
2018-04-06,-0.021920248779842444
2018-04-09,0.0033365488963206236
2018-04-10,0.0167269537832615
2018-04-11,-0.005525364482924067
2018-04-12,0.008250750063987677
2018-04-13,-0.0028866254882486952
2018-04-16,0.008109038386684864
2018-04-17,0.010661504701720004
2018-04-18,0.0008313658006817715
2018-04-19,-0.005726124690152989
2018-04-20,-0.00853653230061302
2018-04-23,5.623169212687351e-05
2018-04-24,-0.01338056164164636
2018-04-25,0.001837059563023713
2018-04-26,0.010434204774367295
2018-04-27,0.0011136248915897262
2018-04-30,-0.008187490964434607
2018-05-01,0.0025490454770622506
2018-05-02,-0.007205863568357729
2018-05-03,-0.0022536742393085563
2018-05-04,0.012811178963797909
2018-05-07,0.0034579455015175675
2018-05-08,-0.0002656413228280252
2018-05-09,0.009682220255068819
2018-05-10,0.009370643723504823
2018-05-11,0.0017075955546570487
2018-05-14,0.0008834895573073265
2018-05-15,-0.006842140279927467
2018-05-16,0.004060561678767671
2018-05-17,-0.0008558723207806596
2018-05-18,-0.00263219493841671
2018-05-21,0.007386752997235124
2018-05-22,-0.0031357617896576873
2018-05-23,0.0032484098921563564
2018-05-24,-0.002023213496498033
2018-05-25,-0.0023572204364039617
2018-05-29,-0.011564187290653005
2018-05-30,0.012695791223314323
2018-05-31,-0.006879559974886984
2018-06-01,0.010849230370481022
2018-06-04,0.004479598435997323
2018-06-05,0.0007025929724704394
2018-06-06,0.008567392465728796
2018-06-07,-0.0007141884679080501
2018-06-08,0.0031259043893263616
2018-06-11,0.001068707668436586
2018-06-12,0.0017433852107295866
2018-06-13,-0.004026127868587581
2018-06-14,0.002471549778432225
2018-06-15,-0.001017102715529128
2018-06-18,-0.0021261277624751163
2018-06-19,-0.004023402292699374
2018-06-20,0.0017121542893689945
2018-06-21,-0.006345510515579966
2018-06-22,0.0018619345065358228
2018-06-25,-0.013724668973416176
2018-06-26,0.0022045770199778936
2018-06-27,-0.008604355128821406
2018-06-28,0.00617868985946779
2018-06-29,0.0007584033300001014
2018-07-02,0.003067957412152822
2018-07-03,-0.00494735062681062
2018-07-05,0.008620803683929923
2018-07-06,0.008481281595267509
2018-07-09,0.008822985887663393
2018-07-10,0.003473267180873929
2018-07-11,-0.007094202866256172
2018-07-12,0.008749042674663476
2018-07-13,0.0010792374947172778
2018-07-16,-0.001028135726814483
2018-07-17,0.00397369863071062
2018-07-18,0.0021605126279586884
2018-07-19,-0.003952993120479142
2018-07-20,-0.0009484477101494582
2018-07-23,0.0018380494891383492
2018-07-24,0.004780911145920941
2018-07-25,0.009101605057599604
2018-07-26,-0.0030322960242857855
2018-07-27,-0.00656220869212365
2018-07-30,-0.005754170294581917
2018-07-31,0.004884728797982518
2018-08-01,-0.0010403515262938923
2018-08-02,0.004926444803381669
2018-08-03,0.004644183009877123
2018-08-06,0.003538227451535869
2018-08-07,0.0028241822564987196
2018-08-08,-0.0002623799656497061
2018-08-09,-0.0014416744645237012
2018-08-10,-0.007113887913551609
2018-08-13,-0.004005992185342366
2018-08-14,0.006389254777276809
2018-08-15,-0.007602164835758152
2018-08-16,0.007919408484583057
2018-08-17,0.0033231157222237684
2018-08-20,0.0024280177746833775
2018-08-21,0.0020685364303643095
2018-08-22,-0.0003981517707819515
2018-08-23,-0.0016912621251551352
2018-08-24,0.006198839704363079
2018-08-27,0.007670409427647185
2018-08-28,0.00026927832649970007
2018-08-29,0.005701434129840033
2018-08-30,-0.004430329054144866
2018-08-31,0.00013447750859452157
2018-09-04,-0.0016543221469484948
2018-09-05,-0.002803126684318036
2018-09-06,-0.0036523050860121087
2018-09-07,-0.002213344827027508
2018-09-10,0.0018978268127400888
2018-09-11,0.003739841510076891
2018-09-12,0.00035667194221011833
2018-09-13,0.005282254329749936
2018-09-14,0.00027548183892078804
2018-09-17,-0.005569722252617426
2018-09-18,0.005369014643958003
2018-09-19,0.0012532727238796504
2018-09-20,0.007840591898404803
2018-09-21,-0.00036853301202766087
2018-09-24,-0.0035156877607932513
2018-09-25,-0.0013050961134796202
2018-09-26,-0.003289278113945082
2018-09-27,0.0027632870875580196
2018-09-28,-6.870120538793323e-06
2018-10-01,0.003641105118425747
2018-10-02,-0.0003966902079042267
2018-10-03,0.0007115197468861023
2018-10-04,-0.008169482334351885
2018-10-05,-0.005527978766503461
2018-10-08,-0.00039511662920677093
2018-10-09,-0.0014179036575431292
2018-10-10,-0.0328642290012785
2018-10-11,-0.02057300761734404
2018-10-12,0.014206197825152422
2018-10-15,-0.005904978964482943
2018-10-16,0.02149560016316343
2018-10-17,-0.00025266233815879335
2018-10-18,-0.014391922356395415
2018-10-19,-0.00036116989772350117
2018-10-22,-0.004299527548581317
2018-10-23,-0.005511829997012829
2018-10-24,-0.030864433977743855
2018-10-25,0.018625040052811848
2018-10-26,-0.017327264039978307
2018-10-29,-0.0065595995737004476
2018-10-30,0.015666780052058682
2018-10-31,0.010851331974038647
2018-11-01,0.010557843693063784
2018-11-02,-0.0063166863793988615
2018-11-05,0.005600317169601965
2018-11-06,0.006259295774170726
2018-11-07,0.021208856064105275
2018-11-08,-0.0025089163835961825
2018-11-09,-0.00919901370610332
2018-11-12,-0.01970148934024063
2018-11-13,-0.0014819196931705747
2018-11-14,-0.007567410690302756
2018-11-15,0.010593753366266334
2018-11-16,0.0022233054237545957
2018-11-19,-0.01664310858849427
2018-11-20,-0.01815124083246611
2018-11-21,0.0030432907461763747
2018-11-23,-0.006554842390161242
2018-11-26,0.0155323683669224
2018-11-27,0.003261692144003847
2018-11-28,0.022973979644221654
2018-11-29,-0.0021831080910337253
2018-11-30,0.008170747552017188
2018-12-03,0.010941426132194287
2018-12-04,-0.03236490314939877
2018-12-06,-0.0015222281477752508
2018-12-07,-0.023320118765389863
2018-12-10,0.0017621539947350051
2018-12-11,-0.00035634616892232795
2018-12-12,0.005419503676349802
2018-12-13,-0.00019993032368359476
2018-12-14,-0.019086709555430348
2018-12-17,-0.020773480559224233
2018-12-18,8.640058610476231e-05
2018-12-19,-0.01539571453679811
2018-12-20,-0.01577210632742365
2018-12-21,-0.020588228309714296
2018-12-24,-0.027112254452099527
2018-12-26,0.04959374278953943
2018-12-27,0.008562680784222065
2018-12-28,-0.0012415825080966947
2018-12-31,0.00849248413140935
2019-01-02,0.0012684969251244294
2019-01-03,-0.02475673039503723
2019-01-04,0.03433571464262353
2019-01-07,0.007010434848680358
2019-01-08,0.009695285023358924
2019-01-09,0.004098045450532162
2019-01-10,0.004518418782931244
2019-01-11,-0.00014629784190933748
2019-01-14,-0.005257525167898014
2019-01-15,0.010721688622945758
2019-01-16,0.0022219854881162515
2019-01-17,0.0075914003822110665
2019-01-18,0.01318305304897005
2019-01-22,-0.014157306164566674
2019-01-23,0.0022029127742235755
2019-01-24,0.0013757255543636049
2019-01-25,0.008488694060713842
2019-01-28,-0.007846827493937836
2019-01-29,-0.0014562465775435074
2019-01-30,0.01554926091974429
2019-01-31,0.008597395948725328
2019-02-01,0.0008986100931438479
2019-02-04,0.006776236617404008
2019-02-05,0.00470842037697472
2019-02-06,-0.0022244379802809355
2019-02-07,-0.009357140143940179
2019-02-08,0.0006762010869560964
2019-02-11,0.0007091030986317026
2019-02-12,0.0128902247439735
2019-02-13,0.003023994668760688
2019-02-14,-0.002651641555101225
2019-02-15,0.01087875260858695
2019-02-19,0.0014987433214488366
2019-02-20,0.0017771107537685182
2019-02-21,-0.003526436790880272
2019-02-22,0.006411102394986878
2019-02-25,0.0012318625699112573
2019-02-26,-0.0007904570968998437
2019-02-27,-0.0005440493877303387
2019-02-28,-0.0028255083152146643
2019-03-01,0.00689532059343434
2019-03-04,-0.003880558492514008
2019-03-05,-0.001131532823106185
2019-03-06,-0.006524098653592381
2019-03-07,-0.00812571755868352
2019-03-08,-0.0021316888487414865
2019-03-11,0.014666041867757107
2019-03-12,0.0029533182046204143
2019-03-13,0.006949583813841809
2019-03-14,-0.0008680223820187738
2019-03-15,0.00498490290027398
2019-03-18,0.0037059469012648005
2019-03-19,-0.0001305615560248663
2019-03-20,-0.0029443536044478913
2019-03-21,0.010852481049954399
2019-03-22,-0.018974501239482744
2019-03-25,-0.000839020658475631
2019-03-26,0.007182725862306283
2019-03-27,-0.0046443248906916645
2019-03-28,0.003589481529391092
2019-03-29,0.0067342800173637585
2019-04-01,0.011568600124275408
2019-04-02,1.745570720723677e-05
2019-04-03,0.002148376881724312
2019-04-04,0.0020846350796801527
2019-04-05,0.004636432770241061
2019-04-08,0.0010474599539205265
2019-04-09,-0.006067494393846573
2019-04-10,0.0034778715639784963
2019-04-11,3.8123067008344336e-05
2019-04-12,0.006609324208602496
2019-04-15,-0.0006293691084816588
2019-04-16,0.0005093580038946222
2019-04-17,-0.0022738117853239315
2019-04-18,0.0015790922795098083
2019-04-22,0.001012017561471401
2019-04-23,0.008841205788409079
2019-04-24,-0.002191763174733685
2019-04-25,-0.0003689736527457965
2019-04-26,0.0046852921407636305
2019-04-29,0.001071522174355355
2019-04-30,0.0009514170090862972
2019-05-01,-0.007502163081421376
2019-05-02,-0.0021239857917741967
2019-05-03,0.009638279380647763
2019-05-06,-0.004470988428756373
2019-05-07,-0.016511651392423388
2019-05-08,-0.0016054253132695706
2019-05-09,-0.0030214249424966866
2019-05-10,0.0037202972597878414
2019-05-13,-0.02413055719884427
2019-05-14,0.008015944543135589
2019-05-15,0.00583897507464215
2019-05-16,0.008895287120600504
2019-05-17,-0.005837333350761975
2019-05-20,-0.0067493779153879885
2019-05-21,0.008495835590448308
2019-05-22,-0.0028243962306494508
2019-05-23,-0.01191414994527018
2019-05-24,0.0013535590072402126
2019-05-28,-0.008375676922946718
2019-05-29,-0.0069119122568113145
2019-05-30,0.0020984713906617714
2019-05-31,-0.01319537280847849
2019-06-03,-0.0027652403144732274
2019-06-04,0.021432370568193138
2019-06-05,0.008161854781411959
2019-06-06,0.006135586748687638
2019-06-07,0.01049769746289475
2019-06-10,0.0046600444669098184
2019-06-11,-0.00034988023558091275
2019-06-12,-0.0020375791387226005
2019-06-13,0.004097381912668174
2019-06-14,-0.001611511904139773
2019-06-17,0.0009317492412306283
2019-06-18,0.009717399870633026
2019-06-19,0.002985163546397107
2019-06-20,0.009472185190685156
2019-06-21,-0.0012592227925193322
2019-06-24,-0.0017318870104667816
2019-06-25,-0.009496397343734198
2019-06-26,-0.0012339337557076835
2019-06-27,0.003823175554131808
2019-06-28,0.0057574526279098315
2019-07-01,0.007672301032188189
2019-07-02,0.002928125887423194
2019-07-03,0.007672378673070135
2019-07-05,-0.00180590159841032
2019-07-08,-0.004835444424841517
2019-07-09,0.0012365569653400854
2019-07-10,0.0045106896075925995
2019-07-11,0.002285226738359958
2019-07-12,0.004620174547884881
2019-07-15,0.00017586919155743175
2019-07-16,-0.003403778522185874
2019-07-17,-0.006531243569450895
2019-07-18,0.003581997784064761
2019-07-19,-0.00617673452276668
2019-07-22,0.002828694915066654
2019-07-23,0.006847482673755456
2019-07-24,0.004688147952890187
2019-07-25,-0.005262401280453521
2019-07-26,0.007387691099234761
2019-07-29,-0.0016161146071345112
2019-07-30,-0.0025786549148275606
2019-07-31,-0.010885526112695776
2019-08-01,-0.00899879386967306
2019-08-02,-0.007282739927037873
2019-08-05,-0.0297778200029859
2019-08-06,0.013017017169932643
2019-08-07,0.0007668762331907164
2019-08-08,0.018762303409984193
2019-08-09,-0.00661660635492356
2019-08-12,-0.012317322177972212
2019-08-13,0.015131688322181258
2019-08-14,-0.029292752911742603
2019-08-15,0.0024642680276520945
2019-08-16,0.014426124657807904
2019-08-19,0.012105865492430645
2019-08-20,-0.007914727601131322
2019-08-21,0.00824679859557964
2019-08-22,-0.0005060748601761755
2019-08-23,-0.025946336754618105
2019-08-26,0.010982987735216332
2019-08-27,-0.003203180635808267
2019-08-28,0.006545480165679685
2019-08-29,0.012687291793508804
2019-08-30,0.0006427872591217021
2019-09-03,-0.00689910050906084
2019-09-04,0.010842079212828093
2019-09-05,0.013009813642266721
2019-09-06,0.0009106051537297599
2019-09-09,-9.401025965849463e-05
2019-09-10,0.0003223043548219451
2019-09-11,0.007229681189480308
2019-09-12,0.002879153101061016
2019-09-13,-0.0007244143620946941
2019-09-16,-0.0031355866640028207
2019-09-17,0.0025817523700197853
2019-09-18,0.00034269198975556137
2019-09-19,1.997472142156731e-05
2019-09-20,-0.0048955765157830955
2019-09-23,-9.693591923765066e-05
2019-09-24,-0.008416371322106486
2019-09-25,0.006158571742003405
2019-09-26,-0.002428916406865711
2019-09-27,-0.005316352490240539
2019-09-30,0.005047606675254723
2019-10-01,-0.012258373372913245
2019-10-02,-0.017903202985502964
2019-10-03,0.00797191259701524
2019-10-04,0.014216897585460186
2019-10-07,-0.004478294673592398
2019-10-08,-0.015560819201407838
2019-10-09,0.0091044925499415
2019-10-10,0.006415695380997066
2019-10-11,0.010938977513132997
2019-10-14,-0.0013871187334510982
2019-10-15,0.009955676641137279
2019-10-16,-0.0019995427986508885
2019-10-17,0.0027628315736780706
2019-10-18,-0.003919344949506964
2019-10-21,0.006871616056117524
2019-10-22,-0.003568666378412577
2019-10-23,0.0028471487971184484
2019-10-24,0.0019204463587332299
2019-10-25,0.004072700506109195
2019-10-28,0.005581337868471481
2019-10-29,-0.0008324053147991117
2019-10-30,0.00325337015914573
2019-10-31,-0.0030228605633046968
2019-11-01,0.009662312168146059
2019-11-04,0.003704089049704651
2019-11-05,-0.001185699214361291
2019-11-06,0.0007024972279667807
2019-11-07,0.0027300951851503275
2019-11-08,0.0025606760900243053
2019-11-11,-0.0019624672514313435
2019-11-12,0.0015646460846321375
2019-11-13,0.0007115345908383919
2019-11-14,0.0008370427393644686
2019-11-15,0.007695488006902673
2019-11-18,0.0005031528617669423
2019-11-19,-0.0005925944462060739
2019-11-20,-0.003756184245747196
2019-11-21,-0.0015827522106851566
2019-11-22,0.0021749356911917594
2019-11-25,0.007507291353015866
2019-11-26,0.0021955703874654287
2019-11-27,0.004174424362754614
2019-11-29,-0.004011219709926239
2019-12-02,-0.008631020716408422
2019-12-03,-0.00663809511563529
2019-12-04,0.00632356747139462
2019-12-05,0.0015002511791302187
2019-12-06,0.009135724328457329
2019-12-09,-0.00316282139344648
2019-12-10,-0.0010969340964486207
2019-12-11,0.002908158040315856
2019-12-12,0.008575225775086182
2019-12-13,7.258178414493166e-05
2019-12-16,0.007147785279833618
2019-12-17,0.00033529222633799094
2019-12-18,-0.00043230017186479675
2019-12-19,0.004459292004863613
2019-12-20,0.004944781081796634
2019-12-23,0.0008661436002121992
2019-12-24,-0.00019544819997963092
2019-12-26,0.005128166675301138
2019-12-27,3.398471712534601e-05
2019-12-30,-0.005780822450430323
2019-12-31,0.0029460216619106028
2020-01-02,0.008378802677341701
2020-01-03,-0.007059870562045378
2020-01-06,0.0035333728907271933
2020-01-07,-0.0028032386528962228
2020-01-08,0.004902451368978156
2020-01-09,0.006655262605488987
2020-01-10,-0.002855178689662563
2020-01-13,0.006976215252569862
2020-01-14,-0.001514532772802224
2020-01-15,0.0018701968845122874
2020-01-16,0.00836655302646827
2020-01-17,0.003862162248501333
2020-01-21,-0.0026519776473655776
2020-01-22,0.0002890760711180551
2020-01-23,0.0011409766124783616
2020-01-24,-0.009042160974207403
2020-01-27,-0.015730711659182384
2020-01-28,0.010053584595046017
2020-01-29,-0.0008668741908683941
2020-01-30,0.003134358792605374
2020-01-31,-0.01770582037552626
2020-02-03,0.007254613892351713
2020-02-04,0.014980414164082134
2020-02-05,0.01125059589785371
2020-02-06,0.003325672876785646
2020-02-07,-0.005400853672730133
2020-02-10,0.007326397804890528
2020-02-11,0.0016884725532351208
2020-02-12,0.006462646466197652
2020-02-13,-0.0016304457368023773
2020-02-14,0.0018435333204338544
2020-02-18,-0.002919942636890105
2020-02-19,0.004705785881164548
2020-02-20,-0.00381551976362815
2020-02-21,-0.01051810302712286
2020-02-24,-0.03351362667122315
2020-02-25,-0.030279995565056117
2020-02-26,-0.0037785406053220116
2020-02-27,-0.04416324258407911
2020-02-28,-0.008238340444361891
2020-03-02,0.046039229006110016
2020-03-03,-0.028107896121075893
2020-03-04,0.04220259077449118
2020-03-05,-0.033922077046888544
2020-03-06,-0.01705385200037013
2020-03-09,-0.07596969747745097
2020-03-10,0.04939630628156144
2020-03-11,-0.048868445131273974
2020-03-12,-0.09511268097833658
2020-03-13,0.09287124972971839
2020-03-16,-0.11984055240393443
2020-03-17,0.05995484974402432
2020-03-18,-0.051830762729157875
2020-03-19,0.0047078080405855705
2020-03-20,-0.04335951230846191
2020-03-23,-0.02929386782180443
2020-03-24,0.09382773976227554
2020-03-25,0.011535011448221999
2020-03-26,0.062414163303876835
2020-03-27,-0.033687352562252526
2020-03-30,0.03351600948370015
2020-03-31,-0.016012721914555605
2020-04-01,-0.04414243033166543
2020-04-02,0.02282934723487151
2020-04-03,-0.015137125124949469
2020-04-06,0.07033131865275055
2020-04-07,-0.0016030527844311804
2020-04-08,0.03405645287963033
2020-04-09,0.014487410153376512
2020-04-13,-0.010104660822607414
2020-04-14,0.030572589146256046
2020-04-15,-0.022030438529415775
2020-04-16,0.005816689462164515
2020-04-17,0.026793594848223412
2020-04-20,-0.01788104803401469
2020-04-21,-0.030674795694063395
2020-04-22,0.022930247703843776
2020-04-23,-0.0005394221197431159
2020-04-24,0.013918057304545428
2020-04-27,0.014714069804799612
2020-04-28,-0.005242380698498916
2020-04-29,0.026583916282167053
2020-04-30,-0.009212446303987654
2020-05-01,-0.028059034078492195
2020-05-04,0.004249827591976452
2020-05-05,0.009040556385797371
2020-05-06,-0.006979410390386298
2020-05-07,0.011504630788313985
2020-05-08,0.016871538638701944
2020-05-11,0.00013307822091168653
2020-05-12,-0.020500317528877154
2020-05-13,-0.01746272460422804
2020-05-14,0.01152482269503552
2020-05-15,0.0039263632504382695
2020-05-18,0.03150119163168075
2020-05-19,-0.010484399194493177
2020-05-20,0.01665110025908012
2020-05-21,-0.007773596407737116
2020-05-22,0.002353711326488428
2020-05-26,0.012289184036080147
2020-05-27,0.014827297215913804
2020-05-28,-0.0021079145460738413
2020-05-29,0.004812335824971425
2020-06-01,0.003751234813537785
2020-06-02,0.008210832780053412
2020-06-03,0.013648979133831007
2020-06-04,-0.0033687022311144066
2020-06-05,0.026211650818398713
2020-06-08,0.012041579421169235
2020-06-09,-0.007799170822611612
2020-06-10,-0.0053130910724373814
2020-06-11,-0.05894405927443824
2020-06-12,0.013060843963234703
2020-06-15,0.008312217041285264
2020-06-16,0.01896239819380252
2020-06-17,-0.0036002995561740248
2020-06-18,0.0005942198825281686
2020-06-19,-0.005649494809462974
2020-06-22,0.006495095537691675
2020-06-23,0.004307419569164139
2020-06-24,-0.025855145939064572
2020-06-25,0.010959447267809841
2020-06-26,-0.024226905044785974
2020-06-29,0.014685678433118632
2020-06-30,0.015409875731554612
2020-07-01,0.005022132820864389
2020-07-02,0.004541250844364075
2020-07-06,0.01588172586745884
2020-07-07,-0.010818532028197159
2020-07-08,0.007827461915415501
2020-07-09,-0.005643606159361103
2020-07-10,0.01046620127324438
2020-07-13,-0.009362541127788226
2020-07-14,0.013406370782667931
2020-07-15,0.009082050740923053
2020-07-16,-0.0034061012455366413
2020-07-17,0.002848612194617406
2020-07-20,0.0084069387471426
2020-07-21,0.0016790373419135474
2020-07-22,0.005747082068739751
2020-07-23,-0.012319859824193036
2020-07-24,-0.006190400054688405
2020-07-27,0.007395138795039502
2020-07-28,-0.006473392152297919
2020-07-29,0.01242838167815008
2020-07-30,-0.003750251937389204
2020-07-31,0.007670504990141325
2020-08-03,0.00718102343932614
2020-08-04,0.0036119303819721615
2020-08-05,0.006429743053199433
2020-08-06,0.00642769555966427
2020-08-07,0.0006330295486443038
2020-08-10,0.002742218294476073
2020-08-11,-0.007969132154236114
2020-08-12,0.013996549490237653
2020-08-13,-0.002047174350497949
2020-08-14,-0.00017188262276812694
2020-08-17,0.0027098425110787527
2020-08-18,0.002303389154016955
2020-08-19,-0.0044043954214108005
2020-08-20,0.0031586327691348615
2020-08-21,0.0034411070444764214
2020-08-24,0.010043718303008653
2020-08-25,0.0035963511532906
2020-08-26,0.010195626139483993
2020-08-27,0.0016730440109038458
2020-08-28,0.00673256535528588
2020-08-31,-0.0021949627140287475
2020-09-01,0.007525003016613407
2020-09-02,0.015365910154807594
2020-09-03,-0.03512584371534122
2020-09-04,-0.008133027264274895
2020-09-08,-0.027756342102360998
2020-09-09,0.02014498633677464
2020-09-10,-0.01758479659017942
2020-09-11,0.0005330721905940639
2020-09-14,0.012741829089357504
2020-09-15,0.005219359577689042
2020-09-16,-0.004618946596211537
2020-09-17,-0.008412365876402483
2020-09-18,-0.011182581807410497
2020-09-21,-0.011571097930805796
2020-09-22,0.010517945160813724
2020-09-23,-0.023721455093028143
2020-09-24,0.0029874591429570607
2020-09-25,0.0159767237756141
2020-09-28,0.016110590199083896
2020-09-29,-0.0048126645432444715
2020-09-30,0.008253718228220741
2020-10-01,0.005292907769290922
2020-10-02,-0.009577652178616392
2020-10-05,0.01797270867614209
2020-10-06,-0.013973515692226712
2020-10-07,0.01739675486921799
2020-10-08,0.008010123642494982
2020-10-09,0.00879353312061526
2020-10-12,0.01641581296364758
2020-10-13,-0.006306918994084421
2020-10-14,-0.006623141753502759
2020-10-15,-0.0015277553060997207
2020-10-16,0.00013491955745537076
2020-10-19,-0.016329861778318078
2020-10-20,0.004727334073110212
2020-10-21,-0.0021956999281005363
2020-10-22,0.005218925396392127
2020-10-23,0.003445761353703114
2020-10-26,-0.018589516294535646
2020-10-27,-0.0030256189119989285
2020-10-28,-0.035287878760604796
2020-10-29,0.011947330894238384
2020-10-30,-0.012129550130175693
2020-11-02,0.01231820260127181
2020-11-03,0.01779929009643455
2020-11-04,0.02204704770168342
2020-11-05,0.01946019413896294
2020-11-06,-0.00028771518741854685
2020-11-09,0.01169988923568721
2020-11-10,-0.0013997945931910616
2020-11-11,0.007651855318760337
2020-11-12,-0.009978532303877019
2020-11-13,0.013610335409063534
2020-11-16,0.011648051240012336
2020-11-17,-0.004791925698091615
2020-11-18,-0.011563829610944043
2020-11-19,0.003946442467421596
2020-11-20,-0.006792562915180156
2020-11-23,0.005635930617216234
2020-11-24,0.016161668273416252
2020-11-25,-0.001584418237524976
2020-11-27,0.002396979198154181
2020-11-30,-0.004595548640170977
2020-12-01,0.011271187194776155
2020-12-02,0.0017911667548251575
2020-12-03,-0.000624157213091503
2020-12-04,0.008836275129611826
2020-12-07,-0.0019356376714373402
2020-12-08,0.002787148065356293
2020-12-09,-0.007949201604598555
2020-12-10,-0.0012851080682624305
2020-12-11,-0.0012649972997506032
2020-12-14,-0.004359258971957769
2020-12-15,0.012921249154708825
2020-12-16,0.0017727951669590514
2020-12-17,0.005757654753379748
2020-12-18,-0.0035111185091528663
2020-12-21,-0.0039062790518439305
2020-12-22,-0.002073092860288006
2020-12-23,0.000745811250824957
2020-12-24,0.0035365890047962534
2020-12-28,0.008722529021144565
2020-12-29,-0.00222738052560012
2020-12-30,0.0013415471654707467
2020-12-31,0.006438845522919845
2021-01-04,-0.014754827521051062
2021-01-05,0.007082595157549276
2021-01-06,0.005709842747752214
2021-01-07,0.014847403800101189
2021-01-08,0.005491862685268911
2021-01-11,-0.006554750898592476
2021-01-12,0.0004157884466327033
2021-01-13,0.0022756417379066196
2021-01-14,-0.0037534511943366766
2021-01-15,-0.007190027975370938
2021-01-19,0.008136379515524483
2021-01-20,0.013935625421946263
2021-01-21,0.0003167233075522802
2021-01-22,-0.0030106116552376383
2021-01-25,0.0036158389430824833
2021-01-26,-0.0014888337468982327
2021-01-27,-0.025677883699462
2021-01-28,0.009760625975629766
2021-01-29,-0.019311475173124593
2021-02-01,0.016051767614439383
2021-02-02,0.013898223484416938
2021-02-03,0.0010087690809532646
2021-02-04,0.010853322230420792
2021-02-05,0.003897495164625342
2021-02-08,0.007399348360373592
2021-02-09,-0.0011135249921484514
2021-02-10,-0.00034518493235935477
2021-02-11,0.0016624551635393559
2021-02-12,0.0047110331133788375
2021-02-16,-0.0005692724183511411
2021-02-17,-0.0003204020092266724
2021-02-18,-0.004415835627354592
2021-02-19,-0.0018548966445751658
2021-02-22,-0.0077328394581538396
2021-02-23,0.0012563181187927874
2021-02-24,0.01135161376597904
2021-02-25,-0.02447880752512621
2021-02-26,-0.004750214169902844
2021-03-01,0.023790763506800205
2021-03-02,-0.008080851690870694
2021-03-03,-0.01306622187199813
2021-03-04,-0.013417213930100202
2021-03-05,0.01949596819778221
2021-03-08,-0.005359231030161227
2021-03-09,0.01415464230382213
2021-03-10,0.006030313342701321
2021-03-11,0.010395487004435822
2021-03-12,0.0010153984958789497
2021-03-15,0.006491921301497117
2021-03-16,-0.0015696837343783798
2021-03-17,0.00287938213053085
2021-03-18,-0.014760539319459198
2021-03-19,-0.0006027039747036333
2021-03-22,0.007025118077311765
2021-03-23,-0.007630854183940605
2021-03-24,-0.00546733601831495
2021-03-25,0.005240265846959469
2021-03-26,0.016631202604519668
2021-03-29,-0.0008680126852336212
2021-03-30,-0.0031578329337678124
2021-03-31,0.0036224990395776757
2021-04-01,0.011825201774944727
2021-04-05,0.014438226417743616
2021-04-06,-0.0009735307519511682
2021-04-07,0.001475232784985625
2021-04-08,0.0042206328286402695
2021-04-09,0.007719934348738189
2021-04-12,-0.00019607884876882142
2021-04-13,0.0032944868090414303
2021-04-14,-0.004087726727828533
2021-04-15,0.01109419052516647
2021-04-16,0.0036088195555097347
2021-04-19,-0.005306560094486046
2021-04-20,-0.006802319771775922
2021-04-21,0.009306055472153574
2021-04-22,-0.009210657476561801
2021-04-23,0.010928696540176919
2021-04-26,0.001782270924804541
2021-04-27,-0.00021489588801437698
2021-04-28,-0.0008455399168898481
2021-04-29,0.006762806734045723
2021-04-30,-0.007194706699326425
2021-05-03,0.002748090747253684
2021-05-04,-0.006678337608227225
2021-05-05,0.0007034637617677753
2021-05-06,0.008165456466051824
2021-05-07,0.007373341616968343
2021-05-10,-0.010435647322188157
2021-05-11,-0.00867391280271812
2021-05-12,-0.021449400664502738
2021-05-13,0.012173141406923493
2021-05-14,0.014917956876899785
2021-05-17,-0.0025300521932207776
2021-05-18,-0.008517292959364653
2021-05-19,-0.002943411456817757
2021-05-20,0.010554741756143349
2021-05-21,-0.0007838806801412357
2021-05-24,0.009911292190138532
2021-05-25,-0.0021252837802967495
2021-05-26,0.0018768165702687245
2021-05-27,0.0011653145418315525
2021-05-28,0.0007688818911402162
2021-06-01,-0.0004923335226864056
2021-06-02,0.0014469348384307246
2021-06-03,-0.0036287033416374515
2021-06-04,0.008834095710505974
2021-06-07,-0.0007967387044511831
2021-06-08,0.00017502486450582388
2021-06-09,-0.0018238673194856947
2021-06-10,0.004652243012262192
2021-06-11,0.0019484346695590737
2021-06-14,0.0018152018730952513
2021-06-15,-0.0020116937805257917
2021-06-16,-0.005390124612855707
2021-06-17,-0.00043571559205179966
2021-06-18,-0.013124468779900589
2021-06-21,0.014002289962720793
2021-06-22,0.005124491902218642
2021-06-23,-0.0010832833431588806
2021-06-24,0.005811249724885448
2021-06-25,0.0033305973193167304
2021-06-28,0.0023149642620619026
2021-06-29,0.00027733619326086867
2021-06-30,0.0013281596467464851
2021-07-01,0.0052216268542757405
2021-07-02,0.007500081663913916
2021-07-06,-0.0020218560598241897
2021-07-07,0.003358975310182588
2021-07-08,-0.008561024934316985
2021-07-09,0.011277947808795874
2021-07-12,0.0034511743312370946
2021-07-13,-0.0035168126585656267
2021-07-14,0.0011649345752446916
2021-07-15,-0.0032622408541723713
2021-07-16,-0.007538854211077806
2021-07-19,-0.015869512427409305
2021-07-20,0.015162609437855634
2021-07-21,0.008241819990835397
2021-07-22,0.0020166699583279435
2021-07-23,0.010145452020822843
2021-07-26,0.0023821998626283314
2021-07-27,-0.0047124448070912095
2021-07-28,-0.0001862618826539153
2021-07-29,0.004206152980007483
2021-07-30,-0.0054060480514769305
2021-08-02,-0.001842805614891363
2021-08-03,0.0082034265474622
2021-08-04,-0.004632387901412294
2021-08-05,0.006005446813494242
2021-08-06,0.001675266241764728
2021-08-09,-0.0009399082741974318
2021-08-10,0.0009926793341701323
2021-08-11,0.0012757437876824707
2021-08-12,0.004146380281677686
2021-08-13,0.001607306655808216
2021-08-16,0.002620850702215849
2021-08-17,-0.00706069881494753
2021-08-18,-0.010748470745585936
2021-08-19,0.0012566922329095842
2021-08-20,0.008141567655737925
2021-08-23,0.00852379036424833
2021-08-24,0.0014957363013194946
2021-08-25,0.002220118224179668
2021-08-26,-0.005824918819612557
2021-08-27,0.008807632480425154
2021-08-30,0.004306570844779589
2021-08-31,-0.0013491160395050494
2021-09-01,0.0003116886257619189
2021-09-02,0.002842638410522902
2021-09-03,-0.0003350311257153127
2021-09-07,-0.003395574405981705
2021-09-08,-0.001318566739775151
2021-09-09,-0.004605608657393345
2021-09-10,-0.007722578759925436
2021-09-13,0.0022764876184568905
2021-09-14,-0.00574663850657553
2021-09-15,0.008473996979569742
2021-09-16,-0.0015511404489350067
2021-09-17,-0.009110872450405094
2021-09-20,-0.01697731100841482
2021-09-21,-0.0008123585165593639
2021-09-22,0.009519611195260236
2021-09-23,0.012134715784494876
2021-09-24,0.001461009046688222
2021-09-27,-0.0027763826213396126
2021-09-28,-0.020364110556098214
2021-09-29,0.0015691842194003325
2021-09-30,-0.011909714125195148
2021-10-01,0.01149147763018199
2021-10-04,-0.012985898136748442
2021-10-05,0.010524514660609219
2021-10-06,0.004102792854185466
2021-10-07,0.008298280656405366
2021-10-08,-0.0019137230947889883
2021-10-11,-0.006865763848056816
2021-10-12,-0.0024167805585421087
2021-10-13,0.00302251448379387
2021-10-14,0.01706310194558336
2021-10-15,0.007460210377712606
2021-10-18,0.00337476955709759
2021-10-19,0.007393339551406308
2021-10-20,0.0036640298040166996
2021-10-21,0.002995871849622578
2021-10-22,-0.0010725536274130976
2021-10-25,0.004748196569493546
2021-10-26,0.0018197952535197182
2021-10-27,-0.005051568068462853
2021-10-28,0.009829281576461124
2021-10-29,0.001949334719149265
2021-11-01,0.0018000771431341267
2021-11-02,0.0036803630854131963
2021-11-03,0.006461279195357994
2021-11-04,0.004181942361150437
2021-11-05,0.003732799652949259
2021-11-08,0.0008877879113036169
2021-11-09,-0.003498775895770745
2021-11-10,-0.008225823395229703
2021-11-11,0.0005509400447352153
2021-11-12,0.007222656026415475
2021-11-15,-1.0739820344718431e-05
2021-11-16,0.003865229864862485
2021-11-17,-0.002601625374463401
2021-11-18,0.0033847802152713324
2021-11-19,-0.001398665559303236
2021-11-22,-0.0031971365563219223
2021-11-23,0.001657132912945114
2021-11-24,0.0022938506357221833
2021-11-26,-0.022724822637582465
2021-11-29,0.013200199537034996
2021-11-30,-0.01896131033450521
2021-12-01,-0.011815187417889228
2021-12-02,0.01419443613158311
2021-12-03,-0.008448563730297565
2021-12-06,0.011730872577451423
2021-12-07,0.020707080374404274
2021-12-08,0.0030852853123166657
2021-12-09,-0.007181080169894716
2021-12-10,0.009549073338481762
2021-12-13,-0.009136167611567658
2021-12-14,-0.0074706775774360246
2021-12-15,0.016348464630746795
2021-12-16,-0.008743415379980468
2021-12-17,-0.010287680637092622
2021-12-20,-0.01138805785140995
2021-12-21,0.017777934551572505
2021-12-22,0.010180197220578835
2021-12-23,0.006223699921661829
2021-12-27,0.01383893524747526
2021-12-28,-0.0010101548486260992
2021-12-29,0.0014018951394270118
2021-12-30,-0.0029897555945093135
2021-12-31,-0.0026261799136575448
2022-01-03,0.006374052530970564
2022-01-04,-0.000629621957060511
2022-01-05,-0.019392757790687165
2022-01-06,-0.0009637690162076495
2022-01-07,-0.004050216740091761
2022-01-10,-0.0014410312534549607
2022-01-11,0.009159984668711818
2022-01-12,0.002817754443029452
2022-01-13,-0.0142436152864307
2022-01-14,0.0008199802697488323
2022-01-18,-0.018387945694007368
2022-01-19,-0.009689541868338813
2022-01-20,-0.01103737849414832
2022-01-21,-0.018914821867908604
2022-01-24,0.002771738943381896
2022-01-25,-0.012171906253646725
2022-01-26,-0.0014966358477518371
2022-01-27,-0.00538408875771057
2022-01-28,0.024347646888076113
2022-01-31,0.018885951732779516
2022-02-01,0.00686300355780145
2022-02-02,0.00942251544733641
2022-02-03,-0.024391082077444004
2022-02-04,0.0051569298644233985
2022-02-07,-0.0037017126347429485
2022-02-08,0.008401207191663262
2022-02-09,0.014517207887505545
2022-02-10,-0.01811572566845976
2022-02-11,-0.01896945434456343
2022-02-14,-0.0038405967262932217
2022-02-15,0.01576672117072042
2022-02-16,0.0008812077558950637
2022-02-17,-0.021173138152195015
2022-02-18,-0.0071661613961429005
2022-02-22,-0.010142945264832837
2022-02-23,-0.018412122845487655
2022-02-24,0.014956856067329216
2022-02-25,0.022372677655603468
2022-02-28,-0.002442603440647617
2022-03-01,-0.015473503680411893
2022-03-02,0.018642691757321028
2022-03-03,-0.005254666430088317
2022-03-04,-0.007934042550334475
2022-03-07,-0.029518158313449172
2022-03-08,-0.00723375351819977
2022-03-09,0.02569824789143582
2022-03-10,-0.004291813651667864
2022-03-11,-0.012961545123475138
2022-03-14,-0.007421002465963666
2022-03-15,0.021408574170870942
2022-03-16,0.02238376135718223
2022-03-17,0.01234781757145198
2022-03-18,0.011662294827948783
2022-03-21,-0.00043466036210393355
2022-03-22,0.0113041136006502
2022-03-23,-0.012272698789159042
2022-03-24,0.01434391292056647
2022-03-25,0.005066170567449069
2022-03-28,0.007144955276586762
2022-03-29,0.012256547427530462
2022-03-30,-0.0062937001746978805
2022-03-31,-0.015652540713177343
2022-04-01,0.0034102225843584133
2022-04-04,0.008090938687879357
2022-04-05,-0.012551720801807331
2022-04-06,-0.009716916613271898
2022-04-07,0.004253385628492534
2022-04-08,-0.002651026482054286
2022-04-11,-0.01687729010355421
2022-04-12,-0.003417447717741773
2022-04-13,0.011174577597236057
2022-04-14,-0.01214413784439794
2022-04-18,-0.0002048682840329885
2022-04-19,0.016057604355527166
2022-04-20,-0.0006184750715809706
2022-04-21,-0.014752948498371943
2022-04-22,-0.027740054250753654
2022-04-25,0.005697936985382235
2022-04-26,-0.028146308431003852
2022-04-27,0.0020980468517017847
2022-04-28,0.02474690007293945
2022-04-29,-0.036284507106413955
2022-05-02,0.005675242812353654
2022-05-03,0.004837126381486367
2022-05-04,0.02986242108440229
2022-05-05,-0.035649708609806985
2022-05-06,-0.0056742248424840325
2022-05-09,-0.03203710063235676
2022-05-10,0.0024578974498534745
2022-05-11,-0.01646320750393837
2022-05-12,-0.0012959645058717717
2022-05-13,0.02386969542307149
2022-05-16,-0.003946400929555671
2022-05-17,0.020169632234863677
2022-05-18,-0.04039526078745259
2022-05-19,-0.005833781800992588
2022-05-20,0.00014614176965843662
2022-05-23,0.018555039930923556
2022-05-24,-0.008120797617175213
2022-05-25,0.009450764734207695
2022-05-26,0.019883256167224195
2022-05-27,0.02474226295510973
2022-05-31,-0.006274368617659065
2022-06-01,-0.007482768681131846
2022-06-02,0.018431018038486124
2022-06-03,-0.016347313992415624
2022-06-06,0.003137400778913113
2022-06-07,0.009523393173235029
2022-06-08,-0.010793945785935621
2022-06-09,-0.02379869397635359
2022-06-10,-0.029110303335524668
2022-06-13,-0.038768430665237275
2022-06-14,-0.0037736797459957394
2022-06-15,0.014592504858983224
2022-06-16,-0.03251195148816344
2022-06-17,0.002200865698254617
2022-06-21,0.024477242280086964
2022-06-22,-0.0013015723144006452
2022-06-23,0.009532217409177868
2022-06-24,0.03056329358583576
2022-06-27,-0.0029730715337762392
2022-06-28,-0.020143036075892073
2022-06-29,-0.0007117454091590814
2022-06-30,-0.008759278267998716
2022-07-01,0.010553814029047315
2022-07-05,0.0015841285142366157
2022-07-06,0.0035731642904301975
2022-07-07,0.014964587965241805
2022-07-08,-0.000830271529819071
2022-07-11,-0.011527461422777274
2022-07-12,-0.009243878717321574
2022-07-13,-0.0044569025122100925
2022-07-14,-0.00299863390215227
2022-07-15,0.01920124935943668
2022-07-18,-0.008363571580831342
