Date,ZT=F
2012-03-30,
2012-04-02,-0.000496489112703058
2012-04-03,-0.0007805847289241719
2012-04-04,0.00028407073361269575
2012-04-05,7.099751508699015e-05
2012-04-09,0.0006389322731790159
2012-04-10,0.0006385242993969253
2012-04-11,-7.090187180947005e-05
2012-04-12,0.0001418137984825485
2012-04-13,0.00021269053527128712
2012-04-16,7.088176920899691e-05
2012-04-17,-7.08767453398984e-05
2012-04-18,0.00014176353841799383
2012-04-19,0.0
2012-04-20,0.0
2012-04-23,0.00028348688873136574
2012-04-24,-0.00014170327334561694
2012-04-25,0.0
2012-04-26,0.0002125850340135571
2012-04-27,-7.08466170740163e-05
2012-04-30,7.085163667275296e-05
2012-05-01,-0.0001416932341480326
2012-05-02,0.0
2012-05-03,7.085665698292054e-05
2012-05-04,0.00014170327334550592
2012-05-07,-7.08415981864885e-05
2012-05-08,7.08466170740163e-05
2012-05-09,0.0
2012-05-10,-7.08415981864885e-05
2012-05-11,0.0
2012-05-14,-7.08466170740163e-05
2012-05-15,-0.0002125549100183699
2012-05-16,-0.0002126000992134225
2012-05-17,-0.00021264530762687972
2012-05-18,7.089684509042904e-05
2012-05-21,0.0
2012-05-22,-7.089181908404019e-05
2012-05-23,0.0002835873803614941
2012-05-24,-0.0002835069813593716
2012-05-25,0.00021269053527128712
2012-05-29,-7.088176920899691e-05
2012-05-30,0.00028354717516121397
2012-05-31,0.00014173339947554098
2012-06-01,0.00021256997094876162
2012-06-04,-0.00014168319637286597
2012-06-05,7.085163667275296e-05
2012-06-06,-0.0002833864682961762
2012-06-07,-7.086669973777049e-05
2012-06-08,-7.087172218289695e-05
2012-06-11,-7.08767453398984e-05
2012-06-12,-0.00028352707683587663
2012-06-13,-7.090187180947005e-05
2012-06-14,-7.090689924127425e-05
2012-06-15,0.00028364770954469876
2012-06-18,-0.0001417836381681914
2012-06-19,0.0
2012-06-20,-0.0003545093590471282
2012-06-21,7.092701610034169e-05
2012-06-22,-7.092198581559739e-05
2012-06-25,7.092701610034169e-05
2012-06-26,0.0
2012-06-27,0.0
2012-06-28,0.0
2012-06-29,-0.00014184397163119478
2012-07-02,-7.093204709884837e-05
2012-07-03,-0.00028374831524435873
2012-07-05,0.0003547860640034095
2012-07-06,0.0003546602354944639
2012-07-09,0.00021272069772382274
2012-07-10,-7.089181908404019e-05
2012-07-11,7.089684509042904e-05
2012-07-12,0.00021267545725223158
2012-07-13,0.0001417534906797968
2012-07-16,0.0004960668981646155
2012-07-17,-0.0002833262501771294
2012-07-18,0.0002834065466912339
2012-07-19,0.0001416631250885647
2012-07-20,0.00014164305949004863
2012-07-23,-7.081149978760415e-05
2012-07-24,7.08165144112094e-05
2012-07-25,-0.00014162299957509727
2012-07-26,-0.00014164305949004863
2012-07-27,-0.0004249893752655831
2012-07-30,0.0004251700680271142
2012-07-31,7.083156254417133e-05
2012-08-01,-0.00028330618315741685
2012-08-02,7.08466170740163e-05
2012-08-03,-0.00021252479455935447
2012-08-06,7.085665698292054e-05
2012-08-07,-0.00042510982003685083
2012-08-08,-0.00028352707683587663
2012-08-09,0.0
2012-08-10,0.0002127056154281881
2012-08-13,0.0
2012-08-14,-0.00014177358758060699
2012-08-15,-0.00028358738036160513
2012-08-16,-7.09169562442824e-05
2012-08-17,0.0
2012-08-20,7.092198581570841e-05
2012-08-21,-0.00014183391248845378
2012-08-22,0.0004255620966024942
2012-08-23,0.00021269053527128712
2012-08-24,-0.00021264530762687972
2012-08-27,0.00014179369018085808
2012-08-28,-0.00014177358758060699
2012-08-29,-0.00014179369018074706
2012-08-30,0.000283627596965097
2012-08-31,0.0004962075565322355
2012-09-04,-0.0002125549100183699
2012-09-05,-7.086669973777049e-05
2012-09-06,-0.0004961020552799456
2012-09-07,0.000283627596965097
2012-09-10,7.088679379041452e-05
2012-09-11,7.088176920899691e-05
2012-09-12,7.08767453398984e-05
2012-09-13,0.0002126151665484688
2012-09-14,-0.0003542832849146027
2012-09-17,0.0
2012-09-18,0.0
2012-09-19,-0.00021264530762687972
2012-09-20,7.089684509042904e-05
2012-09-21,0.0
2012-09-24,-0.0001417836381681914
2012-09-25,7.090187180947005e-05
2012-09-26,0.00014179369018085808
2012-09-27,0.0002126603813710215
2012-09-28,7.087172218289695e-05
2012-10-01,0.00021260009921331147
2012-10-02,0.0
2012-10-03,0.00014170327334550592
2012-10-04,-0.00028336639274584297
2012-10-05,-0.00028344671201818716
2012-10-08,7.088176920899691e-05
2012-10-09,-7.08767453398984e-05
2012-10-10,-7.088176920899691e-05
2012-10-11,-7.088679379030349e-05
2012-10-12,0.00014178363816808037
2012-10-15,7.088176920899691e-05
2012-10-16,-0.0002835069813593716
2012-10-17,-0.0004962779156327812
2012-10-18,0.0
2012-10-19,-7.093204709884837e-05
2012-10-22,-0.00014187415762223488
2012-10-23,0.00028378857750976927
2012-10-24,7.092701610034169e-05
2012-10-25,-0.00042553191489358433
2012-10-26,0.00028380871292754684
2012-10-31,0.00021279614129654512
2012-11-01,0.0001418339124885648
2012-11-02,-7.090689924127425e-05
2012-11-05,0.0002127357821586351
2012-11-06,-0.00028358738036160513
2012-11-07,0.0004964186937097548
2012-11-08,0.00014176353841799383
2012-11-09,-7.087172218289695e-05
2012-11-12,7.08767453398984e-05
2012-11-13,0.0001417434443657939
2012-11-14,0.0
2012-11-15,7.086167800451904e-05
2012-11-16,0.0
2012-11-19,-7.085665698292054e-05
2012-11-20,-0.00028344671201818716
2012-11-21,-0.00021264530762687972
2012-11-23,0.0
2012-11-26,7.089684509042904e-05
2012-11-27,7.089181908415121e-05
2012-11-28,0.00014177358758060699
2012-11-29,0.0
2012-11-30,0.0001417534906797968
2012-12-03,-7.086669973777049e-05
2012-12-04,0.0002126151665484688
2012-12-05,-7.085665698292054e-05
2012-12-06,0.0
2012-12-07,7.086167800451904e-05
2012-12-10,0.0
2012-12-11,0.0
2012-12-12,-7.085665698292054e-05
2012-12-13,0.0
2012-12-14,0.00028344671201807614
2012-12-17,-0.00014168319637286597
2012-12-18,-0.0004959614567096038
2012-12-19,0.0
2012-12-20,0.0
2012-12-21,0.00014177358758060699
2012-12-24,0.0
2012-12-26,0.0
2012-12-27,0.00021263023601947317
2012-12-28,7.086167800451904e-05
2012-12-31,0.0
2013-01-02,-0.0003542832849146027
2013-01-03,-0.00021264530762687972
2013-01-04,-0.00014179369018074706
2013-01-07,0.0
2013-01-08,0.000283627596965097
2013-01-09,0.00028354717516121397
2013-01-10,-0.00014173339947554098
2013-01-11,7.08767453398984e-05
2013-01-14,7.087172218289695e-05
2013-01-15,0.0
2013-01-16,-7.086669973777049e-05
2013-01-17,-0.00028348688873136574
2013-01-18,0.00014178363816808037
2013-01-22,0.00014176353841799383
2013-01-23,0.0
2013-01-24,0.0
2013-01-25,-0.0007087172218285254
2013-01-28,-0.00014184397163119478
2013-01-29,0.0003546602354944639
2013-01-30,7.090689924127425e-05
2013-01-31,0.0002127056154281881
2013-02-01,0.0
2013-02-04,7.088679379041452e-05
2013-02-05,-0.0001417635384178828
2013-02-06,0.0002835672763363828
2013-02-07,-7.087172218289695e-05
2013-02-08,0.0
2013-02-11,-7.08767453398984e-05
2013-02-12,-0.00021264530762687972
2013-02-13,-0.00014179369018074706
2013-02-14,0.00021272069772382274
2013-02-15,-7.089181908404019e-05
2013-02-19,-7.089684509042904e-05
2013-02-20,0.0001418037436189401
2013-02-21,0.00014178363816808037
2013-02-22,7.088176920899691e-05
2013-02-25,0.00021263023601947317
2013-02-26,0.00014172335600903807
2013-02-27,-0.00014170327334561694
2013-02-28,7.086167800451904e-05
2013-03-01,7.085665698292054e-05
2013-03-04,0.0
2013-03-05,-7.085163667275296e-05
2013-03-06,-0.00014171331396584108
2013-03-07,-0.00014173339947554098
2013-03-08,0.0
2013-03-11,-7.08767453398984e-05
2013-03-12,0.0
2013-03-13,-7.088176920899691e-05
2013-03-14,-0.00014177358758060699
2013-03-15,0.0002835873803614941
2013-03-18,0.0
2013-03-19,0.00021263023601947317
2013-03-20,-0.00014172335600903807
2013-03-21,-0.00014174344436568287
2013-03-22,7.088176920899691e-05
2013-03-25,7.08767453398984e-05
2013-03-26,0.0
2013-03-27,0.0
2013-03-28,0.0001417434443657939
2013-04-01,-0.0002125850340135571
2013-04-02,0.0
2013-04-03,0.0002835069813593716
2013-04-04,0.0
2013-04-05,0.0
2013-04-08,0.0
2013-04-09,-7.085665698292054e-05
2013-04-10,0.0
2013-04-11,0.0
2013-04-12,7.086167800451904e-05
2013-04-15,7.085665698292054e-05
2013-04-16,0.0
2013-04-17,0.0
2013-04-18,0.0
2013-04-19,-7.085163667275296e-05
2013-04-22,0.00014171331396584108
2013-04-23,0.0
2013-04-24,-7.08466170740163e-05
2013-04-25,0.00014170327334550592
2013-04-26,0.0002125247945594655
2013-04-29,7.082654578938197e-05
2013-04-30,0.0
2013-05-01,0.00014164305949004863
2013-05-02,0.0
2013-05-03,-0.00028324599915030557
2013-05-06,0.0
2013-05-07,-0.0001416631250885647
2013-05-08,0.0
2013-05-09,0.0
2013-05-10,-0.00021252479455935447
2013-05-13,-7.085665698292054e-05
2013-05-14,0.0
2013-05-15,7.086167800451904e-05
2013-05-16,0.00021256997094876162
2013-05-17,-0.00035420799093222044
2013-05-20,7.086669973777049e-05
2013-05-21,7.086167800451904e-05
2013-05-22,-0.00021256997094876162
2013-05-23,7.087172218289695e-05
2013-05-24,-7.086669973777049e-05
2013-05-28,-0.0005669737774628425
2013-05-29,0.0
2013-05-30,0.0
2013-05-31,-7.091192738617469e-05
2013-06-03,0.0001418339124885648
2013-06-04,0.0
2013-06-05,7.090689924127425e-05
2013-06-06,7.090187180947005e-05
2013-06-07,-0.00014179369018074706
2013-06-10,-0.00021272069772393376
2013-06-11,-7.092198581559739e-05
2013-06-12,-0.00014185403220090542
2013-06-13,0.00028374831524446975
2013-06-14,0.0006382526061980975
2013-06-17,7.087172218289695e-05
2013-06-18,7.086669973777049e-05
2013-06-19,-0.0004960317460317443
2013-06-20,-0.0004253810705423522
2013-06-21,-0.0007092701610043051
2013-06-24,-0.0004258641493363191
2013-06-25,-0.00014201519562595522
2013-06-26,0.0005681414672253915
2013-06-27,0.0006387962240046452
2013-06-28,-0.0004255922825933123
2013-07-01,-0.0008515469770081774
2013-07-02,7.102272727266268e-05
2013-07-03,-0.00035508841701581417
2013-07-05,-0.0005683432793407439
2013-07-08,0.0005686664771111793
2013-07-09,0.0
2013-07-10,7.104290991755136e-05
2013-07-11,0.0007103786318107819
2013-07-12,-0.00028394974089585023
2013-07-15,0.00035503798906488804
2013-07-16,0.0002129471890970347
2013-07-17,0.00035483642041023167
2013-07-18,-0.0001418842224744088
2013-07-19,0.00021285653469571564
2013-07-22,-7.093707881111744e-05
2013-07-23,-7.094211123725991e-05
2013-07-24,-0.0003547357218871561
2013-07-25,0.00014194464158978626
2013-07-26,0.0005676979846720442
2013-07-29,-7.092198581559739e-05
2013-07-30,-7.092701610045271e-05
2013-07-31,0.00014186409419769674
2013-08-01,-0.00042553191489358433
2013-08-02,0.0005676174258548716
2013-08-05,-0.00014182385477234938
2013-08-06,7.092198581570841e-05
2013-08-07,7.09169562442824e-05
2013-08-08,7.091192738628571e-05
2013-08-09,-7.090689924127425e-05
2013-08-12,0.0
2013-08-13,-0.0004963834917033338
2013-08-14,7.09471443773868e-05
2013-08-15,-0.0002837684449489286
2013-08-16,-0.0002128867442520166
2013-08-19,-7.097735822270135e-05
2013-08-20,0.00028392958546286096
2013-08-21,-0.0003548112404201387
2013-08-22,-0.0005678994817917005
2013-08-23,0.00014205554371748974
2013-08-26,0.00021305305020957732
2013-08-27,0.00028401022436796985
2013-08-28,-0.00028392958546274993
2013-08-29,7.100255609193695e-05
2013-08-30,0.00021299254526097045
2013-09-03,-0.0005678591709256109
2013-09-04,-0.0007812499999999556
2013-09-05,-0.0008529390859336461
2013-09-06,0.0009248061464040003
2013-09-09,0.00035536602700791953
2013-09-10,-0.0004973357015986002
2013-09-11,0.0004975831674722819
2013-09-12,0.00021314387211357477
2013-09-13,-7.103281716147603e-05
2013-09-16,0.000781416494991749
2013-09-17,0.00035491198182846517
2013-09-18,0.0007805293408074121
2013-09-19,-7.090187180947005e-05
2013-09-20,0.0
2013-09-23,-0.0001418137984825485
2013-09-24,7.09169562442824e-05
2013-09-25,0.00014182385477234938
2013-09-26,0.0
2013-09-27,0.0001418037436189401
2013-09-30,-0.0001417836381681914
2013-10-01,-0.0007799205899036155
2013-10-02,0.0002838288512028164
2013-10-03,0.00014187415762223488
2013-10-04,-0.0002127810483012471
2013-10-07,-0.0003547105561861885
2013-10-08,-0.0006387055567383948
2013-10-09,0.0005681011219997867
2013-10-10,7.09723207947821e-05
2013-10-11,0.0002129018522460946
2013-10-14,-0.0004966652476231515
2013-10-15,0.00028394974089596126
2013-10-16,0.0002838691363280521
2013-10-17,0.00028378857750976927
2013-10-18,0.0
2013-10-21,-7.092701610045271e-05
2013-10-22,0.0004255922825933123
2013-10-23,-0.00028360748723765816
2013-10-24,-7.092198581559739e-05
2013-10-25,0.0002127810483012471
2013-10-28,0.0
2013-10-29,0.00014182385477234938
2013-10-30,7.090187180947005e-05
2013-10-31,0.00014179369018085808
2013-11-01,-0.00014177358758060699
2013-11-04,0.00021269053527128712
2013-11-05,0.0
2013-11-06,0.0002835270768357656
2013-11-07,7.086167800451904e-05
2013-11-08,-0.00042513994189752324
2013-11-11,-7.088679379030349e-05
2013-11-12,-0.00028356727633627177
2013-11-13,0.0002127357821586351
2013-11-14,0.0004962779156327812
2013-11-15,-7.086167800451904e-05
2013-11-18,0.00021260009921331147
2013-11-19,-0.0002834065466912339
2013-11-20,0.00042523033309715963
2013-11-21,7.08415981864885e-05
2013-11-22,-0.00021250974002973155
2013-11-25,-7.085163667275296e-05
2013-11-26,0.00014171331396584108
2013-11-27,0.0001416932341480326
2013-11-29,0.0
2013-12-02,-7.083658000994753e-05
2013-12-03,0.0
2013-12-04,-0.00014168319637286597
2013-12-05,-0.00014170327334561694
2013-12-06,-7.086167800451904e-05
2013-12-09,-7.086669973777049e-05
2013-12-10,0.0001417434443657939
2013-12-11,-0.00014172335600903807
2013-12-12,-0.0004252303330970486
2013-12-13,7.090187180947005e-05
2013-12-16,-7.089684509042904e-05
2013-12-17,0.0001418037436189401
2013-12-18,0.0002835672763363828
2013-12-19,-0.0004961020552799456
2013-12-20,-7.090689924127425e-05
2013-12-23,0.00014182385477234938
2013-12-24,-7.090187180947005e-05
2013-12-26,-0.0001418137984825485
2013-12-27,0.0001418339124885648
2013-12-30,0.00035453449620637123
2013-12-31,-0.0004961723844627564
2014-01-02,-0.002340259556059876
2014-01-03,-0.0002843332385555897
2014-01-06,0.00021331058020468419
2014-01-07,7.108836283498121e-05
2014-01-08,-0.0007108330963889742
2014-01-09,0.0
2014-01-10,0.0011381419832123818
2014-01-13,0.0003552650277107716
2014-01-14,-0.000568222174870403
2014-01-15,-0.00021320446308004115
2014-01-16,7.108330963889742e-05
2014-01-17,0.00014215651432225584
2014-01-21,7.106815436008773e-05
2014-01-22,-0.0004974417282547217
2014-01-23,0.0007820831852114463
2014-01-24,0.00028417163967042747
2014-01-27,-7.10227272727737e-05
2014-01-28,0.00021308331557645666
2014-01-29,0.0004970884817496746
2014-01-30,7.097735822281237e-05
2014-01-31,0.00021291696238456836
2014-02-03,0.0004967004896048177
2014-02-04,-0.00014184397163119478
2014-02-05,-0.00014186409419780777
2014-02-06,-0.0001418842224744088
2014-02-07,0.00035476089115937803
2014-02-10,-7.092701610045271e-05
2014-02-11,-0.0003546602354943529
2014-02-12,-0.0002838288512027054
2014-02-13,0.0004968415075590205
2014-02-14,0.0
2014-02-18,0.0002837684449488176
2014-02-19,-0.00028368794326238955
2014-02-20,-7.094211123725991e-05
2014-02-21,0.0001418942887547736
2014-02-24,-0.00014187415762223488
2014-02-25,0.0001418942887547736
2014-02-26,0.00028374831524446975
2014-02-27,0.0001418339124885648
2014-02-28,-7.090689924127425e-05
2014-03-03,0.00028364770954469876
2014-03-04,-0.00042535091450446316
2014-03-05,7.092198581570841e-05
2014-03-06,-0.00035458478122118997
2014-03-07,-0.0005675368898978572
2014-03-10,7.098239636560422e-05
2014-03-11,0.0
2014-03-12,0.00021293207466821507
2014-03-13,0.0003548112404201387
2014-03-14,0.0
2014-03-17,-0.0002128112364332413
2014-03-18,0.00021285653469571564
2014-03-19,-0.001134993260977546
2014-03-20,-7.101768340311843e-05
2014-03-21,0.0001420454545455474
2014-03-24,-0.00028405056099989334
2014-03-25,0.00028413126864612614
2014-03-26,0.0004260758414997845
2014-03-27,7.098239636560422e-05
2014-03-28,0.0
2014-03-31,0.00035488679111361776
2014-04-01,-0.003050943663970518
2014-04-02,-0.000427015870756553
2014-04-03,0.0
2014-04-04,0.0008543965824137079
2014-04-07,0.0003556946716938292
2014-04-08,7.111363959610983e-05
2014-04-09,0.0004977600796416404
2014-04-10,0.0005685856432124936
2014-04-11,-7.103281716147603e-05
2014-04-14,-0.00014207572636215637
2014-04-15,-0.0001420959147424572
2014-04-16,-0.00014211610886094572
2014-04-17,-0.0004264089261601933
2014-04-21,7.109847138275782e-05
2014-04-22,-0.00021328025024880404
2014-04-23,0.0002844343312238262
2014-04-24,-7.108836283498121e-05
2014-04-25,0.00021328025024880404
2014-04-28,0.0
2014-04-29,-0.00021323477148338377
2014-04-30,0.0004265605004976081
2014-05-01,0.0001421262080727459
2014-05-02,-0.0002842120221685507
2014-05-05,7.107320540167272e-05
2014-05-06,-7.106815435997671e-05
2014-05-07,0.0004975124378110429
2014-05-08,0.00021311358954312354
2014-05-09,0.0001420454545455474
2014-05-12,-0.00021303792074989225
2014-05-13,0.00021308331557645666
2014-05-14,0.0004260758414997845
2014-05-15,0.00014196479273143048
2014-05-16,-7.097232079489313e-05
2014-05-19,0.0002839094328908054
2014-05-20,0.0001419144256014082
2014-05-21,-7.09471443773868e-05
2014-05-22,-0.00021285653469560462
2014-05-23,0.0002129018522460946
2014-05-27,-0.00014190435646377342
2014-05-28,0.0003548112404201387
2014-05-29,0.0
2014-05-30,0.0
2014-06-02,-0.0004256224728665936
2014-06-03,0.0
2014-06-04,-0.00014193456816402605
2014-06-05,0.0002839094328908054
2014-06-06,-0.0002838288512027054
2014-06-09,-0.00035488679111361776
2014-06-10,-0.00014200511218398493
2014-06-11,0.0
2014-06-12,0.00014202528050000218
2014-06-13,-0.0004260153365520658
2014-06-16,-0.00028413126864612614
2014-06-17,-0.0002842120221685507
2014-06-18,0.0001421464108031234
2014-06-19,0.0004263786242182377
2014-06-20,7.103281716158705e-05
2014-06-23,0.0
2014-06-24,-7.102777185874487e-05
2014-06-25,0.0003551640858077132
2014-06-26,0.00028403039125191043
2014-06-27,7.098743522404583e-05
2014-06-30,0.0
2014-07-01,-0.0026263486655309087
2014-07-02,-0.0004981851825492933
2014-07-03,-0.0005696382796923638
2014-07-07,-7.124536905100953e-05
2014-07-08,0.00014250089063061466
2014-07-09,0.00014248058702004407
2014-07-10,0.0007835315905690976
2014-07-11,0.000213523131672666
2014-07-14,-0.0002846367323703358
2014-07-15,-0.0003558972168837826
2014-07-16,-0.0002848191398462374
2014-07-17,0.00042735042735042583
2014-07-18,-7.119464616256455e-05
2014-07-21,-0.0003559985760056561
2014-07-22,0.0002849002849003579
2014-07-23,0.00021361435488453928
2014-07-24,-0.00035594788922899134
2014-07-25,7.121492664863283e-05
2014-07-28,-7.120985544395442e-05
2014-07-29,7.121492664863283e-05
2014-07-30,-0.000498468988107903
2014-07-31,0.0004987175833570667
2014-08-01,0.0011393576871039368
2014-08-04,0.0
2014-08-05,-7.112881428261719e-05
2014-08-06,0.00014226774790149221
2014-08-07,0.00035561877667134034
2014-08-08,-7.109847138286884e-05
2014-08-11,-7.110352673489473e-05
2014-08-12,7.110858280601207e-05
2014-08-13,0.00028441410693980096
2014-08-14,7.108330963889742e-05
2014-08-15,0.00014215651432225584
2014-08-18,-7.106815435997671e-05
2014-08-19,-0.0001421464108031234
2014-08-20,-0.0007819164060278716
2014-08-21,7.113893433885465e-05
2014-08-22,-0.00028453549580309545
2014-08-25,-0.00021346235947061754
2014-08-26,0.000213507935378221
2014-08-27,0.00028461647929423073
2014-08-28,0.00021340162185223832
2014-08-29,0.00028447478842186236
2014-09-02,-0.0005687877710629508
2014-09-03,0.00014227786867748726
2014-09-04,-0.0002133864428479626
2014-09-05,0.0004980079681276006
2014-09-08,-0.00035554291402972726
2014-09-09,-0.0004268032437046987
2014-09-10,-0.000142328494164512
2014-09-11,0.000213523131672666
2014-09-12,7.115918309263947e-05
2014-09-15,0.00028461647929423073
2014-09-16,0.0002845354958032065
2014-09-17,-0.00035556819798032713
2014-09-18,-0.00014227786867748726
2014-09-19,7.114905727489962e-05
2014-09-22,0.0004268639726807688
2014-09-23,0.0002844545583842173
2014-09-24,-0.0002843736669984054
2014-09-25,0.0004977954771725468
2014-09-26,-0.0003553912858056396
2014-09-29,7.110352673489473e-05
2014-09-30,0.0001421969427657377
2014-10-01,-0.0031278879647401725
2014-10-02,-0.00014262283391575092
2014-10-03,-0.0005705727123600512
2014-10-06,0.0007136230642974528
2014-10-07,0.00042786850174714175
2014-10-08,0.0010692137714733985
2014-10-09,0.00014240956992317422
2014-10-10,0.0002847785846504802
2014-10-13,0.000711743772241924
2014-10-14,0.000568990042674189
2014-10-15,0.0014216661927779484
2014-10-16,-0.0007098239636570414
2014-10-17,-0.0006392953544537283
2014-10-20,0.0004975478001278955
2014-10-21,-7.104290991755136e-05
2014-10-22,-0.0002841918294849144
2014-10-23,-0.0003553407718001056
2014-10-24,0.0001421868334992027
2014-10-27,0.0002843332385555897
2014-10-28,-7.106310403637295e-05
2014-10-29,-0.0011370904697605155
2014-10-30,7.114905727489962e-05
2014-10-31,-0.0002845759817871052
2014-11-03,-0.000284656988329024
2014-11-04,0.0
2014-11-05,-0.0002135535307516978
2014-11-06,-0.0002847988608045693
2014-11-07,0.0007834199843315126
2014-11-10,-0.0006404782237403595
2014-11-11,-0.00021362956633197427
2014-11-12,0.00021367521367521292
2014-11-13,0.00042725913266394855
2014-11-14,0.00021353833013026957
2014-11-17,7.11642470823115e-05
2014-11-18,7.115918309263947e-05
2014-11-19,-0.00021346235947061754
2014-11-20,0.00035584655896370165
2014-11-21,0.00014228799089366362
2014-11-24,0.00014226774790149221
2014-11-25,0.00042674253200569723
2014-11-26,0.00021328025024880404
2014-11-28,0.00042646954296676753
2014-12-01,0.0
2014-12-02,-0.0005683836589698288
2014-12-03,-0.0004265301770099983
2014-12-04,0.00028447478842186236
2014-12-05,-0.00177746178457161
2014-12-08,0.00014245014245006793
2014-12-09,0.00014242985329726565
2014-12-10,0.0008544574195386012
2014-12-11,-0.0005691519635743214
2014-12-12,0.001067767653758489
2014-12-15,-0.0007110858280594545
2014-12-16,0.0004981142816480322
2014-12-17,-0.0008534850640113945
2014-12-18,-0.00028473804100226374
2014-12-19,-0.0002848191398462374
2014-12-22,-0.00021367521367521292
2014-12-23,-0.0005699223480800653
2014-12-24,-0.00014256183619643092
2014-12-26,0.0
2014-12-29,0.00042774648891419353
2014-12-30,0.0002850424000571117
2014-12-31,7.124029350991101e-05
2015-01-02,-0.0032055848411454146
2015-01-05,0.00014292860716080824
2015-01-06,0.0006430868167202064
2015-01-07,0.0004284490145671782
2015-01-08,0.00014275517487516431
2015-01-09,0.0006423065943477191
2015-01-12,0.0004992511233150587
2015-01-13,0.0004990019960080527
2015-01-14,0.0008550053437834659
2015-01-15,0.0008542749341495792
2015-01-16,-0.0006401593285439988
2015-01-20,-0.000142348754448407
2015-01-21,-0.0002135535307516978
2015-01-22,-0.00042719829120685393
2015-01-23,0.0005698411567776063
2015-01-26,-0.0004983270449205879
2015-01-27,0.0002849002849003579
2015-01-28,0.000712047849615427
2015-01-29,-0.00021346235947061754
2015-01-30,0.0009963703650985867
2015-02-02,7.109847138275782e-05
2015-02-03,-0.0006398407507465231
2015-02-04,-0.00021341680301634192
2015-02-05,-0.00014230823964711536
2015-02-06,-0.0023484201537147253
2015-02-09,7.133176403462116e-05
2015-02-10,-0.00021398002853068032
2015-02-11,7.134194192759402e-05
2015-02-12,0.00042802111570838797
2015-02-13,-7.130633200225223e-05
2015-02-17,-0.0005704913356628927
2015-02-18,0.0013556903317872848
2015-02-19,-0.00042753313381782565
2015-02-20,-0.00042771599657831505
2015-02-23,0.0007844815290258822
2015-02-24,0.0009976484001994468
2015-02-25,-0.00014237915569159654
2015-02-26,-0.0006407974368102254
2015-02-27,0.0004274722143060572
2015-03-02,-0.0007121492664862172
2015-03-03,-0.00035632839224630786
2015-03-04,0.0002851643259427217
2015-03-05,0.00042762454564893027
2015-03-06,-0.0015672864572201517
2015-03-09,0.0007135212272564306
2015-03-10,0.00035650623885907784
2015-03-11,-7.127583749111377e-05
2015-03-12,0.0005702473447857237
2015-03-13,0.00014248058702004407
2015-03-16,-0.00021369043379160235
2015-03-17,-0.0002137361071530286
2015-03-18,0.0019240362003847267
2015-03-19,-0.0009957325746799972
2015-03-20,0.0004271678769756093
2015-03-23,0.000142328494164623
2015-03-24,0.0003557705991177329
2015-03-25,7.112881428272821e-05
2015-03-26,-0.00042674253200569723
2015-03-27,0.0006403870784117416
2015-03-30,-0.00021332574841781415
2015-03-31,0.0006401137980085458
2015-04-01,-0.002700973772123083
2015-04-02,-7.127075760815504e-05
2015-04-06,0.0007840342124019184
2015-04-07,-0.00035609999287800065
2015-04-08,-7.124536905100953e-05
2015-04-09,-0.00035625222657642563
2015-04-10,-0.00028510334996434405
2015-04-13,0.0004277769855982605
2015-04-14,0.0004275940706954806
2015-04-15,0.00035617609346050294
2015-04-16,0.00042725913266394855
2015-04-17,-0.0003558972168837826
2015-04-20,-0.0004984334947308877
2015-04-21,7.124029350991101e-05
2015-04-22,-0.00035617609346061396
2015-04-23,0.0002850424000571117
2015-04-24,0.0005699223480801763
2015-04-27,-0.00014239943040228464
2015-04-28,-0.00021362956633197427
2015-04-29,-0.00014245014245017895
2015-04-30,-0.00035617609346061396
2015-05-01,-0.0004275636000855565
2015-05-04,0.00014258216297147186
2015-05-05,-0.0004989664266875637
2015-05-06,-0.00028526601055489653
2015-05-07,0.00014267370523612932
2015-05-08,0.001141226818830221
2015-05-11,-0.0006412083214590858
2015-05-12,0.0002851643259427217
2015-05-13,0.0006414368184732844
2015-05-14,0.0006410256410256387
2015-05-15,7.117944337675652e-05
2015-05-18,-0.000569395017793628
2015-05-19,-0.0006409343398375844
2015-05-20,0.0003563030000712786
2015-05-21,0.00014247043738424559
2015-05-22,-0.0007834757834758177
2015-05-26,0.00028512367239286185
2015-05-27,0.0
2015-05-28,0.0004988242000998344
2015-05-29,0.00042735042735042583
2015-06-01,-0.0007831411077886541
2015-06-02,-0.00021375133594581097
2015-06-03,-0.0004988597491447644
2015-06-04,0.0002852049910873067
2015-06-05,-0.0007840900990804256
2015-06-08,0.0007847053787986003
2015-06-09,-0.0005702473447858347
2015-06-10,-0.0002852863561799701
2015-06-11,0.0001426838838554101
2015-06-12,0.0
2015-06-15,0.0005706541122763031
2015-06-16,0.0002138732444572078
2015-06-17,0.0007840342124019184
2015-06-18,7.121999857551131e-05
2015-06-19,0.0004985044865404298
2015-06-22,-0.0007829738771443218
2015-06-23,-0.00021370565607636838
2015-06-24,0.00042750267189162194
2015-06-25,-7.121999857562233e-05
2015-06-26,-0.0004985754985754598
2015-06-29,0.0011401696002280026
2015-06-30,0.0
2015-07-01,-0.0038436899423446302
2015-07-02,0.0011432654519472063
2015-07-06,0.000999214902576595
2015-07-07,0.00042780748663107104
2015-07-08,0.0007127075760815504
2015-07-09,-0.000854639982907246
2015-07-10,-0.0014256183619645313
2015-07-13,-0.00014276536512236593
2015-07-14,0.0006425358749195809
2015-07-15,0.00035673515981726744
2015-07-16,-0.0007845374794950288
2015-07-17,-0.0001427551748750533
2015-07-20,-0.0006424900057110383
2015-07-21,0.00042860204300310123
2015-07-22,-0.0004284184219921494
2015-07-23,0.000357168369169214
2015-07-24,0.00028563267637826684
2015-07-27,0.0007138777841233512
2015-07-28,-0.00014267370523612932
2015-07-29,-0.00035673515981737847
2015-07-30,-0.0004996074512882975
2015-07-31,0.0011425307055126233
2015-08-03,0.0002139800285305693
2015-08-04,-0.0012836055052414252
2015-08-05,-0.0002142092109960192
2015-08-06,0.0003570918440223281
2015-08-07,-0.00042835724994649826
2015-08-10,7.142346975208547e-05
2015-08-11,0.0011426939008714054
2015-08-12,0.0004993579683263416
2015-08-13,-0.0010695187165775666
2015-08-14,-0.0002855103497502176
2015-08-17,0.0003569898614879108
2015-08-18,-0.00014274498608235486
2015-08-19,0.001070740238418244
2015-08-20,-0.0004278379920137354
2015-08-21,0.0008560422314167759
2015-08-24,0.0012829650748396038
2015-08-25,-0.0013525056947608638
2015-08-26,0.00028512367239286185
2015-08-27,-0.00028504240005700066
2015-08-28,-0.0008553710171786966
2015-08-31,-0.0004280516515660082
2015-09-01,0.0004996074512881865
2015-09-02,-0.00014267370523612932
2015-09-03,0.0004994292237443521
2015-09-04,7.131141695793097e-05
2015-09-08,-0.0005704506560182399
2015-09-09,7.13470319635423e-05
2015-09-10,7.134194192759402e-05
2015-09-11,0.00028534741047225864
2015-09-14,-0.00028526601055489653
2015-09-15,-0.00107005278927097
2015-09-16,-0.0006427194172676787
2015-09-17,0.001857939116764351
2015-09-18,0.00042796005706136064
2015-09-21,-0.0004990731498645262
2015-09-22,0.0007846494043797225
2015-09-23,0.0
2015-09-24,0.0002851033499644551
2015-09-25,-0.00021376656690896834
2015-09-28,0.00042762454564893027
2015-09-29,0.0004274417610601322
2015-09-30,7.120985544406544e-05
2015-10-01,-0.001993733978923329
2015-10-02,0.0014269406392695139
2015-10-05,-0.0006412083214590858
2015-10-06,0.0002138732444572078
2015-10-07,-0.0004276550249465716
2015-10-08,-0.00014261266400461547
2015-10-09,-0.00014263300527739275
2015-10-12,0.0002139800285305693
2015-10-13,0.00028524566783150185
2015-10-14,0.0012119483852570667
2015-10-15,-0.0007832526345770141
2015-10-16,-0.00028504240005700066
2015-10-19,0.00028512367239286185
2015-10-20,-0.0007126060001425571
2015-10-21,0.0001426228339156399
2015-10-22,0.0004991087344028422
2015-10-23,-0.0007126567844926157
2015-10-26,0.0
2015-10-27,0.0004992155184708746
2015-10-28,-0.0017820229524556641
2015-10-29,-0.00042844901456728923
2015-10-30,-0.0002857551078725429
2015-11-02,-0.0004287551807917733
2015-11-03,-0.000357449242207597
2015-11-04,-0.0007151541157119912
2015-11-05,0.0
2015-11-06,-0.0010019322980032719
2015-11-09,0.00021491510853222096
2015-11-10,0.00042973785990541025
2015-11-11,-0.0005011454753722777
2015-11-12,0.00014325621373822983
2015-11-13,0.0004297070830050487
2015-11-16,0.00021476125706931803
2015-11-17,-0.00014314342971655236
2015-11-18,-0.00035790980672867345
2015-11-19,-0.00028643036161835056
2015-11-20,-0.00021488432060745577
2015-11-23,-0.00014328700386878612
2015-11-24,0.00021496130696485594
2015-11-25,0.0
2015-11-27,7.163836951074032e-05
2015-11-30,-0.00021489971346699832
2015-12-01,0.00042989181056096726
2015-12-02,-0.000644560624507573
2015-12-03,-0.00021499211695574783
2015-12-04,-0.00014335889900363163
2015-12-07,0.00021506918058644686
2015-12-08,-0.00014334862385323444
2015-12-09,0.0005017921146952542
2015-12-10,-0.0002865945403740522
2015-12-11,0.0010750376263168882
2015-12-14,-0.0010738831615120237
2015-12-15,-7.166917508782955e-05
2015-12-16,-0.0008600917431192956
2015-12-17,-0.0001434720229555042
2015-12-18,0.00057397044052232
2015-12-21,-7.170514842969045e-05
2015-12-22,-0.0005736823234133714
2015-12-23,-7.1751452966895e-05
2015-12-24,7.175660160729791e-05
2015-12-28,0.0
2015-12-29,-0.0006457630767022771
2015-12-30,0.0002871912693853673
2015-12-31,7.17772035601083e-05
2016-01-04,-0.0017225292471111375
2016-01-05,0.0
2016-01-06,0.000934646631677305
2016-01-07,0.00050280132164926
2016-01-08,0.0002871706511593519
2016-01-11,0.0004306323117777566
2016-01-12,0.00021522347370694916
2016-01-13,0.0002869028833740739
2016-01-14,0.00028682059371853974
2016-01-15,0.0010035842293907304
2016-01-19,-0.0002148381552563583
2016-01-20,0.0007879091755604861
2016-01-21,-7.157171485827618e-05
2016-01-22,-0.0005010378641471247
2016-01-25,7.161271841882311e-05
2016-01-26,0.0005012531328321135
2016-01-27,0.00021471514457482854
2016-01-28,0.0002862254025044475
2016-01-29,0.0009299663781385803
2016-02-01,-0.0007146941109205107
2016-02-02,0.0011443284222572014
2016-02-03,0.0003571938848407896
2016-02-04,0.0002856530743411412
2016-02-05,-0.0002855714999643322
2016-02-08,0.0013568521031208647
2016-02-09,-0.00021394950791608913
2016-02-10,-0.00014266352806902027
2016-02-11,0.0011414710708426146
2016-02-12,-0.0012826908002565585
2016-02-16,-0.0003567606136282153
2016-02-17,-0.0005710206995003242
2016-02-18,0.0004285102128267493
2016-02-19,-0.0006424900057110383
2016-02-22,-0.0002857346953353268
2016-02-23,0.00021436227224014281
2016-02-24,0.0002857551078725429
2016-02-25,0.0004999285816311705
2016-02-26,-0.0015704190163465803
2016-02-29,0.00014298991921068982
2016-03-01,-0.001143755808134972
2016-03-02,-7.1566592714567e-05
2016-03-03,0.00014314342971655236
2016-03-04,-0.0005724917704308385
2016-03-07,-0.0004296147787483662
2016-03-08,0.0005730659025788842
2016-03-09,-0.000286368843069873
2016-03-10,-0.0005729017473503628
2016-03-11,-0.0005015763829177011
2016-03-14,-7.168972686211195e-05
2016-03-15,-7.169486664759805e-05
2016-03-16,0.0017208001720800947
2016-03-17,0.00014315367547057534
2016-03-18,0.0005009661490016359
2016-03-21,-0.0005722460658083017
2016-03-22,-0.0002862868594331047
2016-03-23,0.0006443298969072142
2016-03-24,-0.00014309222293773516
2016-03-28,7.155635062616739e-05
2016-03-29,0.0015741270749856096
2016-03-30,0.0005000714387770611
2016-03-31,0.0
2016-04-01,-0.0009282399143163422
2016-04-04,0.0002858776443681599
2016-04-05,0.0004286939125464073
2016-04-06,-0.0003570918440223281
2016-04-07,0.0007144388083160091
2016-04-08,-0.00021417862497319362
2016-04-11,0.0
2016-04-12,-0.0006426735218508783
2016-04-13,-0.00014290818149342854
2016-04-14,-7.146430358040412e-05
2016-04-15,0.0004288164665522398
2016-04-18,-0.00021431633090440716
2016-04-19,-0.0002143622722400318
2016-04-20,-0.0009291023441966306
2016-04-21,-0.00014307175048289267
2016-04-22,7.154611146886758e-05
2016-04-25,-0.0002146229789669052
2016-04-26,-0.00042933810375667125
2016-04-27,0.000429522514138414
2016-04-28,0.0009302325581395099
2016-04-29,0.0002859593937660776
2016-05-02,-0.00035734705546031087
2016-05-03,0.0006434546364482152
2016-05-04,0.00021434695627320366
2016-05-05,0.00042860204300310123
2016-05-06,-0.0002856122813280626
2016-05-09,0.0004999642882650424
2016-05-10,-0.00021416333523704978
2016-05-11,-0.0001428061406640868
2016-05-12,-0.0006427194172676787
2016-05-13,0.00014291839359725778
2016-05-16,-0.0007144898542440492
2016-05-17,-0.0006435006435006052
2016-05-18,-0.0015740144523145316
2016-05-19,0.0005016123253314131
2016-05-20,-0.00014324595330184042
2016-05-23,-0.00014326647564466555
2016-05-24,-0.00021493050580312367
2016-05-25,0.00014331780723764176
2016-05-26,0.0008597836211219345
2016-05-27,-0.0002863483427589797
2016-05-31,0.00021482277121376292
2016-06-01,-0.0005011454753722777
2016-06-02,0.00021488432060734475
2016-06-03,0.002076768834144982
2016-06-06,-0.00035732151790179856
2016-06-07,0.0002859593937660776
2016-06-08,0.0
2016-06-09,0.00035734705546031087
2016-06-10,0.0006429949274844304
2016-06-13,0.00028559188919041745
2016-06-14,-0.0001427551748750533
2016-06-15,0.0006424900057109273
2016-06-16,-7.134194192770504e-05
2016-06-17,-0.0001426940639269736
2016-06-20,-0.0006422149279292633
2016-06-21,-0.0001428061406640868
2016-06-22,0.00021423980575585588
2016-06-23,-0.0007853776952734259
2016-06-24,0.002429439085387619
2016-06-27,0.0007840900990805366
2016-06-28,-0.00014245014245017895
2016-06-29,-0.00028494087476849117
2016-06-30,-0.00021376656690896834
2016-07-01,0.0001425415152163101
2016-07-05,0.0007126060001425571
2016-07-06,-0.0005696788435519684
2016-07-07,-0.00014250089063061466
2016-07-08,-0.0003563030000712786
2016-07-11,-0.0007841459937267814
2016-07-12,-0.0006420774773489013
2016-07-13,0.0002855511136492517
2016-07-14,-0.0004282043962318127
2016-07-15,-0.0007139797229758216
2016-07-18,0.00021434695627320366
2016-07-19,7.143367383388721e-05
2016-07-20,-0.0004285714285714448
2016-07-21,0.0005716735743890311
2016-07-22,-0.0003570918440223281
2016-07-25,-0.000500107165821273
2016-07-26,0.0
2016-07-27,0.0007147962830593713
2016-07-28,7.142857142850012e-05
2016-07-29,0.0010713520462823922
2016-08-01,-0.00035673515981737847
2016-08-02,7.137249304123294e-05
2016-08-03,-7.136739937196879e-05
2016-08-04,0.0004996074512881865
2016-08-05,-0.0014267370523612932
2016-08-08,0.0
2016-08-09,0.0002857551078725429
2016-08-10,0.0005713469504355917
2016-08-11,-0.0011420413990007594
2016-08-12,0.0007860511647848067
2016-08-15,-0.000357015351660106
2016-08-16,-0.0004999999999999449
2016-08-17,7.146430358040412e-05
2016-08-18,0.0005002143775902912
2016-08-19,-0.0006428112277694353
2016-08-22,0.00014293882218407994
2016-08-23,-0.00021437759039588666
2016-08-24,-7.14745193338695e-05
2016-08-25,-0.0002859185132236819
2016-08-26,-0.00114400114400115
2016-08-29,0.0007874015748030594
2016-08-30,7.152564194257138e-05
2016-08-31,0.0001430410527820669
2016-09-01,0.00014302059496573705
2016-09-02,-0.0001430001430001715
2016-09-06,0.0009296338672768467
2016-09-07,-7.144388083157871e-05
2016-09-08,-0.0007144898542440492
2016-09-09,-0.000286000286000232
2016-09-12,0.0004291231583464228
2016-09-13,-0.0005719187875321552
2016-09-14,0.0007868383404863177
2016-09-15,0.0003573725966692365
2016-09-16,-0.0007859388396684874
2016-09-19,7.150518412579743e-05
2016-09-20,-7.150007150003024e-05
2016-09-21,-0.00014301036825170588
2016-09-22,0.00021454623471361955
2016-09-23,0.0005005005005005447
2016-09-26,0.00035732151790179856
2016-09-27,0.0004286326618088143
2016-09-28,-0.0002856326763781558
2016-09-29,0.0002142857142857224
2016-09-30,-0.0006427194172676787
2016-10-03,-0.0016435615263684644
2016-10-04,-0.00042946102641183703
2016-10-05,-0.00042964554242752584
2016-10-06,-0.00021491510853210993
2016-10-07,0.0
2016-10-11,-0.0005015763829177011
2016-10-12,-0.00014337945372433492
2016-10-13,0.000717000071700058
2016-10-14,0.0
2016-10-17,0.0002865945403740522
2016-10-18,0.00028651242747645966
2016-10-19,0.00014321518080917528
2016-10-20,-0.00021479200973728574
2016-10-21,0.0
2016-10-24,-0.0002148381552563583
2016-10-25,-0.00014325621373822983
2016-10-26,-0.00021491510853210993
2016-10-27,-0.0002866150759529562
2016-10-28,0.0004300458715595923
2016-10-31,0.00021493050580301265
2016-11-01,0.0003581405343455746
2016-11-02,0.00028640985249883677
2016-11-03,0.00021474588403713746
2016-11-04,0.00042939955628717996
2016-11-07,-0.000429215251448567
2016-11-08,-0.0007872325198596819
2016-11-09,-0.0005729838132072507
2016-11-10,-0.00014332807797046154
2016-11-14,-0.001505160550458684
2016-11-15,-0.000287129423587662
2016-11-16,7.180297264297586e-05
2016-11-17,-0.0005025847214245038
2016-11-18,-0.0005028374398391433
2016-11-21,-0.00028748023573377246
2016-11-22,0.0001437814521927372
2016-11-23,-0.0007188039102932198
2016-11-25,7.193209610134588e-05
2016-11-28,0.0003596346112348936
2016-11-29,0.00021570319240726832
2016-11-30,-0.00014377111638275153
2016-12-01,-0.0005032712632109249
2016-12-02,0.0008631851532152623
2016-12-05,-0.00028748023573377246
2016-12-06,0.0
2016-12-07,0.00028756290438525234
2016-12-08,7.187005893349863e-05
2016-12-09,-0.00035932446999642487
2016-12-12,0.0
2016-12-13,-0.00035945363048162093
2016-12-14,-0.0014383315354189463
2016-12-15,-0.00028808066258556586
2016-12-16,-7.204091924217781e-05
2016-12-19,0.0006484149855907617
2016-12-20,-0.00014399884800919693
2016-12-21,0.0003600489666595319
2016-12-22,0.0
2016-12-23,7.198387561180297e-05
2016-12-27,0.0
2016-12-28,0.00021593608291947675
2016-12-29,0.0007915947035117554
2016-12-30,0.00021571870281156258
2017-01-03,-0.0037383177570093906
2017-01-04,-0.00014432096983696407
2017-01-05,0.001082563510392598
2017-01-06,-0.0007209285559800493
2017-01-09,0.0005771589351417639
2017-01-10,0.0
2017-01-11,7.21032518566922e-05
2017-01-12,-7.209805335250952e-05
2017-01-13,-7.21032518566922e-05
2017-01-17,0.000793192962215139
2017-01-18,-0.0006484617047337604
2017-01-19,-0.0005767844268205202
2017-01-20,0.0006492569614773291
2017-01-23,0.0008651142671760592
2017-01-24,-0.0009363970323417181
2017-01-25,-0.00036049026676276963
2017-01-26,0.00036062026685890203
2017-01-27,0.00021629416005763957
2017-01-30,0.0
2017-01-31,0.00014416492467383968
2017-02-01,0.0
2017-02-02,7.207207207216015e-05
2017-02-03,-0.00014413375612565282
2017-02-06,0.0010090817356205317
2017-02-07,-0.00014400921658985766
2017-02-08,0.00036007489557832173
2017-02-09,-0.0005759124613058386
2017-02-10,-0.00028812216379747735
2017-02-13,-0.00014410260105190975
2017-02-14,-0.0006485551632197106
2017-02-15,-0.00043265070666287375
2017-02-16,0.0007935362862501183
2017-02-17,0.0005045772363583279
2017-02-21,0.0
2017-02-22,0.0002161383285301799
2017-02-23,0.0005762443275949547
2017-02-24,0.0010078468072853841
2017-02-27,-0.0010787486515642097
2017-02-28,-0.00021598272138223518
2017-03-01,-0.0011521566933102578
2017-03-02,-0.0007209285559800493
2017-03-03,0.00028857946757088193
2017-03-06,0.0
2017-03-07,-0.0002884962134871438
2017-03-08,-0.0004328692013563229
2017-03-09,-7.217610970766675e-05
2017-03-10,0.0001443626389490138
2017-03-13,-7.217090069289167e-05
2017-03-14,-7.217610970766675e-05
2017-03-15,0.0010827197921177145
2017-03-16,-0.00028841300742665776
2017-03-17,7.212405337186922e-05
2017-03-20,0.0003605942593394307
2017-03-21,0.00036046427798996916
2017-03-22,0.00043240126837695847
2017-03-23,0.0001440714594438397
2017-03-24,0.00021607605877260738
2017-03-27,-0.0002880391733275367
2017-03-28,-0.0005042137866455576
2017-03-29,0.0003603343903142431
2017-03-30,-0.0001440818384842446
2017-03-31,0.0003602565026299409
2017-04-03,-0.0018006338231056906
2017-04-04,-0.00014431055631713985
2017-04-05,0.0
2017-04-06,7.21656924298486e-05
2017-04-07,-0.0007216048491845983
2017-04-10,0.00021663778162905878
2017-04-11,0.0008663634394627806
2017-04-12,0.0
2017-04-13,0.000577075669047078
2017-04-17,7.209285559794942e-05
2017-04-18,0.0007208765859285649
2017-04-19,0.0
2017-04-20,-0.0004322143783316301
2017-04-21,0.00028826751225130565
2017-04-24,-0.0008645533141210526
2017-04-25,-0.0007210845111047526
2017-04-26,0.00028864193967392815
2017-04-27,0.0002885586495455783
2017-04-28,-0.0002163565556035918
2017-05-01,-0.000288537834523539
2017-05-02,0.00043293166895153057
2017-05-03,-0.0005769924269743987
2017-05-04,-0.000360828462149132
2017-05-05,-7.219174126482653e-05
2017-05-08,-0.0001443939065771671
2017-05-09,-0.00043324427756519235
2017-05-10,0.0
2017-05-11,0.00021671602976236493
2017-05-12,0.0010833453705041407
2017-05-15,-0.00014428973378544097
2017-05-16,0.0
2017-05-17,0.0010823291723789374
2017-05-18,-0.00036038633415025334
2017-05-19,-7.21032518566922e-05
2017-05-22,0.0
2017-05-23,-0.0005768676088837577
2017-05-24,0.00043290043290045155
2017-05-25,0.0
2017-05-26,-0.00014423770373572786
2017-05-30,0.0002885170225044309
2017-05-31,7.210845111038644e-05
2017-06-01,-0.00036051625928323894
2017-06-02,0.00021638776687815664
2017-06-05,-0.00028845460445658944
2017-06-06,0.000216403375892682
2017-06-07,-0.0002163565556035918
2017-06-08,-0.000144268917261825
2017-06-09,-7.2144866892776e-05
2017-06-12,-0.00028860028860033804
2017-06-13,7.217090069278065e-05
2017-06-14,0.000360828462149021
2017-06-15,-0.00036069831193186186
2017-06-16,0.0004329941545788696
2017-06-19,-0.000577075669047078
2017-06-20,0.000288704438830667
2017-06-21,-0.00021646583447576528
2017-06-22,0.000216512702078564
2017-06-23,0.0002164658344758763
2017-06-26,0.00014427932477278915
2017-06-27,-0.0005770340450086398
2017-06-28,0.000216512702078564
2017-06-29,0.0002886211126342797
2017-06-30,0.00028853783452365
2017-07-03,-0.0033172279512512226
2017-07-05,0.0
2017-07-06,0.00014470732942628572
2017-07-07,-7.234319612237083e-05
2017-07-10,0.0003617421501953544
2017-07-11,0.0003616113401316845
2017-07-12,0.0005783689994216523
2017-07-13,-0.00021676300578032937
2017-07-14,7.227000072274059e-05
2017-07-17,0.00014452955629429276
2017-07-18,0.0001445086705202936
2017-07-19,-7.224389539084441e-05
2017-07-20,0.0
2017-07-21,0.0002889964597934114
2017-07-24,-0.0002889129649693567
2017-07-25,-0.0005057438046384144
2017-07-26,0.0008674280757554609
2017-07-27,-7.222302470022424e-05
2017-07-28,0.00014445648248462284
2017-07-31,-7.221780891164542e-05
2017-08-01,0.00014444604940044847
2017-08-02,-0.00036106296938187565
2017-08-03,0.00043343205952472985
2017-08-04,-0.0003610368979709566
2017-08-07,0.00014446691707603598
2017-08-08,-0.00021666907410078373
2017-08-09,0.0005056707361121848
2017-08-10,0.0
2017-08-11,0.0007942238267149015
2017-08-14,-0.0005050140682490989
2017-08-15,-0.0005774505557961662
2017-08-16,0.00043333814820156746
2017-08-17,0.00021657522379436855
2017-08-18,-7.217610970766675e-05
2017-08-21,0.0002887252778980276
2017-08-22,-0.00036080242459224365
2017-08-23,0.00036093264996761576
2017-08-24,-0.0004329629095107812
2017-08-25,0.0
2017-08-28,0.00021657522379436855
2017-08-29,0.00036088054853844476
2017-08-30,-0.0001443001443001135
2017-08-31,7.216048491853755e-05
2017-09-01,-0.00036077639079301616
2017-09-05,0.0010105384726433186
2017-09-06,-0.00014421690222099492
2017-09-07,0.0004327131112071836
2017-09-08,0.00028835063437138153
2017-09-11,-0.0007927356586913126
2017-09-12,-0.0002884962134871438
2017-09-13,-0.00028857946757088193
2017-09-14,-0.0002886627697192834
2017-09-15,-0.00036093264996750474
2017-09-18,-0.0002166377816291698
2017-09-19,-0.00014445648248462284
2017-09-20,-0.0005779094126995288
2017-09-21,-7.228044813878398e-05
2017-09-22,0.00014457134595913246
2017-09-25,0.00043365134431927466
2017-09-26,-0.0003612194769542221
2017-09-27,-0.00021681000216811075
2017-09-28,0.0003614283648980532
2017-09-29,-0.00043355733795791274
2017-10-02,-0.0022410178558519567
2017-10-03,7.245326764238058e-05
2017-10-04,-7.244801854666694e-05
2017-10-05,-0.0002898130705695223
2017-10-06,-0.00021742281490066961
2017-10-09,-7.249003262055354e-05
2017-10-10,0.0002174858634189647
2017-10-11,-0.0002899180981372762
2017-10-12,7.250054375407267e-05
2017-10-13,0.0002174858634189647
2017-10-16,-0.0007972747698775651
2017-10-17,0.0
2017-10-18,-0.00021761207021619988
2017-10-19,0.0002902125807153766
2017-10-20,-0.00036266047726118966
2017-10-23,0.00036279204759837036
2017-10-24,-0.00014506419090443146
2017-10-25,-0.00029017047515411676
2017-10-26,-0.0002176910238734786
2017-10-27,0.0003628973726230722
2017-10-30,0.00036276572589422074
2017-10-31,-0.0003626341746446604
2017-11-01,-0.0004353188710730649
2017-11-02,0.000217754228061251
2017-11-03,-0.0002177068214803679
2017-11-06,7.258474268700965e-05
2017-11-07,-7.257947452465885e-05
2017-11-08,-0.000217754228061251
2017-11-09,0.0002904022070566725
2017-11-10,-0.0005080563216722789
2017-11-13,-0.0004356982063756787
2017-11-14,-0.00014529604068291846
2017-11-15,0.00014531715469012774
2017-11-16,-0.00043588812204864436
2017-11-17,-0.0001453594011192605
2017-11-20,-0.00043614160063965013
2017-11-21,-0.00036360991927864017
2017-11-22,0.0009457296668120563
2017-11-24,-0.00036339850279820674
2017-11-27,0.00021811836556628883
2017-11-28,-0.00021807080031988058
2017-11-29,-0.00021811836556639985
2017-11-30,-0.000509053886990074
2017-12-01,0.0001455180442375692
2017-12-04,-0.0005092390513603551
2017-12-05,-0.0002911420045127455
2017-12-06,0.0003640334910812726
2017-12-07,-7.278020378453931e-05
2017-12-08,0.00021835650338442036
2017-12-11,-0.0004366176684617029
2017-12-12,-7.280139778687023e-05
2017-12-13,0.000873680378594921
2017-12-14,-0.0005819451516694274
2017-12-15,-0.00036392750564084864
2017-12-18,0.00014562399883510935
2017-12-19,-0.0003640069889342401
2017-12-20,-0.00014565581530845417
2017-12-21,-0.0002913540680311577
2017-12-22,-0.00021857923497270448
2017-12-26,7.287567409997031e-05
2017-12-27,0.0003643518181155603
2017-12-28,-7.284382284378221e-05
2017-12-29,0.00036424564726456055
2018-01-02,-0.0027672589571803297
2018-01-03,-0.00014604936468531893
2018-01-04,-0.0005112474437627412
2018-01-05,-7.3072707343802e-05
2018-01-08,7.307804735456891e-05
2018-01-09,0.0
2018-01-10,-7.3072707343802e-05
2018-01-11,-7.307804735456891e-05
2018-01-12,-0.0005115837170210913
2018-01-16,-0.0002193623866627581
2018-01-17,-0.0005850947122065797
2018-01-18,7.317965605557752e-05
2018-01-19,-0.00021952290355631288
2018-01-22,-0.00014638073629513748
2018-01-23,0.00043920650025630614
2018-01-24,-0.00036584473549428065
2018-01-25,-7.319572536967911e-05
2018-01-26,-0.0005856086670082972
2018-01-29,0.0
2018-01-30,0.0
2018-01-31,-0.00043946385409798783
2018-02-01,-0.00029310471165822083
2018-02-02,7.329766180452779e-05
2018-02-05,0.0013192612137202797
2018-02-06,-0.0002195871761089263
2018-02-07,-0.0006589062156819869
2018-02-08,0.0
2018-02-09,0.0011721611721611236
2018-02-12,-0.0007317430118541912
2018-02-13,-0.0002196836555360404
2018-02-14,-0.001245147586610984
2018-02-15,-7.333528894104546e-05
2018-02-16,0.00014668133480011392
2018-02-20,-0.0004399794676248625
2018-02-21,-0.00014672437825546947
2018-02-22,0.00036686477364433756
2018-02-23,0.00022003813994420085
2018-02-26,0.00014665982254169485
2018-02-27,-0.0005865532663684725
2018-02-28,0.0
2018-03-01,0.0011004328369157435
2018-03-02,-0.0005129708339439709
2018-03-05,-7.331915829611457e-05
2018-03-06,-7.33245343892408e-05
2018-03-07,0.0
2018-03-08,0.0
2018-03-09,0.0
2018-03-12,7.33299112707364e-05
2018-03-13,0.0
2018-03-14,0.0001466490687784816
2018-03-15,-0.0003665689149560114
2018-03-16,-0.00022002200220017087
2018-03-19,7.335680751174856e-05
2018-03-20,-0.0005868114134820468
2018-03-21,0.0004403669724770687
2018-03-22,0.00029344875651093894
2018-03-23,0.00029336266960022783
2018-03-26,-0.00029327663318423625
2018-03-27,0.0005133846718006208
2018-03-28,-0.00029321213898259035
2018-03-29,0.0
2018-04-02,-0.0016131397565625205
2018-04-03,-0.0008078730904818032
2018-04-04,-7.350238882763982e-05
2018-04-05,-0.00029403116730375434
2018-04-06,0.0007352941176470562
2018-04-09,-0.00029390154298314375
2018-04-10,-0.00036748493311777874
2018-04-11,7.352400558779948e-05
2018-04-12,-0.0007351860020585743
2018-04-13,-0.00036786344908767976
2018-04-16,0.0
2018-04-17,-7.359976448073624e-05
2018-04-18,-0.0007360518180480335
2018-04-19,-7.365939893932971e-05
2018-04-20,-0.0002946593001841302
2018-04-23,-0.00014737307493917218
2018-04-24,0.00029478959392736925
2018-04-25,-0.00022102703897441955
2018-04-26,0.0
2018-04-27,0.00014738393515112413
2018-04-30,-7.368110816385887e-05
2018-05-01,-0.00044211922481762755
2018-05-02,0.0003685956505712351
2018-05-03,0.0002947678703020262
2018-05-04,-0.00036835125976131255
2018-05-07,7.369739848184231e-05
2018-05-08,-0.00029476787030213725
2018-05-09,-0.0003685684800235345
2018-05-10,-0.00014748174913359335
2018-05-11,7.375175160406755e-05
2018-05-14,-7.374631268441956e-05
2018-05-15,-0.0005900140128327624
2018-05-16,-0.00014759058372071365
2018-05-17,0.00022141855487500806
2018-05-18,0.00044273907910263866
2018-05-21,-0.00022127157397844321
2018-05-22,7.377351530801768e-05
2018-05-23,0.0010327530244909067
2018-05-24,0.0003684598378776993
2018-05-25,0.0005893186003682604
2018-05-29,0.002944857542516388
2018-05-30,-0.001835131762460529
2018-05-31,-7.354022650385428e-05
2018-06-01,-0.0009560932558652091
2018-06-04,-0.0007361601884570135
2018-06-05,0.00036835125976120153
2018-06-06,-0.00036821562707123334
2018-06-07,0.0002210107558566765
2018-06-08,0.00022096192089571254
2018-06-11,-0.0003681885125184081
2018-06-12,-0.00014732965009212062
2018-06-13,-0.0008104324762395754
2018-06-14,0.0002212063117534857
2018-06-15,0.0002948765204571213
2018-06-18,7.369739848184231e-05
2018-06-19,0.00014738393515112413
2018-06-20,-0.00014736221632771773
2018-06-21,0.0002947678703020262
2018-06-22,-0.00014734050390452502
2018-06-25,0.0004420866489831532
2018-06-26,-7.364854912361718e-05
2018-06-27,0.0005155778154231072
2018-06-28,-0.00022084805653710404
2018-06-29,-0.000294529121566911
2018-07-02,-0.0018413493407969383
2018-07-03,0.0002951593860684998
2018-07-05,-0.0005901445854233911
2018-07-06,0.0004428697962799433
2018-07-09,-0.0003688947912054985
2018-07-10,-0.0005166432947081301
2018-07-11,0.00029537734455775677
2018-07-12,-0.00029529012254536635
2018-07-13,0.00036922168069719596
2018-07-16,-0.00044290248763567686
2018-07-17,-0.00022154936858431729
2018-07-18,0.0
2018-07-19,0.00044319692716787706
2018-07-20,-0.0001476668635558287
2018-07-23,-0.0005907546891152915
2018-07-24,0.0
2018-07-25,-0.0001477759716269622
2018-07-26,-0.0005172923440732724
2018-07-27,7.393715341952323e-05
2018-07-30,7.393168712099829e-05
2018-07-31,7.392622163071572e-05
2018-08-01,-0.00022176227084569344
2018-08-02,0.00044362292051758345
2018-08-03,0.0003695218387407273
2018-08-06,-0.00014775413711587415
2018-08-07,-0.00029555194325403544
2018-08-08,-7.390983000743478e-05
2018-08-09,0.0005174070515190365
2018-08-10,0.001034278959810786
2018-08-13,-0.00036900369003689537
2018-08-14,-0.000295311923218855
2018-08-15,0.0005169485266967033
2018-08-16,-0.0003690581635665824
2018-08-17,7.383888355616541e-05
2018-08-20,0.0005906674542233148
2018-08-21,-0.0003689492325855692
2018-08-22,0.00014763416254526263
2018-08-23,-0.00014761236991656101
2018-08-24,-0.00029526832509041423
2018-08-27,-0.0002215166506682742
2018-08-28,-0.00022156573116693945
2018-08-29,-0.0003693580556991538
2018-08-30,0.0005172923440732724
2018-08-31,0.0005170248910555397
2018-09-04,-0.00044293518381810504
2018-09-05,7.385524372227614e-05
2018-09-06,0.00022154936858420626
2018-09-07,-0.0010336680448906899
2018-09-10,-0.00014781966001475855
2018-09-11,-0.0005174452986398403
2018-09-12,7.395902669915522e-05
2018-09-13,-0.00014790711433221304
2018-09-14,-0.00036982248520711636
2018-09-17,0.0
2018-09-18,-0.00036995930447647485
2018-09-19,-0.00014803849000744052
2018-09-20,0.0
2018-09-21,0.00029612081729335493
2018-09-24,0.0
2018-09-25,-0.000296033155713471
2018-09-26,0.00022209061297018273
2018-09-27,0.0
2018-09-28,7.40137665606877e-05
2018-10-01,-0.001924215512137395
2018-10-02,0.0002224529141332532
2018-10-03,-0.000963748239306117
2018-10-04,-0.00037102997922233705
2018-10-05,-0.00014846707742555143
2018-10-08,0.00037122280792933893
2018-10-09,-0.00022265103161644983
2018-10-10,0.00014846707742566245
2018-10-11,0.0007422251911228805
2018-10-12,0.0
2018-10-15,-0.00037083735073795143
2018-10-16,-7.419498441907368e-05
2018-10-17,-0.0002968019588929227
2018-10-18,0.0001484450382245317
2018-10-19,-0.0005936920222634479
2018-10-22,0.0001485111754659929
2018-10-23,0.0005197119311011189
2018-10-24,0.0007420599584446741
2018-10-25,-0.00022245291413314217
2018-10-26,0.0011125120522139653
2018-10-29,-7.408504963701823e-05
2018-10-30,-0.0005186337704674582
2018-10-31,-0.0005930318754633346
2018-11-01,0.00037086485684612036
2018-11-02,-0.0011121821012827215
2018-11-05,7.422802850354238e-05
2018-11-06,-0.00037111259556144027
2018-11-07,-0.00022275022275020095
2018-11-08,-0.00037133308577796953
2018-11-09,0.0006686478454680511
2018-11-12,0.0006682010542726768
2018-11-13,0.0
2018-11-14,0.0006677548597715521
2018-11-15,7.414547341877409e-05
2018-11-16,0.000889679715302405
2018-11-19,0.0005925925925927
2018-11-20,-0.00029612081729346595
2018-11-21,-0.00037026066350709375
2018-11-23,7.407956144889205e-05
2018-11-26,-0.00029629629629635
2018-11-27,0.0
2018-11-28,0.0005186721991701226
2018-11-29,-0.00022217285047765323
2018-11-30,0.0
2018-12-03,-0.0004444444444444695
2018-12-04,0.00029642804209273343
2018-12-06,0.0008149355460067564
2018-12-07,0.0008882966910948031
2018-12-10,-0.00014791805339842146
2018-12-11,-0.0006657297137362406
2018-12-12,-0.00014803849000744052
2018-12-13,0.0005182114302635377
2018-12-14,0.0005179430262671758
2018-12-17,0.0007395355716610652
2018-12-18,0.0007389890629618812
2018-12-19,0.00022153300841831758
2018-12-20,-0.000516795865633024
2018-12-21,0.0005170630816959676
2018-12-24,0.001033591731266048
2018-12-26,-0.000663765764436941
2018-12-27,0.0008118081180812364
2018-12-28,0.00036870437283376134
2018-12-31,0.0006634232640425619
2019-01-02,0.0006629834254143763
2019-01-03,0.0022820965842167418
2019-01-04,-0.0019096584649284098
2019-01-07,-0.0008094782544705303
2019-01-08,-0.0011783767859773198
2019-01-09,0.0003686771862556615
2019-01-10,0.0
2019-01-11,0.0002948330507850372
2019-01-14,0.0001473730749392832
2019-01-15,0.00011051351948720978
2019-01-16,-0.00029467015359685433
2019-01-17,-0.00040529088832397253
2019-01-18,-0.0009214891264283098
2019-01-22,0.0007378712414682909
2019-01-23,-0.00029493087557608266
2019-01-24,0.0005162812995538335
2019-01-25,-0.0007003059231137643
2019-01-28,0.00011065210976690665
2019-01-29,0.00047943942467276734
2019-01-30,0.0007003833677381444
2019-01-31,0.0011419309684310708
2019-02-01,-0.000919861652807441
2019-02-04,-0.00040511177402124954
2019-02-05,0.00011052980620429587
2019-02-06,-0.00011051759071656342
2019-02-07,0.0008473951809004898
2019-02-08,0.00022087244616231239
2019-02-11,-0.0005152552353612228
2019-02-12,-0.00029458334867626945
2019-02-13,-0.0007366753839920248
2019-02-14,0.000810940322164555
2019-02-15,-0.0004419726713564831
2019-02-19,0.0004053207561074412
2019-02-20,-0.00014732965009212062
2019-02-21,-0.00047889191777794604
2019-02-22,0.0007002543028784558
2019-02-25,-0.00033146729522681717
2019-02-26,0.00029473529086687655
2019-02-27,-0.0005524658391956594
2019-02-28,-0.00018425707547164993
2019-03-01,-0.0007003059231137643
2019-03-04,0.0003688403658896888
2019-03-05,-0.00014748174913359335
2019-03-06,0.00066376576443683
2019-03-07,0.0008844339622642305
2019-03-08,3.681885125184081e-05
2019-03-11,-7.363499134793727e-05
2019-03-12,0.00036820206929566446
2019-03-13,3.680665464322885e-05
2019-03-14,-0.00025763709974235827
2019-03-15,0.0005154069874462319
2019-03-18,-0.00040475401994333193
2019-03-19,-0.00014724287712586381
2019-03-20,0.0012885649068552496
2019-03-21,-0.00022061256756256142
2019-03-22,0.0013975212386452274
2019-03-25,0.001248668698813793
2019-03-26,-0.00014671899644203013
2019-03-27,0.0005869621042591255
2019-03-28,-0.00010999083409712895
2019-03-29,-0.0008800234672924345
2019-04-01,3.6699941280193826e-05
2019-04-02,0.000330287349994407
2019-04-03,-0.00040355125100888234
2019-04-04,-0.0002569090175065236
2019-04-05,-0.00011013215859034808
2019-04-08,-0.0002202885780372421
2019-04-09,0.00025705996841840495
2019-04-10,0.00029370732065503447
2019-04-11,-0.0005872421639874226
2019-04-12,-0.000807932427469682
2019-04-15,0.0
2019-04-16,-0.0004778006468685314
2019-04-17,0.0002574002574002865
2019-04-18,0.0002940960223511979
2019-04-22,-3.675119441381991e-05
2019-04-23,0.0005145356315925387
2019-04-24,0.0006979392425523478
2019-04-25,-0.00018354012187060675
2019-04-26,0.0006975804971178778
2019-04-29,-0.00011006750807163179
2019-04-30,0.0004403184970462881
2019-05-01,-0.0006968641114982743
2019-05-02,-0.0008074579754826505
2019-05-03,7.346459006751793e-05
2019-05-06,0.00051421435392629
2019-05-07,0.0005873715124815604
2019-05-08,-0.0002568241855004372
2019-05-09,0.0005137803222137194
2019-05-10,0.0002567582437735805
2019-05-13,0.0010267693436010195
2019-05-14,-0.00025642904242073605
2019-05-15,0.0005496317467297285
2019-05-16,-0.000695817768988527
2019-05-17,0.0
2019-05-20,-0.0004397698537764727
2019-05-21,-0.0006232813932172121
2019-05-22,0.0004769242057378609
2019-05-23,0.0017601114737266776
2019-05-24,-0.0008419049013507207
2019-05-28,0.0008426143024617971
2019-05-29,0.000658882096709279
2019-05-30,7.316091743780895e-05
2019-05-31,0.0023409780899081856
2019-06-03,0.0018976024522863177
2019-06-04,-0.0005827718084138178
2019-06-05,0.00036444476839525564
2019-06-06,-0.0006921927939087524
2019-06-07,0.0005468465184104154
2019-06-10,-0.0007651666970304172
2019-06-11,-0.00029171528588101125
2019-06-12,0.0004741756638459993
2019-06-13,0.0009843596193810367
2019-06-14,-0.0003277972027971865
2019-06-17,-0.00043720625204934915
2019-06-18,0.00010934937124118527
2019-06-19,0.0017858444493039638
2019-06-20,0.0005820933532214578
2019-06-21,-0.000836272406646521
2019-06-24,0.0008005822416303765
2019-06-25,0.0
2019-06-26,-0.0010908297578358095
2019-06-27,0.0005096097845078695
2019-06-28,7.276431637914804e-05
2019-07-01,0.0011641443538998875
2019-07-02,0.00039970930232557933
2019-07-03,-3.63226907849068e-05
2019-07-05,-0.0021067925899018736
2019-07-08,-0.00010920209668030534
2019-07-09,-0.0004368560923222464
2019-07-10,0.0013475616418399117
2019-07-11,-0.0006183167236487597
2019-07-12,0.0002911526003566145
2019-07-15,7.276696379854286e-05
2019-07-16,-0.0005820933532215689
2019-07-17,0.0004732263113829127
2019-07-18,0.0010915441711540907
2019-07-19,-0.0007269026677327872
2019-07-22,3.637157197933227e-05
2019-07-23,-0.00047281323877068626
2019-07-24,7.27749072120254e-05
2019-07-25,-0.0006549265026924989
2019-07-26,-0.00032767785625864576
2019-07-29,0.0003642058491459821
2019-07-30,0.0
2019-07-31,-0.000837368478537881
2019-08-01,0.003024340475149323
2019-08-02,-7.265593780647617e-05
2019-08-05,0.0025068119891007434
2019-08-06,-0.0004348771472059143
2019-08-07,0.0006888550503951762
2019-08-08,-0.0008333031411905667
2019-08-09,-0.000435129451011651
2019-08-12,0.0008343611695567077
2019-08-13,-0.0017035775127768327
2019-08-14,0.001524943722315042
2019-08-15,0.001232598607888713
2019-08-16,0.00028966615975090093
2019-08-19,-0.0010859335408672788
2019-08-20,0.00043484562980133923
2019-08-21,-0.0009055346276442
2019-08-22,-0.0007975927201536726
2019-08-23,0.001342476688073635
2019-08-26,-0.000543517646206193
2019-08-27,0.00032628793097200237
2019-08-28,0.0003261815018846814
2019-08-29,-0.0005796891416978145
2019-08-30,0.00036251586006885717
2019-09-03,0.0007972458778764402
2019-09-04,0.0004345149726616704
2019-09-05,-0.0020630496941619336
2019-09-06,0.0001813433918467222
2019-09-09,-0.00087029045944087
2019-09-10,-0.0014517475411025549
2019-09-11,-7.26929088067374e-05
2019-09-12,-0.0010177747082984467
2019-09-13,-0.0013462867954735502
2019-09-16,0.0008015739998543658
2019-09-17,0.0006189019950488817
2019-09-18,-0.0001819174094961351
2019-09-19,-7.278020378453931e-05
2019-09-20,0.00018196375282042432
2019-09-23,0.0005094058145034275
2019-09-24,0.001236498527112051
2019-09-25,-0.0013802622498274575
2019-09-26,0.00043647473902441725
2019-09-27,0.0006907834939102742
2019-09-30,-0.00014532771399511368
2019-10-01,0.0034883720930232176
2019-10-02,0.0011225376593280156
2019-10-03,0.001736173906752958
2019-10-04,-0.00028886080519952007
2019-10-07,-0.0012280131469643019
2019-10-08,0.0007955737171374544
2019-10-09,-0.0010478771454380809
2019-10-10,-0.0011213195398972475
2019-10-11,-0.001593336954553659
2019-10-14,0.0003264299445069341
2019-10-15,-0.0005076142131980044
2019-10-16,0.0006529783066095973
2019-10-17,-0.00021751740139208664
2019-10-18,0.0005076510261803335
2019-10-21,-0.0006523630037692518
2019-10-22,0.0002901283818088629
2019-10-23,-3.625552896813211e-05
2019-10-24,-3.625684347918767e-05
2019-10-25,-0.0008701957940536742
2019-10-28,-0.00043547684714762003
2019-10-29,3.6305547487680556e-05
2019-10-30,0.0002178253766564886
2019-10-31,0.001669630866393268
2019-11-01,-0.0007247164546870799
2019-11-04,-0.0006527178445806525
2019-11-05,-0.0006894299502884227
2019-11-06,0.00043572984749462584
2019-11-07,-0.0012703252032519874
2019-11-08,0.000218047025475121
2019-11-11,-0.00021799949133449736
2019-11-12,0.0004724352218627992
2019-11-13,0.0004358881220487554
2019-11-14,0.0006172391256988874
2019-11-15,-0.0003265720817156037
2019-11-18,0.00032667876588021727
2019-11-19,-0.0001088573605718679
2019-11-20,0.0005080563216721679
2019-11-21,-0.0005440696409140244
2019-11-22,-0.0004717837053166418
2019-11-25,0.00018154091932331973
2019-11-26,0.000254111155479686
2019-11-27,-0.0009073092835886198
2019-11-29,0.00043590395582837616
2019-12-02,-0.00029047601757381525
2019-12-03,0.0013801619874331816
2019-12-04,-0.0009430198396865874
2019-12-05,0.0001089126883282443
2019-12-06,-0.0006171046899956512
2019-12-09,-3.63226907849068e-05
2019-12-10,-0.00043588812204864436
2019-12-11,0.000581437604477042
2019-12-12,-0.0008716495968620341
2019-12-13,0.001199563794983538
2019-12-16,-0.0006535235813092122
2019-12-17,0.00021798365122616126
2019-12-18,7.26453815698136e-05
2019-12-19,0.00025424036610610656
2019-12-20,-0.00029048656499641723
2019-12-23,-0.0003995350864448577
2019-12-24,0.0003633588895752826
2019-12-26,3.63226907849068e-05
2019-12-27,0.0006901060584048047
2019-12-30,0.000254074262277193
2019-12-31,0.0
2020-01-02,0.0007257420712678542
2020-01-03,0.0009790412647763258
2020-01-06,-0.00032602789349756023
2020-01-07,-3.623713581679677e-05
2020-01-08,-0.0006885305308932388
2020-01-09,0.0001087902523932982
2020-01-10,7.251894557458449e-05
2020-01-13,-0.0002900547478336124
2020-01-14,0.0001450694520002127
2020-01-15,0.00029009681981362334
2020-01-16,-0.00014500634402758728
2020-01-17,-0.00010877053043767404
2020-01-21,0.000725215751686159
2020-01-22,0.00010870352924130522
2020-01-23,0.00018115285678055315
2020-01-24,0.0006882561761936135
2020-01-27,0.0008325791855203768
2020-01-28,-0.0005425347222222099
2020-01-29,0.0007237723012341046
2020-01-30,0.0003977868585687272
2020-01-31,0.0010844418739155426
2020-02-03,-0.0005777424712933854
2020-02-04,-0.0011200231230580338
2020-02-05,-0.000434043476688295
2020-02-06,-0.00014474398407815503
2020-02-07,0.0008685896275921756
2020-02-10,0.0003977580907612577
2020-02-11,-0.0006506180871828082
2020-02-12,-0.0004701967592593004
2020-02-13,-7.237199203913303e-05
2020-02-14,0.0002895089204935086
2020-02-18,0.00028942512933682885
2020-02-19,-0.00036167673333575845
2020-02-20,0.0005788921451572726
2020-02-21,0.0007955161815222933
2020-02-24,0.0014813744264190465
2020-02-25,0.0011544844505375629
2020-02-26,0.0007567567567567934
2020-02-27,0.000648158150588829
2020-02-28,0.003490589801720123
2020-03-02,0.0010758086495015196
2020-03-03,0.0017194440464249894
2020-03-04,0.001215848948648235
2020-03-05,0.0010000714336737548
2020-03-06,0.0017483765075287927
2020-03-09,0.0023508459483525534
2020-03-10,-0.0018123023346717781
2020-03-11,0.0003559985760057671
2020-03-12,0.00014234875444829598
2020-03-13,-0.00039140335895249123
2020-03-16,0.0013882461823229164
2020-03-17,-0.0020972557941134617
2020-03-18,-0.0002493499091653639
2020-03-19,0.0014252120002851143
2020-03-20,0.0010673877463887038
2020-03-23,0.0012439579186807048
2020-03-24,-0.0013489049022044064
2020-03-25,0.00149290868375207
2020-03-26,0.0005678793256433945
2020-03-27,0.00042566776630836856
2020-03-30,-0.00017728610431511083
2020-03-31,0.0002127810483012471
2020-04-01,0.0
2020-04-02,0.0002481917458516669
2020-04-03,7.089433199825024e-05
2020-04-06,-0.0008861163293517604
2020-04-07,-0.00046118915850712483
2020-04-08,0.0004968944099379424
2020-04-09,0.0006030721203307277
2020-04-13,-0.00031908104658584513
2020-04-14,0.00031918289179699855
2020-04-15,0.0004254413954478675
2020-04-16,3.54383726699492e-05
2020-04-17,-0.00021262270101707337
2020-04-20,-3.5444653174065976e-05
2020-04-21,-3.5445909542075604e-05
2020-04-22,-7.089433199813922e-05
2020-04-23,-0.00014179871672159727
2020-04-24,7.090941322451805e-05
2020-04-27,-0.000283617541744996
2020-04-28,0.0002836980034752745
2020-04-29,0.0001772609635906086
2020-04-30,0.00010633772862611579
2020-05-01,-0.0003544214070529961
2020-05-04,0.0003545470661230343
2020-05-05,-0.00014176856282122063
2020-05-06,0.00014178866399627843
2020-05-07,0.0009214956583376566
2020-05-08,-0.00038950462094122784
2020-05-11,-0.0004959263195182251
2020-05-12,0.00010632265381338435
2020-05-13,0.00021262270101707337
2020-05-14,0.0002834366696191637
2020-05-15,-3.5419544504700085e-05
2020-05-18,-0.0006021535845848192
2020-05-19,0.00021265284423188646
2020-05-20,0.00024804223804975045
2020-05-21,-7.085163667275296e-05
2020-05-22,3.542832849157129e-05
2020-05-26,-0.00021256244021683468
2020-05-27,0.0
2020-05-28,3.5434605435646915e-05
2020-05-29,0.0003543334986890745
2020-06-01,-0.00010626239727973275
2020-06-02,-0.00021254738035358933
2020-06-03,-0.0004960493214754003
2020-06-04,0.00010634903754125347
2020-06-05,-0.00042535091450446316
2020-06-08,-0.00014184397163119478
2020-06-09,0.00039012625904377707
2020-06-10,0.0004963306980536597
2020-06-11,-7.086921087129383e-05
2020-06-12,-0.00014174846734471558
2020-06-15,0.00010632642211594323
2020-06-16,-0.0003189453540293208
2020-06-17,0.00014179871672159727
2020-06-18,0.00010633395952219793
2020-06-19,0.00014176353841799383
2020-06-22,-7.087172218289695e-05
2020-06-23,-7.08767453398984e-05
2020-06-24,3.5440884604387435e-05
2020-06-25,0.00014175851437081555
2020-06-26,0.0003543460543566912
2020-06-29,0.00014168821508264706
2020-06-30,-0.00014166814237648317
2020-07-01,0.000920973398037539
2020-07-02,0.0001769473050925452
2020-07-06,-0.00010614960016985808
2020-07-07,0.0
2020-07-08,0.000176934781839444
2020-07-09,7.076139258410663e-05
2020-07-10,-7.075638576381493e-05
2020-07-13,-0.00010614208887627097
2020-07-14,0.0001061533562152217
2020-07-15,0.0
2020-07-16,0.0001415227851684353
2020-07-17,0.0
2020-07-20,-0.00010612706947787931
2020-07-21,0.0001768972227136345
2020-07-22,-0.00010611956137251966
2020-07-23,-3.5376941309617216e-05
2020-07-24,3.5378192881907466e-05
2020-07-27,-0.00010613082392896267
2020-07-28,0.00021228417775254194
2020-07-29,0.0002122391227450393
2020-07-30,0.00010609704342900983
2020-07-31,0.00024753350542816577
2020-08-03,-0.0001767658912535941
2020-08-04,7.071885718334947e-05
2020-08-05,-0.00010607078457025576
2020-08-06,3.536067892495609e-05
2020-08-07,-0.00021215657154982637
2020-08-10,-7.073386383726898e-05
2020-08-11,-0.000565910939765879
2020-08-12,0.0
2020-08-13,-7.077892203699587e-05
2020-08-14,0.00024774376216596394
2020-08-17,-3.5383200056582353e-05
2020-08-18,0.00014153780828696227
2020-08-19,3.537944454268249e-05
2020-08-20,0.0
2020-08-21,-3.5378192881907466e-05
2020-08-24,-0.000141517778170841
2020-08-25,3.538445207174057e-05
2020-08-26,-7.076640011327573e-05
2020-08-27,-0.00014154281670208935
2020-08-28,0.000424688561721398
2020-08-31,3.537568982592276e-05
2020-09-01,-3.537443843082411e-05
2020-09-02,-7.075137965195655e-05
2020-09-03,0.00017689096440953733
2020-09-04,-0.00038909129496655925
2020-09-08,0.0001769285208774729
2020-09-09,-7.0758889085476e-05
2020-09-10,7.076389626003987e-05
2020-09-11,0.0002476561117989995
2020-09-14,-0.00017685342388229497
2020-09-15,-3.5376941309617216e-05
2020-09-16,-3.5378192881907466e-05
2020-09-17,0.000141517778170952
2020-09-18,-7.074887686153719e-05
2020-09-21,3.537694130972824e-05
2020-09-22,7.075137965184553e-05
2020-09-23,-0.00010611956137251966
2020-09-24,7.075388261923443e-05
2020-09-25,0.0001061233152923613
2020-09-28,3.537068477643679e-05
2020-09-29,3.5369433735388256e-05
2020-09-30,7.073636556542695e-05
2020-10-01,0.00014146272457216114
2020-10-02,-0.00010608203677509032
2020-10-05,-0.0002829154436467807
2020-10-06,3.5374438430713084e-05
2020-10-07,-0.0002122391227449283
2020-10-08,0.00017690348146048862
2020-10-09,-0.0001414977537231854
2020-10-12,0.0
2020-10-13,0.000283035556341682
2020-10-14,-3.5369433735388256e-05
2020-10-15,0.0
2020-10-16,-7.074136955287358e-05
2020-10-19,-3.5373187124210226e-05
2020-10-20,0.0
2020-10-21,-3.537443843082411e-05
2020-10-22,-0.00014150275930380207
2020-10-23,3.5380696292053315e-05
2020-10-26,7.075888908536498e-05
2020-10-27,3.537694130972824e-05
2020-10-28,7.075137965184553e-05
2020-10-29,-7.074637424830943e-05
2020-10-30,0.0
2020-11-02,-0.00014150275930380207
2020-11-03,-0.00021228417775265296
2020-11-04,0.0004600467124353802
2020-11-05,-0.00014148774362421346
2020-11-06,-0.00010613082392896267
2020-11-09,-0.00045994905179735923
2020-11-10,-7.079395419629098e-05
2020-11-11,-7.079896633510607e-05
2020-11-12,0.0002124119375508382
2020-11-13,-3.539447138356522e-05
2020-11-16,-3.53957241965297e-05
2020-11-17,0.00010619093129449197
2020-11-18,0.0
2020-11-19,7.078643731861511e-05
2020-11-20,0.0001415628539072067
2020-11-23,-3.538570417549458e-05
2020-11-24,7.077391273568878e-05
2020-11-25,7.076890414348114e-05
2020-11-27,0.00010614584439028185
2020-11-30,7.075638576381493e-05
2020-12-01,-0.0004952596575633628
2020-12-02,0.00021235931195584534
2020-12-03,0.00021231422505318953
2020-12-04,3.5378192881907466e-05
2020-12-07,0.0001768847065481971
2020-12-08,-0.00017685342388229497
2020-12-09,0.0
2020-12-10,0.00021226164785792534
2020-12-11,0.0003536943373536605
2020-12-14,0.0
2020-12-15,-7.07138563801335e-05
2020-12-16,0.0
2020-12-17,-7.071885718323845e-05
2020-12-18,3.5361929346944265e-05
2020-12-21,0.0
2020-12-22,7.072135785013423e-05
2020-12-23,-3.535817834665611e-05
2020-12-24,3.535942859156371e-05
2020-12-28,0.0
2020-12-29,0.0
2020-12-30,0.0
2020-12-31,0.00010607453503985731
2021-01-04,3.535442814217582e-05
2021-01-05,-0.0001414127130029419
2021-01-06,-0.0004596563185064184
2021-01-07,0.0001768721921540095
2021-01-08,0.0
2021-01-11,-0.00010610454834825145
2021-01-12,-7.074387181205122e-05
2021-01-13,0.0
2021-01-14,3.5374438430713084e-05
2021-01-15,0.00017686593562071806
2021-01-19,0.00010610079575590348
2021-01-20,3.536317985708415e-05
2021-01-21,0.00010608578804061075
2021-01-22,3.535817834654509e-05
2021-01-25,0.0
2021-01-26,0.0
2021-01-27,0.00010607078457014474
2021-01-28,-0.00010605953475217866
2021-01-29,7.071385638024452e-05
2021-02-01,0.00010606328442630542
2021-02-02,-0.00010605203619906689
2021-02-03,-3.535442814217582e-05
2021-02-04,0.0
2021-02-05,0.00017677839060947775
2021-02-08,-0.00010604828732019289
2021-02-09,-7.070635650141543e-05
2021-02-10,0.00010606703436577547
2021-02-11,3.535192844772439e-05
2021-02-12,0.0
2021-02-16,-0.0002121040723982448
2021-02-17,0.00021214907007993666
2021-02-18,3.535067873294828e-05
2021-02-19,3.534942910676797e-05
2021-02-22,-0.0001060445387062181
2021-02-23,-3.535192844772439e-05
2021-02-24,-0.0001414127130029419
2021-02-25,-0.0008485962803196356
2021-02-26,0.00038927029513757816
2021-03-01,0.0004952421380310934
2021-03-02,3.535692819012226e-05
2021-03-03,-0.00031820110309710437
2021-03-04,-7.073386383726898e-05
2021-03-05,0.00010610830120616477
2021-03-08,-0.0004951195360022309
2021-03-09,0.0
2021-03-10,0.00014153280022655146
2021-03-11,0.00028302554305525973
2021-03-12,-0.00014147273113107595
2021-03-15,-7.074637424830943e-05
2021-03-16,3.537568982592276e-05
2021-03-17,0.000353744384307797
2021-03-18,-0.0004950670108561095
2021-03-19,0.0001768972227136345
2021-03-22,7.074637424842045e-05
2021-03-23,3.537068477643679e-05
2021-03-24,0.00010610830120616477
2021-03-25,0.00024755976800117097
2021-03-26,-0.00017678464095038926
2021-03-29,-3.536317985708415e-05
2021-03-30,-3.536443045581983e-05
2021-03-31,0.0
2021-04-01,-0.0008487763474324117
2021-04-05,-0.00028316579357212657
2021-04-06,0.00028324599915019455
2021-04-07,0.0001769786209826485
2021-04-08,3.538946101855345e-05
2021-04-09,-0.00010616462594659204
2021-04-12,-0.00024774376216596394
2021-04-13,0.00024780515434730255
2021-04-14,-7.078393204740241e-05
2021-04-15,0.00014157788553426087
2021-04-16,-0.00014155784407399175
2021-04-19,7.078894276713044e-05
2021-04-20,0.00017695983011867256
2021-04-21,7.077140835098916e-05
2021-04-22,0.0
2021-04-23,-0.00010614960016985808
2021-04-26,-0.0002123217382072884
2021-04-27,-0.00010618341415069565
2021-04-28,0.0002477876106194987
2021-04-29,0.0
2021-04-30,0.0
2021-05-03,7.07789220371069e-05
2021-05-04,-3.538695636784439e-05
2021-05-05,0.00010616462594659204
2021-05-06,3.538445207174057e-05
2021-05-07,0.00021229920033971617
2021-05-10,-0.00014150275930380207
2021-05-11,-0.0001415227851684353
2021-05-12,-0.00014154281670208935
2021-05-13,0.0001415628539072067
2021-05-14,0.00014154281670197832
2021-05-17,-7.076139258421765e-05
2021-05-18,0.00010614960016974706
2021-05-19,-0.0001768972227136345
2021-05-20,0.0001769285208774729
2021-05-21,-7.0758889085476e-05
2021-05-24,0.00010614584439028185
2021-05-25,0.00014151277152762987
2021-05-26,3.5373187124099204e-05
2021-05-27,-3.537193590608112e-05
2021-05-28,0.00014149274849661886
2021-06-01,-7.073636556553797e-05
2021-06-02,0.0
2021-06-03,-0.00021222410865873176
2021-06-04,0.00014151277152762987
2021-06-07,-0.00010611956137251966
2021-06-08,7.075388261923443e-05
2021-06-09,3.5374438430713084e-05
2021-06-10,0.0
2021-06-11,0.0
2021-06-14,-0.00014149274849661886
2021-06-15,-0.0001061345786457224
2021-06-16,-0.000672257014471267
2021-06-17,-7.081149978760415e-05
2021-06-18,-0.0007435734013171436
2021-06-21,7.086921087129383e-05
2021-06-22,0.00035432094391096847
2021-06-23,0.0
2021-06-24,-0.0002833563560372676
2021-06-25,-3.542958370239546e-05
2021-06-28,0.00028344671201807614
2021-06-29,3.5420799093133226e-05
2021-06-30,7.083908900940017e-05
2021-07-01,-0.0013104303169824139
2021-07-02,0.0003191715724519817
2021-07-06,0.00038997411989938335
2021-07-07,0.0001417534906797968
2021-07-08,0.00038976684855795973
2021-07-09,-0.00038961498955125684
2021-07-12,-0.0003189001488200782
2021-07-13,-0.0004607804912628577
2021-07-14,0.0005319148936169249
2021-07-15,3.5442140705388425e-05
2021-07-16,3.5440884604387435e-05
2021-07-19,0.0002835170287416311
2021-07-20,0.0003897254207263501
2021-07-21,-0.0003187420314492151
2021-07-22,0.00014170829347781577
2021-07-23,0.0
2021-07-26,7.084410754143455e-05
2021-07-27,0.0001416781780185783
2021-07-28,-0.00014165810815591762
2021-07-29,0.0001416781780185783
2021-07-30,0.00024790168927291134
2021-08-02,0.0002478402492565035
2021-08-03,0.0
2021-08-04,-0.00014158790839258195
2021-08-05,-0.0003540198959181007
2021-08-06,-0.00017707263519495253
2021-08-09,-0.0002479455936525987
2021-08-10,-0.0002834366696191637
2021-08-11,0.0002480774001487607
2021-08-12,-0.00014172335600903807
2021-08-13,0.0002126151665484688
2021-08-16,0.00021256997094876162
2021-08-17,-0.00017710399546611022
2021-08-18,-3.542707336945394e-05
2021-08-19,0.0
2021-08-20,-3.542832849146027e-05
2021-08-23,3.542958370239546e-05
2021-08-24,-7.085665698292054e-05
2021-08-25,3.543083900225952e-05
2021-08-26,0.0
2021-08-27,0.00042515500442874554
2021-08-30,0.00021248716223398745
2021-08-31,-3.5407003505238954e-05
2021-09-01,3.54082572056047e-05
2021-09-02,0.0
2021-09-03,0.00010622101051582789
2021-09-07,-0.0002478227005593414
2021-09-08,3.5412018839275916e-05
2021-09-09,7.082152974513534e-05
2021-09-10,-3.54082572056047e-05
2021-09-13,3.540951099467726e-05
2021-09-14,0.0001416330288224188
2021-09-15,-7.080648587409755e-05
2021-09-16,-0.00014162299957509727
2021-09-17,-0.00014164305949004863
2021-09-20,0.00021249468763273605
2021-09-21,7.08165144112094e-05
2021-09-22,-0.000495680498513007
2021-09-23,-0.00024796315975916805
2021-09-24,-0.00024802466073770013
2021-09-27,-0.0001417635384178828
2021-09-28,0.00010633772862611579
2021-09-29,7.08842814105548e-05
2021-09-30,0.00017719814296346392
2021-10-01,-0.0014173339947558539
2021-10-04,-0.00024838549428718437
2021-10-05,-0.00017746228926351915
2021-10-06,-0.00021299254526097045
2021-10-07,-0.00021303792074989225
2021-10-08,-0.0002841110874352015
2021-10-11,-0.0006394316163410574
2021-10-12,0.0
2021-10-13,-0.0005687473339969218
2021-10-14,0.0003201024327785795
2021-10-15,-0.0009244444444443944
2021-10-18,-0.0004982383714723371
2021-10-19,0.0004628805412141279
2021-10-20,0.0001779486084418913
2021-10-21,-0.0010675016902109702
2021-10-22,-0.00032059274035545204
2021-10-25,0.0006057582668186345
2021-10-26,-0.0001068338022149895
2021-10-27,-0.000320535650687348
2021-10-28,-0.00021375895115605115
2021-10-29,3.563410896911812e-05
2021-11-01,-0.0002850627137970241
2021-11-02,0.001176218990590172
2021-11-03,-0.00046281462494213166
2021-11-04,0.0011753811084200816
2021-11-05,0.0003913337365257785
2021-11-08,-0.0008890469416785729
2021-11-09,0.0007474639615590029
2021-11-10,-0.001849480722720176
2021-11-11,-0.0008195553021664859
2021-11-12,0.0005349309939017832
2021-11-15,-7.128599942973768e-05
2021-11-16,-3.5645540742867965e-05
2021-11-17,0.0004634085481054484
2021-11-18,0.00010689090002147239
2021-11-19,0.00017813245929665378
2021-11-22,-0.00131794542993513
2021-11-23,0.00035667154117779987
2021-11-24,-0.0007130887438941969
2021-11-25,-0.00014271952046240877
2021-11-26,0.002141098383470652
2021-11-29,0.0002136523875653218
2021-11-30,-0.00017800562497771732
2021-12-01,-0.0007121492664862172
2021-12-02,-0.0009620866590649424
2021-12-03,0.0005706744658844354
2021-12-06,-0.0006772894164617238
2021-12-07,-0.0008917742740957024
2021-12-08,0.0001785140490555559
2021-12-09,-0.00017848218747773537
2021-12-10,0.0004998393373558674
2021-12-13,0.000356849730578368
2021-12-14,-0.00024970570399174274
2021-12-15,-0.0005708984514379845
2021-12-16,0.0011781506604784386
2021-12-17,-0.0002496166601291261
2021-12-20,0.00028534741047225864
2021-12-21,-0.0006061902724290302
2021-12-22,0.00010703964034686209
2021-12-23,-0.00039243667499111456
2021-12-27,-0.00042828080945067626
2021-12-28,-7.14107187488322e-05
2021-12-29,3.570790930185197e-05
2021-12-30,0.0003213597086337838
2021-12-31,0.00021417097983222888
2022-01-03,-0.004389564969130344
2022-01-04,0.0003942934977416712
2022-01-05,-0.001218245010570107
2022-01-06,-0.001040358744394565
2022-01-07,0.00028729440494146274
2022-01-10,-0.0006462267537875599
2022-01-11,0.000143698807299808
2022-01-12,-7.183908045982346e-05
2022-01-13,0.00017961060421001207
2022-01-14,-0.0012570484502388846
2022-01-18,-0.0012945914844648687
2022-01-19,0.0003960823851361095
2022-01-20,-0.00046791203253793157
2022-01-21,0.0011883327331652094
2022-01-24,0.0008272488580369775
2022-01-25,-0.000754689858405766
2022-01-26,-0.0011868368998381174
2022-01-27,-0.001908396946564861
2022-01-28,0.0003607633753022199
2022-01-31,0.00010818998160777582
2022-02-01,0.0
2022-02-02,0.00021635655560370282
2022-02-03,-0.0005768260148533155
2022-02-04,-0.0023447081740134434
2022-02-07,0.0005062009617817775
2022-02-08,-0.0007227783600158855
2022-02-09,-3.616505732162434e-05
2022-02-10,-0.0038698010849909092
2022-02-11,0.0009076716407072638
2022-02-14,-0.0014509576320371753
2022-02-15,0.00036326649229878605
2022-02-16,0.0007988960708837922
2022-02-17,0.0007982583454282377
2022-02-18,0.0003625552896817652
2022-02-22,-0.00148593795302987
2022-02-23,-0.000254074262277193
2022-02-24,0.001125471972117431
2022-02-25,-0.0006890299184043602
2022-02-28,0.0032297866163448763
2022-03-01,0.0020618556701030855
2022-03-02,-0.003790340047649998
2022-03-03,-0.00021741493640614618
2022-03-04,0.0009060925664166053
2022-03-07,-0.001050115874855151
2022-03-08,-0.0013049624823285866
2022-03-09,-0.00076222278683169
2022-03-10,-0.0007628042135852109
2022-03-11,-0.0003635173943072889
2022-03-14,-0.0016727881013854917
2022-03-15,0.0
2022-03-16,-0.0017484427931373503
2022-03-17,0.0003284072249589709
2022-03-18,-0.00029182169694319526
2022-03-21,-0.0031744873385389782
2022-03-22,-0.0002562319264980406
2022-03-23,0.0006956649091973688
2022-03-24,-0.0004390618711352934
2022-03-25,-0.0023060873384823655
2022-03-28,-0.0006237158790725061
2022-03-29,0.0006975292778736986
2022-03-30,0.00014674590945773502
2022-03-31,0.0007336218912772363
2022-04-01,-0.008320504361850278
2022-04-04,7.392348918866531e-05
2022-04-05,-0.0015153195106626383
2022-04-06,0.0001850755108083746
2022-04-07,0.0008511898153287234
2022-04-08,-0.00114628013607454
2022-04-11,0.0005182689816014552
2022-04-12,0.0024790024790024567
2022-04-13,0.0009965305971801897
2022-04-14,-0.0019173334316581192
2022-04-18,-0.00014777051239422967
2022-04-19,-0.0019582486606317673
2022-04-20,0.0
2022-04-21,-0.0020361320894417556
2022-04-22,-0.00014838446414655593
2022-04-25,0.001669572960338428
2022-04-26,0.0015556707904289535
2022-04-27,0.0
2022-04-28,-0.0011464497041420163
2022-04-29,-0.000925617386796973
2022-05-02,-0.0004076489771716041
2022-05-03,-0.000704408111815491
2022-05-04,0.002819618609482877
2022-05-05,-0.002034776174620778
2022-05-06,0.0007414272474512984
2022-05-09,0.001592887571772561
2022-05-10,3.698498409643314e-05
2022-05-11,-0.0002588853138060232
2022-05-12,0.0020716188221368004
2022-05-13,-0.0012182516243355312
2022-05-16,0.0005544261689152119
2022-05-17,-0.00210565201329882
2022-05-18,0.0006293266205159576
2022-05-19,0.0010728819829819436
2022-05-20,0.0006282567722384336
2022-05-23,-0.0005909292362239471
2022-05-24,0.0025129342202512284
2022-05-25,0.0004792096726629058
2022-05-26,0.0003684462621127427
2022-05-27,0.00022098633567835257
2022-05-31,-0.0007364583716905626
2022-06-01,-0.0018793529129970121
2022-06-02,0.000369194417780383
2022-06-03,-0.00033215234720995745
2022-06-06,-0.001144460442278561
2022-06-07,-7.392075694856448e-05
2022-06-08,-0.0008131884379389831
2022-06-09,-0.0009248298313110359
2022-06-10,-0.003961935794423721
2022-06-13,-0.0042007434944237865
2022-06-14,-0.002687870982192808
2022-06-15,0.0030320044918585864
2022-06-16,0.0010822510822510178
2022-06-17,0.00014911463187328167
2022-06-20,-0.0010063737001005935
2022-06-21,0.0008208342660995793
2022-06-22,0.0026096033402922547
2022-06-23,0.0007436602959767225
2022-06-24,-0.000445864605781332
2022-06-27,-0.000892126979406771
2022-06-28,-0.00014882059677057136
2022-06-29,0.001227952668006349
2022-06-30,0.001783922399375637
2022-07-01,-0.0010016694490817546
2022-07-05,0.0007427213309565417
2022-07-06,-0.002523378358319728
2022-07-07,-0.0014880952380952328
2022-07-08,-0.0016393442622950616
2022-07-11,0.0012315270935960854
2022-07-12,0.0005963696000597096
2022-07-13,-0.001527286273048989
2022-07-14,-0.00018653932248913208
2022-07-15,0.00026120377626037694
2022-07-18,-0.00022383048571217312
