Date,CL=F
2012-03-30,
2012-04-02,0.02145221108406936
2012-04-03,-0.011593663230865303
2012-04-04,-0.02442073707681025
2012-04-05,0.018133402146005118
2012-04-09,-0.00822764973582557
2012-04-10,-0.01405428903253303
2012-04-11,0.01663037379729615
2012-04-12,0.009152896488205053
2012-04-13,-0.007815491734503688
2012-04-16,0.0009724639924193479
2012-04-17,0.012338449813475316
2012-04-18,-0.014683290058605802
2012-04-19,-0.003895992334788101
2012-04-20,0.007626932964647448
2012-04-23,0.0005822179215622114
2012-04-24,0.004267311015436759
2012-04-25,0.0055045840466014795
2012-04-26,0.0041298529949362894
2012-04-27,0.003634598204936168
2012-04-30,-0.0005717865092846885
2012-05-01,0.012300952433887291
2012-05-02,-0.008854581847963505
2012-05-03,-0.025470445486446724
2012-05-04,-0.039496811152695654
2012-05-07,-0.005584276924485598
2012-05-08,-0.009495612436115075
2012-05-09,-0.0020616902714407637
2012-05-10,0.002789012284578174
2012-05-11,-0.009785790685191587
2012-05-14,-0.01404346731189654
2012-05-15,-0.008440551093761184
2012-05-16,-0.01244951858424792
2012-05-17,-0.0026936753213701037
2012-05-18,-0.011668044837366165
2012-05-21,0.01191513224630869
2012-05-22,-0.009830355792533552
2012-05-23,-0.01920141900406691
2012-05-24,0.008453861216139114
2012-05-25,0.002206010811422132
2012-05-29,-0.001100577519803414
2012-05-30,-0.03239315086169048
2012-05-31,-0.014689147346961029
2012-06-01,-0.03813700992623659
2012-06-04,0.009011173492131208
2012-06-05,0.00369132586570875
2012-06-06,0.008660525799147223
2012-06-07,-0.0023523518717816216
2012-06-08,-0.008488578440151273
2012-06-11,-0.016646867434958468
2012-06-12,0.007497010513435098
2012-06-13,-0.008401307618891796
2012-06-14,0.015613663430684266
2012-06-15,0.001430045429037241
2012-06-18,-0.009044414462346939
2012-06-19,0.009126962493924307
2012-06-20,-0.026538090681116233
2012-06-21,-0.044009852924305815
2012-06-22,0.01994891622592765
2012-06-25,-0.0068957251382516516
2012-06-26,0.0018937195759709535
2012-06-27,0.010710666174191363
2012-06-28,-0.031417487493205054
2012-06-29,0.09357699079169723
2012-07-02,-0.014241985611012087
2012-07-03,0.04668661089085813
2012-07-05,-0.005019420750907888
2012-07-06,-0.03175881946449033
2012-07-09,0.018235653891985226
2012-07-10,-0.024188792340190668
2012-07-11,0.022643234579458715
2012-07-12,0.0031465363027958215
2012-07-13,0.011849403129292613
2012-07-16,0.015269826111993012
2012-07-17,0.00893363013458126
2012-07-18,0.007285379029204453
2012-07-19,0.031044851788807337
2012-07-20,-0.01316642750362873
2012-07-23,-0.03608927125600636
2012-07-24,0.004084418117137334
2012-07-25,0.005310748256532438
2012-07-26,0.004720671722859171
2012-07-27,0.008278307068152913
2012-07-30,-0.003883262895670425
2012-07-31,-0.019157955492195344
2012-08-01,0.009652579230995828
2012-08-02,-0.020020316447810327
2012-08-03,0.04900728115532482
2012-08-06,0.00875268500008497
2012-08-07,0.015943614635132164
2012-08-08,-0.0034162453408729254
2012-08-09,0.00010714661375432755
2012-08-10,-0.005248477512490357
2012-08-13,-0.0015074769625071927
2012-08-14,0.00754876440096508
2012-08-15,0.009632896531512003
2012-08-16,0.013463337415608123
2012-08-17,0.0042887413039067734
2012-08-20,-0.0004166327948894599
2012-08-21,0.0073981356198993264
2012-08-22,0.005999191448323282
2012-08-23,-0.010178958167997854
2012-08-24,-0.0012464435584473854
2012-08-27,-0.007072285953035107
2012-08-28,0.009008071638790804
2012-08-29,-0.008720065932920518
2012-08-30,-0.009110850734635578
2012-08-31,0.019551875083705816
2012-09-04,-0.01212810359842964
2012-09-05,0.00062956512772816
2012-09-06,0.0017826989078988387
2012-09-07,0.009316438825720308
2012-09-10,0.0012445835808019279
2012-09-11,0.006525763905567361
2012-09-12,-0.0016465579472036973
2012-09-13,0.013400632859874584
2012-09-14,0.007018639594563947
2012-09-17,-0.024040376297151056
2012-09-18,-0.013765284550271373
2012-09-19,-0.03473604288794163
2012-09-20,-0.0011959187468680854
2012-09-21,0.011102608169937689
2012-09-24,-0.010334794819469417
2012-09-25,-0.006091564850807529
2012-09-26,-0.015212863608023097
2012-09-27,0.020782341047150155
2012-09-28,0.003701730788606694
2012-10-01,0.0031456872529282975
2012-10-02,-0.0063798004527313434
2012-10-03,-0.04080966399943675
2012-10-04,0.040503740861648874
2012-10-05,-0.01995422363235555
2012-10-08,-0.006119219394417175
2012-10-09,0.03425498148293982
2012-10-10,-0.012338991202289873
2012-10-11,0.008986298025470907
2012-10-12,-0.0022808633123571065
2012-10-15,-0.00010888456525159906
2012-10-16,0.002612932691960168
2012-10-17,0.00032583787473861037
2012-10-18,-0.00021715449266734854
2012-10-19,-0.022258365432430538
2012-10-22,-0.014658519157023542
2012-10-23,-0.023216557083870604
2012-10-24,-0.010845677072467419
2012-10-25,0.003732645308456517
2012-10-26,0.0026728148678940578
2012-10-31,-0.0004636174790598746
2012-11-01,0.009856197764102514
2012-11-02,-0.025605647276492616
2012-11-05,0.009309461581961997
2012-11-06,0.035726765955388595
2012-11-07,-0.048134333075580016
2012-11-08,0.007697701062188145
2012-11-09,0.011517257011529614
2012-11-12,-0.005809225069976054
2012-11-13,-0.0022204328863372202
2012-11-14,0.011009633071505265
2012-11-15,-0.01007880849927989
2012-11-16,0.014277369973952014
2012-11-19,0.030114234054371414
2012-11-20,-0.028337800334777286
2012-11-21,0.007262216177728709
2012-11-23,0.010299857566586246
2012-11-26,-0.00611691122558089
2012-11-27,-0.006382466061410574
2012-11-28,-0.007914687302028933
2012-11-29,0.01826802948409534
2012-11-30,0.00953791268531723
2012-12-03,0.002024436715414968
2012-12-04,-0.006622475722784293
2012-12-05,-0.007005680752339316
2012-12-06,-0.018434173507265283
2012-12-07,-0.003825664536079132
2012-12-10,-0.004305862274735062
2012-12-11,0.0026882113545654285
2012-12-12,0.011423192878899924
2012-12-13,-0.010141722801233821
2012-12-14,0.009779997360046533
2012-12-17,0.005419042697073939
2012-12-18,0.008371598422955095
2012-12-19,0.017968859610724808
2012-12-20,0.006926545664068584
2012-12-21,-0.01630970416181654
2012-12-24,-0.0005639865744690997
2012-12-26,0.026746447695037645
2012-12-27,-0.0012090635996131471
2012-12-28,-0.0007703278607733566
2012-12-31,0.011233442828024964
2013-01-02,0.014158168765830537
2013-01-03,-0.0021478154181440168
2013-01-04,0.001829511109505244
2013-01-07,0.0010742948485313875
2013-01-08,-0.0004292404172054898
2013-01-09,-0.000536801405676024
2013-01-10,0.007733633002188212
2013-01-11,-0.0027712869012597174
2013-01-14,0.006199250173039239
2013-01-15,-0.009135336901713753
2013-01-16,0.010291585517105517
2013-01-17,0.013264007091839725
2013-01-18,0.0007330578740205596
2013-01-22,0.007115951470789916
2013-01-23,-0.010494539996411922
2013-01-24,0.007560575091129396
2013-01-25,-0.0007295434815074442
2013-01-28,0.0058406884024844175
2013-01-29,0.011717101045331635
2013-01-30,0.003792177387919482
2013-01-31,-0.0045946964102430154
2013-02-01,0.0028720769866890095
2013-02-04,-0.016364923075146143
2013-02-05,0.004887191740166719
2013-02-06,-0.0002069189072090305
2013-02-07,-0.00817637024498341
2013-02-08,-0.001147872359905322
2013-02-11,0.013685724424232548
2013-02-12,0.004946958290965364
2013-02-13,-0.005127679100052296
2013-02-14,0.0030924174389976855
2013-02-15,-0.014900801403978092
2013-02-19,0.008345535642229285
2013-02-20,-0.022760236853778593
2013-02-21,-0.017150145694298735
2013-02-22,0.003123663582146996
2013-02-25,-0.00021471753093671442
2013-02-26,-0.005155228802353196
2013-02-27,0.0014034857677569512
2013-02-28,-0.007654151230289452
2013-03-01,-0.014883244988179833
2013-03-04,-0.006175535473192717
2013-03-05,0.007767387116160762
2013-03-06,-0.004294201618133986
2013-03-07,0.012495822731444894
2013-03-08,0.004259495413363901
2013-03-11,0.0011963090157955936
2013-03-12,0.005214027478417815
2013-03-13,-0.0002161689243898035
2013-03-14,0.005512344949578862
2013-03-15,0.004514653063059093
2013-03-18,0.0031032736757383717
2013-03-19,-0.016855069742548023
2013-03-20,0.008680505540086036
2013-03-21,-0.005486253670968888
2013-03-22,0.013629012199274149
2013-03-25,0.011738325524147442
2013-03-26,0.01613752577465588
2013-03-27,0.0024912341943867933
2013-03-28,0.006730187549757405
2013-04-01,-0.001645620246684576
2013-04-02,0.0012362495823559083
2013-04-03,-0.02819225665536873
2013-04-04,-0.012599204345806636
2013-04-05,-0.006004773484459602
2013-04-08,0.007119780839667911
2013-04-09,0.008997390021412421
2013-04-10,0.004670939019753906
2013-04-11,-0.011939954149466692
2013-04-12,-0.02374078889944753
2013-04-15,-0.028261603737325225
2013-04-16,0.00011275094503093719
2013-04-17,-0.022993698010131514
2013-04-18,0.012113556161295058
2013-04-19,0.0031915965870614738
2013-04-22,0.008521758684189917
2013-04-23,0.004731840455576952
2013-04-24,0.025229872082310534
2013-04-25,0.02417148722625062
2013-04-26,-0.006834679558094803
2013-04-29,0.016129032258064502
2013-04-30,-0.011005300693410991
2013-05-01,-0.026000431510591615
2013-05-02,0.03251674309750552
2013-05-03,0.017235905770847104
2013-05-06,0.00575256822766157
2013-05-07,-0.005615649906012932
2013-05-08,0.010458062866304907
2013-05-09,-0.002380494208190753
2013-05-10,-0.003631066255185389
2013-05-13,-0.00905875404298706
2013-05-14,-0.010087202930995964
2013-05-15,0.0009553547198788426
2013-05-16,0.009119836506044976
2013-05-17,0.009037336568530119
2013-05-20,0.007186028593306304
2013-05-21,-0.0056870585003612195
2013-05-22,-0.019550798785517243
2013-05-23,-0.0003181881595809566
2013-05-24,-0.0010609917678631176
2013-05-28,0.00913436639844556
2013-05-29,-0.01978744174867897
2013-05-30,0.00515412188435338
2013-05-31,-0.017519489145982114
2013-06-03,0.016092157311028865
2013-06-04,-0.001498120858430596
2013-06-05,0.004608298322007043
2013-06-06,0.010881206482886041
2013-06-07,0.013402243715028517
2013-06-10,-0.0027075095234357915
2013-06-11,-0.004072250217382556
2013-06-12,0.005242189289139221
2013-06-13,0.008448114426280018
2013-06-14,0.011997062813374315
2013-06-17,-0.0008175966510193255
2013-06-18,0.006852877378996425
2013-06-19,-0.002031740884563371
2013-06-20,-0.028908758139722934
2013-06-21,-0.01792451841846987
2013-06-24,0.015903488365275553
2013-06-25,0.0014708908300016255
2013-06-26,0.0018883792042809766
2013-06-27,0.01623039844772567
2013-06-28,-0.005049000285993865
2013-07-01,0.014809448439639938
2013-07-02,0.016430254571388803
2013-07-03,0.016465857578045417
2013-07-05,0.019557520730076883
2013-07-08,-0.0007750613263763917
2013-07-09,0.0037812622838504506
2013-07-10,0.028880497430928687
2013-07-11,-0.015114467064356818
2013-07-12,0.009913194641403278
2013-07-15,0.0034922393321330514
2013-07-16,-0.003009778929107698
2013-07-17,0.004528333555977371
2013-07-18,0.014650615227391084
2013-07-19,9.257808354035113e-05
2013-07-22,-0.01055066503887414
2013-07-23,0.002993168869730667
2013-07-24,-0.017159413500719478
2013-07-25,0.0009488421548553561
2013-07-26,-0.007488870333920428
2013-07-29,-0.0014326065029262036
2013-07-30,-0.014060269515012824
2013-07-31,0.018917315809114932
2013-08-01,0.027230321275746983
2013-08-02,-0.008805236385360016
2013-08-05,-0.0035534400050222237
2013-08-06,-0.011824273045268563
2013-08-07,-0.008831911474101561
2013-08-08,-0.009293869839769653
2013-08-09,0.024854928983545577
2013-08-12,0.0013211228464258262
2013-08-13,0.006785422830662746
2013-08-14,0.00018718190324507056
2013-08-15,0.004492310377054665
2013-08-16,0.001211192128950156
2013-08-19,-0.0033500894604379106
2013-08-20,-0.01988792982039722
2013-08-21,-0.010669741198032212
2013-08-22,0.01136254523364122
2013-08-23,0.013234308348125445
2013-08-26,-0.004698365049830566
2013-08-27,0.029172998684880103
2013-08-28,0.009999048862767923
2013-08-29,-0.011807406361307615
2013-08-30,-0.010569866669321915
2013-09-03,0.008267527886978154
2013-09-04,-0.0120692606186108
2013-09-05,0.010631347141282443
2013-09-06,0.019931678305535216
2013-09-09,-0.009137810073147734
2013-09-10,-0.019448478074372
2013-09-11,0.0015829981368051804
2013-09-12,0.00966903067249314
2013-09-13,-0.0035911546512716885
2013-09-16,-0.014970915444860067
2013-09-17,-0.010976622658250168
2013-09-18,0.025137559968764434
2013-09-19,-0.015545482649392817
2013-09-20,-0.016072930672833885
2013-09-23,-0.010412724150816288
2013-09-24,-0.004440574386857188
2013-09-25,-0.004557292774416299
2013-09-26,0.0036040824468046573
2013-09-27,-0.0015529072562405766
2013-09-30,-0.005249352591713774
2013-10-01,-0.0028339774292793773
2013-10-02,0.02018813739818648
2013-10-03,-0.007588865774322939
2013-10-04,0.005130178993531187
2013-10-07,-0.007800439013480487
2013-10-08,0.004464710180750453
2013-10-09,-0.018165980212819344
2013-10-10,0.013778186374071355
2013-10-11,-0.009610770533280855
2013-10-14,0.0038228487735347816
2013-10-15,-0.011717649982671663
2013-10-16,0.010670900512046222
2013-10-17,-0.015837351960919843
2013-10-18,0.001390676390134571
2013-10-21,-0.015772208872106064
2013-10-22,-0.014311612089045522
2013-10-23,-0.009611476606077085
2013-10-24,0.002581044790673781
2013-10-25,0.007620202441751989
2013-10-28,0.008482389821132141
2013-10-29,-0.0048642415428570285
2013-10-30,-0.014562121686515939
2013-10-31,-0.004030168473467599
2013-11-01,-0.018364771669503455
2013-11-04,0.00010571965083983059
2013-11-05,-0.013210737304117814
2013-11-06,0.015315414620442391
2013-11-07,-0.006329178103380517
2013-11-08,0.004246300836916905
2013-11-11,0.005708255013080921
2013-11-12,-0.02207271902031971
2013-11-13,0.009028335443088231
2013-11-14,-0.0012781755506826586
2013-11-15,0.0008531804590181657
2013-11-18,-0.008631687875148453
2013-11-19,0.0033322322117748104
2013-11-20,-0.00010707635770379476
2013-11-21,0.022607956380104488
2013-11-22,-0.006286736045338803
2013-11-25,-0.007908055978070094
2013-11-26,-0.004357488029253287
2013-11-27,-0.014730969779274683
2013-11-29,0.00455035920973712
2013-12-02,0.011863658969360369
2013-12-03,0.023662345213433245
2013-12-04,0.012078259284224124
2013-12-05,0.0018518550496622321
2013-12-06,0.002772687205549129
2013-12-09,-0.003174656253396191
2013-12-10,0.012019784696503333
2013-12-11,-0.010861838103957577
2013-12-12,0.0006157384758875839
2013-12-13,-0.009230784880809306
2013-12-16,0.009109781539471173
2013-12-17,-0.002667235610142926
2013-12-18,0.005965869407242419
2013-12-19,0.009918134570970016
2013-12-20,0.005568523544102311
2013-12-23,-0.0041280309502076395
2013-12-24,0.0031341375706823715
2013-12-26,0.0033259607639051225
2013-12-27,0.007734772671640133
2013-12-30,-0.010267132998705741
2013-12-31,-0.00876223928451958
2014-01-02,-0.03027835585227001
2014-01-03,-0.015507159671776072
2014-01-06,-0.0056406852326637
2014-01-07,0.002568745188757715
2014-01-08,-0.014305501911869412
2014-01-09,-0.007256559684372776
2014-01-10,0.011564450319042852
2014-01-13,-0.009922326971884332
2014-01-14,0.008605591066129126
2014-01-15,0.017064498256256222
2014-01-16,-0.002229999878474276
2014-01-17,0.004363597978973788
2014-01-21,0.0065698325648286815
2014-01-22,0.018317775895305477
2014-01-23,0.0060994140123571405
2014-01-24,-0.006987261686273394
2014-01-27,-0.009519848662621788
2014-01-28,0.017655687629062777
2014-01-29,-0.0005133256326655955
2014-01-30,0.008935936124979227
2014-01-31,-0.007533395784128705
2014-02-03,-0.010872885237672825
2014-02-04,0.007881386848752836
2014-02-05,0.001954880206184395
2014-02-06,0.004723753311222545
2014-02-07,0.0208503780854834
2014-02-10,0.00180216570009617
2014-02-11,-0.001199231662156075
2014-02-12,0.004302584497412942
2014-02-13,-0.00019930528956402238
2014-02-14,-0.0004982104945042698
2014-02-18,0.02123626309681015
2014-02-19,0.008591206197365642
2014-02-20,-0.003775040159373133
2014-02-21,-0.006995736819983445
2014-02-24,0.006066563259253366
2014-02-25,-0.009628456202177782
2014-02-26,0.007463365345871775
2014-02-27,-0.0018519818578212055
2014-02-28,0.001855418058404057
2014-03-03,0.022711783938275998
2014-03-04,-0.01515436871558451
2014-03-05,-0.018194182226826006
2014-03-06,0.0010842840183393765
2014-03-07,0.010043366453139413
2014-03-10,-0.014232784737878923
2014-03-11,-0.01077931109255248
2014-03-12,-0.020393891236851425
2014-03-13,0.0021430665277146765
2014-03-14,0.007026501658344397
2014-03-17,-0.008190894565609175
2014-03-18,0.016517078782053884
2014-03-19,0.006720218845018389
2014-03-20,-0.009365372279401263
2014-03-21,0.0003017075249400758
2014-03-24,0.0014075949219498618
2014-03-25,-0.0041164260943376
2014-03-26,0.010787374417661866
2014-03-27,0.010173515074141326
2014-03-28,0.0038507049205076527
2014-03-31,-0.000885180874510394
2014-04-01,-0.018113840658768643
2014-04-02,-0.0012030792035043758
2014-04-03,0.006725538551225263
2014-04-04,0.00847540598625618
2014-04-07,-0.006921069334254404
2014-04-08,0.02110707950673607
2014-04-09,0.010140414784362228
2014-04-10,-0.0019304725018132185
2014-04-11,0.0032881656950993765
2014-04-14,0.002988289901406871
2014-04-15,-0.0028832584618817547
2014-04-16,9.640613234207507e-05
2014-04-17,0.005204326372491019
2014-04-21,0.0006711379940180784
2014-04-22,-0.021462158035992274
2014-04-23,-0.006756044556621488
2014-04-24,0.004929021963389735
2014-04-25,-0.013145025850429648
2014-04-28,0.00238566468598167
2014-04-29,0.004363372246979358
2014-04-30,-0.015205380470859176
2014-05-01,-0.0032083386973926764
2014-05-02,0.003419875010532536
2014-05-05,-0.0028067238702995656
2014-05-06,0.00020101168467645536
2014-05-07,0.012763785357451374
2014-05-08,-0.005060975725169059
2014-05-09,-0.0026930407611012175
2014-05-12,0.006000584927890129
2014-05-13,0.0110349005941206
2014-05-14,0.0065880611449853355
2014-05-15,-0.008498610171338461
2014-05-16,0.005123119636122331
2014-05-19,0.0057832188462951795
2014-05-20,-0.0016567407458739636
2014-05-21,0.01591172603056412
2014-05-22,-0.0031709602385163738
2014-05-23,0.005880090832010909
2014-05-27,-0.0022999316461805863
2014-05-28,-0.013351257146282602
2014-05-29,0.008372279985703557
2014-05-30,-0.008399331253160724
2014-06-02,-0.002336655300445911
2014-06-03,0.0018542250331101684
2014-06-04,-0.0001948594559452177
2014-06-05,-0.001558807810466356
2014-06-06,0.0017564432014005593
2014-06-09,0.017046560856941673
2014-06-10,-0.0005747072683042198
2014-06-11,0.00047918593664575404
2014-06-12,0.020402272244124164
2014-06-13,0.0035671161848014332
2014-06-16,-9.355659795950988e-05
2014-06-17,-0.005051458445457735
2014-06-18,-0.0036667862674916174
2014-06-19,0.00434084249479838
2014-06-20,0.007798570221504875
2014-06-23,-0.010162259421743647
2014-06-24,-0.0013186341910421673
2014-06-25,0.004432719288070874
2014-06-26,-0.006197217484595119
2014-06-27,-0.0009448079892393491
2014-06-30,-0.0034991027488402437
2014-07-01,-0.00028477183172892495
2014-07-02,-0.008163973902168165
2014-07-03,-0.004019963484351852
2014-07-07,-0.005093203841355698
2014-07-08,-0.0012556481691369248
2014-07-09,-0.010735015415582527
2014-07-10,0.006256715064231644
2014-07-11,-0.020402200212715882
2014-07-14,0.0007934328037477734
2014-07-15,-0.009414374622537358
2014-07-16,0.012404940727557046
2014-07-17,0.019664086493814903
2014-07-18,-0.0005815019533733645
2014-07-21,0.014156880862558952
2014-07-22,-0.0016253769471039625
2014-07-23,-0.01244967865504043
2014-07-24,-0.010182341192699673
2014-07-25,0.00019591107207017622
2014-07-28,-0.004113999255668688
2014-07-29,-0.006884990270964786
2014-07-30,-0.0069327975554503984
2014-07-31,-0.020943438161232786
2014-08-01,-0.0029540686659512705
2014-08-04,0.004188840147265838
2014-08-05,-0.009258354396511459
2014-08-06,-0.004723753311222101
2014-08-07,0.0043334520932736265
2014-08-08,0.0031847667932118906
2014-08-11,0.004403484879227593
2014-08-12,-0.007238979111109933
2014-08-13,0.002259356938513646
2014-08-14,-0.020596317063858116
2014-08-15,0.018518483042038847
2014-08-18,-0.009655827701544384
2014-08-19,-0.020018672667412196
2014-08-20,0.016828919151111954
2014-08-21,-0.021963158291393614
2014-08-22,-0.003299250336465609
2014-08-25,-0.003203449512757417
2014-08-26,0.00546333309659186
2014-08-27,0.000213047548863754
2014-08-28,0.007136832317232056
2014-08-29,0.014912702138602851
2014-09-02,-0.03209672634889671
2014-09-03,0.028639144495791857
2014-09-04,-0.011408875411764718
2014-09-05,-0.012281588885074579
2014-09-08,-0.0067531058766783225
2014-09-09,0.0009712533383745559
2014-09-10,-0.011644224593581387
2014-09-11,0.012654125507578717
2014-09-12,-0.006032588354435764
2014-09-15,0.007044559981868925
2014-09-16,0.02109340425199968
2014-09-17,-0.0048482198333543725
2014-09-18,-0.014297802375568325
2014-09-19,-0.007091393949489211
2014-09-22,-0.009631067890628175
2014-09-23,0.0004370729566716136
2014-09-24,0.013543092248014643
2014-09-25,-0.0029095287023894745
2014-09-26,0.010915402026963505
2014-09-29,0.011011318892620414
2014-09-30,-0.03605790466023939
2014-10-01,-0.004716984290277226
2014-10-02,0.0030860660083453784
2014-10-03,-0.013954557110765875
2014-10-06,0.006685964880809525
2014-10-07,-0.016493224752817448
2014-10-08,-0.0173325936069193
2014-10-09,-0.017638311288393438
2014-10-10,0.0005829900164961987
2014-10-13,-0.0009322049794823206
2014-10-14,-0.04548637302365621
2014-10-15,-0.0007331080312619198
2014-10-16,0.011249672079699513
2014-10-17,0.0006046318452599397
2014-10-20,-0.00048339474957515005
2014-10-21,0.0012090252113166056
2014-10-22,-0.02765367688734699
2014-10-23,0.019498258324373685
2014-10-24,-0.013156221827746117
2014-10-27,-0.00012346791713013783
2014-10-28,0.0051851625795718
2014-10-29,0.009579941007593629
2014-10-30,-0.013138616079757082
2014-10-31,-0.007149923710759842
2014-11-03,-0.021852521929772606
2014-11-04,-0.020182741336986054
2014-11-05,0.019302990240226636
2014-11-06,-0.009786434164715585
2014-11-07,0.009498111012532506
2014-11-10,-0.01589319740303763
2014-11-11,0.006976755877023955
2014-11-12,-0.009751117685707356
2014-11-13,-0.03848148754806302
2014-11-14,0.021695197819890932
2014-11-17,-0.002374047822477965
2014-11-18,-0.013617117763195408
2014-11-19,-0.00040207450812845824
2014-11-20,0.013408420158868894
2014-11-21,0.012304846290618343
2014-11-24,-0.0095412800490291
2014-11-25,-0.022301431362228508
2014-11-26,-0.005398757136661048
2014-11-28,-0.10232054099228305
2014-12-01,0.043083876165991075
2014-12-02,-0.03072467748669605
2014-12-03,0.007476076862046321
2014-12-04,-0.00845947934192448
2014-12-05,-0.014518803414899306
2014-12-08,-0.04237541397347322
2014-12-09,0.012212537146409241
2014-12-10,-0.04512693641314458
2014-12-11,-0.0162454526760627
2014-12-12,-0.035696403042772995
2014-12-15,-0.032866311723644626
2014-12-16,0.0003577259491729379
2014-12-17,0.009654942116590126
2014-12-18,-0.04179211190607046
2014-12-19,0.04453889891383711
2014-12-22,-0.02229303124602844
2014-12-23,0.033659078299804746
2014-12-24,-0.022408942633617035
2014-12-26,-0.019878234371747627
2014-12-29,-0.020464077128676705
2014-12-30,0.009513119114472168
2014-12-31,-0.015705810992178715
2015-01-02,-0.010887963695711989
2015-01-05,-0.050294131338965875
2015-01-06,-0.042166278412213876
2015-01-07,0.015021932320442133
2015-01-08,0.0028776852057026403
2015-01-09,-0.008813287499630618
2015-01-12,-0.04735320278381394
2015-01-13,-0.003907104544565554
2015-01-14,0.05643931547255865
2015-01-15,-0.04599834082699461
2015-01-16,0.05275672706397794
2015-01-20,-0.047237611458852524
2015-01-21,0.029963341408420385
2015-01-22,-0.030765957378860787
2015-01-23,-0.015547423868537802
2015-01-26,-0.00965120915192641
2015-01-27,0.02392022103783087
2015-01-28,-0.03850311046770927
2015-01-29,0.00179973037085146
2015-01-30,0.08331468674763998
2015-02-02,0.02757043884911603
2015-02-03,0.07020374346703262
2015-02-04,-0.08671062281387465
2015-02-05,0.041898838954191886
2015-02-06,0.0239698711459031
2015-02-09,0.022634978036893072
2015-02-10,-0.053726827843277314
2015-02-11,-0.023590569659673655
2015-02-12,0.048525776504511065
2015-02-13,0.03065806918360714
2015-02-17,0.014209928331680555
2015-02-18,-0.02596673680825934
2015-02-19,-0.018795541881630573
2015-02-20,-0.016028141072516044
2015-02-23,-0.01767976533473814
2015-02-24,-0.003437856036798692
2015-02-25,0.034699735014772415
2015-02-26,-0.05530502876434262
2015-02-27,0.033008100747924596
2015-03-02,-0.0034163620313416576
2015-03-03,0.01875378710050768
2015-03-04,0.01999204893866935
2015-03-05,-0.014942761032492813
2015-03-06,-0.022655590015923877
2015-03-09,0.007861305882892022
2015-03-10,-0.03419998168945315
2015-03-11,-0.0024850433693706098
2015-03-12,-0.0232509648008834
2015-03-13,-0.046971288423143576
2015-03-16,-0.021409435352494066
2015-03-17,-0.009571603769804038
2015-03-18,0.02761161500733178
2015-03-19,-0.015673998328059047
2015-03-20,0.0400364461529783
2015-03-23,0.0378390090998717
2015-03-24,0.001264437463204704
2015-03-25,0.03578195796670758
2015-03-26,0.045112807600185656
2015-03-27,-0.04977642150691153
2015-03-30,-0.0038878377503916983
2015-03-31,-0.022185740022270806
2015-04-01,0.0523109613085504
2015-04-02,-0.01896587662298843
2015-04-06,0.0610500618083436
2015-04-07,0.035289608249462256
2015-04-08,-0.06595037798222869
2015-04-09,0.0073384125350866025
2015-04-10,0.016735547525088545
2015-04-13,0.0052285139611716325
2015-04-14,0.02658449378100003
2015-04-15,0.05817223533238547
2015-04-16,0.005674759678805152
2015-04-17,-0.017104521630497582
2015-04-20,0.011481868862154743
2015-04-21,-0.019865248764875054
2015-04-22,0.01628667305855136
2015-04-23,0.02813393581459378
2015-04-24,-0.010218221950761053
2015-04-27,-0.0027996472990409194
2015-04-28,0.0012282802730758657
2015-04-29,0.0266386333890829
2015-04-30,0.017924192629572788
2015-05-01,-0.008049631622310871
2015-05-04,-0.0037193781069789766
2015-05-05,0.02494487040710247
2015-05-06,0.00877481400509228
2015-05-07,-0.03266045738551815
2015-05-08,0.007634896054027784
2015-05-11,-0.0023572889558378662
2015-05-12,0.025316455696202445
2015-05-13,-0.004115226337448541
2015-05-14,-0.010247916229500276
2015-05-15,-0.003173053407098725
2015-05-18,-0.004355810479393374
2015-05-19,-0.03651357853776738
2015-05-20,0.030038443435586037
2015-05-21,0.02950155462820514
2015-05-22,-0.01646903787707832
2015-05-26,-0.028298767696949945
2015-05-27,-0.008960890379153263
2015-05-28,0.0029560422292504995
2015-05-29,0.04542300482008943
2015-06-01,-0.001658349508894097
2015-06-02,0.017607932643853186
2015-06-03,-0.026444645384773535
2015-06-04,-0.02749831332045738
2015-06-05,0.019482777036469612
2015-06-08,-0.016742798251032642
2015-06-09,0.034399725163328565
2015-06-10,0.021449965557355677
2015-06-11,-0.010743933650224968
2015-06-12,-0.013328967700995564
2015-06-15,-0.00733820269224994
2015-06-16,0.00756049663102365
2015-06-17,-0.0008338010795395645
2015-06-18,0.008845170397031588
2015-06-19,-0.013895783986538457
2015-06-22,0.0011742944825949841
2015-06-23,0.02228548943626718
2015-06-24,-0.012129124473493902
2015-06-25,-0.00945743637788199
2015-06-26,-0.001172524186426327
2015-06-29,-0.02180109364035665
2015-06-30,0.019543962864090103
2015-07-01,-0.042206189418349416
2015-07-02,-0.0005266639708401133
2015-07-06,-0.07728792380629712
2015-07-07,-0.0038072901749431898
2015-07-08,-0.012994463622820751
2015-07-09,0.02187797134627001
2015-07-10,-0.0007578079150273309
2015-07-13,-0.010238924883231859
2015-07-14,0.016091956710932998
2015-07-15,-0.03073154298604197
2015-07-16,-0.009725734321805679
2015-07-17,-0.0003928591204795939
2015-07-20,-0.014541125420411305
2015-07-21,0.0041874193037518825
2015-07-22,-0.023232763492105457
2015-07-23,-0.015043665062591027
2015-07-24,-0.006398377056954452
2015-07-27,-0.015579559815309674
2015-07-28,0.01244988732193919
2015-07-29,0.016882062964131084
2015-07-30,-0.005533930163910794
2015-07-31,-0.028854111967653417
2015-08-03,-0.04138371831795484
2015-08-04,0.012619073115512469
2015-08-05,-0.012898997178341753
2015-08-06,-0.01085274998686192
2015-08-07,-0.017689227904758353
2015-08-10,0.024846140394949368
2015-08-11,-0.04181488638124198
2015-08-12,0.005106717656805371
2015-08-13,-0.02471130978469871
2015-08-14,0.006393569990301051
2015-08-17,-0.01482355454388784
2015-08-18,0.01791258703445675
2015-08-19,-0.04270295026832216
2015-08-20,0.008333337229061932
2015-08-21,-0.016771964923329552
2015-08-24,-0.05463532862272458
2015-08-25,0.027981162339402843
2015-08-26,-0.018061635064005266
2015-08-27,0.10259075273862672
2015-08-28,0.06249999439805998
2015-08-31,0.08801414053067647
2015-09-01,-0.0770325377389468
2015-09-02,0.018498131587986855
2015-09-03,0.0108108108108107
2015-09-04,-0.01497327835164608
2015-09-08,-0.0023887212198484553
2015-09-09,-0.03896380396906207
2015-09-10,0.0400905228061863
2015-09-11,-0.02809227247971613
2015-09-14,-0.014116089021681044
2015-09-15,0.013409094376997555
2015-09-16,0.05741200638104149
2015-09-17,-0.005302226763720941
2015-09-18,-0.047334779285202244
2015-09-21,0.0447627570801139
2015-09-22,-0.018209050311999375
2015-09-23,-0.029456736523706395
2015-09-24,0.009667273147506927
2015-09-25,0.017590757475205443
2015-09-28,-0.027789943907256642
2015-09-29,0.018005834606473092
2015-09-30,-0.003095277273166941
2015-10-01,-0.007762219404228721
2015-10-02,0.017881073022971927
2015-10-05,0.015810219401211523
2015-10-06,0.04907048292535365
2015-10-07,-0.014836130725662033
2015-10-08,0.03388410134599518
2015-10-09,0.004046141244278045
2015-10-12,-0.05097728268274304
2015-10-13,-0.009341797048055822
2015-10-14,-0.0004286424738336736
2015-10-15,-0.005574578150421394
2015-10-16,0.018973635902370445
2015-10-19,-0.02898855227552022
2015-10-20,-0.007409024996949287
2015-10-21,-0.007683830515551993
2015-10-22,0.00398230756941409
2015-10-23,-0.017188245386406398
2015-10-26,-0.013901321818307055
2015-10-27,-0.01773530667156553
2015-10-28,0.06342587535600508
2015-10-29,0.00261216260708097
2015-10-30,0.011506703506183769
2015-11-02,-0.009658741392265413
2015-11-03,0.03814482356983584
2015-11-04,-0.03298542339713828
2015-11-05,-0.024179597134365127
2015-11-06,-0.020132739647169218
2015-11-09,-0.009482997854157516
2015-11-10,0.007750174626532269
2015-11-11,-0.0289526986157852
2015-11-12,-0.027486613016248107
2015-11-13,-0.024191576563669548
2015-11-16,0.02454589982328237
2015-11-17,-0.025634965656301967
2015-11-18,0.001967096991801087
2015-11-19,-0.005153351766200132
2015-11-20,-0.0037000868892791416
2015-11-23,0.03367171653634937
2015-11-24,0.02682632172179078
2015-11-25,0.003965523393473669
2015-11-27,-0.030901528874616502
2015-11-30,-0.0014384454545837144
2015-12-01,0.004801847320891728
2015-12-02,-0.04563918559263991
2015-12-03,0.02854289543173283
2015-12-04,-0.027020461559776554
2015-12-07,-0.05804352324168893
2015-12-08,-0.00371854445343045
2015-12-09,-0.009330804846242047
2015-12-10,-0.01076430375461268
2015-12-11,-0.03101195434442261
2015-12-14,0.019371208930290207
2015-12-15,0.028642166386561252
2015-12-16,-0.04899593282782533
2015-12-17,-0.016047288498827528
2015-12-18,-0.006294741513608537
2015-12-21,0.0002879970159028744
2015-12-22,0.040299298892936264
2015-12-23,0.037631450838959024
2015-12-24,0.015999959309895617
2015-12-28,-0.03385819297883397
2015-12-29,0.028796455285189815
2015-12-30,-0.033535793334665165
2015-12-31,0.012021925129788391
2016-01-04,-0.007559465093770035
2016-01-05,-0.021490672929854737
2016-01-06,-0.05560188857733117
2016-01-07,-0.02060643914586724
2016-01-08,-0.003306300235589421
2016-01-11,-0.052774427263351575
2016-01-12,-0.03088186303937246
2016-01-13,0.0013140278408982908
2016-01-14,0.02362208764817786
2016-01-15,-0.05705130266406466
2016-01-19,-0.032630896986123314
2016-01-20,-0.06711173256692671
2016-01-21,0.1122411124375946
2016-01-22,0.0900778150427346
2016-01-25,-0.05747121941739064
2016-01-26,0.03658538578671977
2016-01-27,0.027026977853772616
2016-01-28,0.028483034222086978
2016-01-29,0.012040869851996261
2016-02-01,-0.05948834491944599
2016-02-02,-0.0550285146200199
2016-02-03,0.08032127462980498
2016-02-04,-0.01734818733331389
2016-02-05,-0.026166454655521032
2016-02-08,-0.038847487190076024
2016-02-09,-0.05894240378987403
2016-02-10,-0.017537572002580215
2016-02-11,-0.045173101785153214
2016-02-12,0.12323546594469281
2016-02-16,-0.013586943317733136
2016-02-17,0.05578508542741023
2016-02-18,0.0035877563894002318
2016-02-19,-0.036724116064487
2016-02-22,0.06207827903095353
2016-02-23,0.012388859678152508
2016-02-24,0.008785713187080102
2016-02-25,0.02861580482989301
2016-02-26,-0.008769305056048449
2016-02-29,0.029591252496194542
2016-03-01,0.01925930447048607
2016-03-02,0.007558090406990514
2016-03-03,-0.0025966576163909405
2016-03-04,0.03905115666874637
2016-03-07,0.05512259069783054
2016-03-08,-0.03693935275762339
2016-03-09,0.04904112097335189
2016-03-10,-0.01175243541864135
2016-03-11,0.017441856362333308
2016-03-14,-0.03428570635907058
2016-03-15,-0.022592795742149452
2016-03-16,0.05833789001054246
2016-03-17,0.04524185439123629
2016-03-18,-0.018905525418077218
2016-03-21,0.011916867065630221
2016-03-22,0.038586843433105145
2016-03-23,-0.04004824648631411
2016-03-24,-0.008293586917860862
2016-03-28,-0.0017739406094351429
2016-03-29,-0.02817975698276498
2016-03-30,0.0010449560293344096
2016-03-31,0.00052193261803124
2016-04-01,-0.04042773163515301
2016-04-04,-0.02962761961030158
2016-04-05,0.005322090270267532
2016-04-06,0.05182503878470479
2016-04-07,-0.012980176913027774
2016-04-08,0.06602262506673928
2016-04-11,0.016112773665144076
2016-04-12,0.04484632138805078
2016-04-13,-0.00972254838071207
2016-04-14,-0.006226013696919552
2016-04-15,-0.02746986481080571
2016-04-18,-0.014370709174516771
2016-04-19,0.03267981628079841
2016-04-20,0.03773123583185467
2016-04-21,0.012901694189069834
2016-04-22,0.012737360657096186
2016-04-25,-0.02492568406123863
2016-04-26,0.032833056893025736
2016-04-27,0.02929157331312693
2016-04-28,0.015442243987791704
2016-04-29,-0.0023897591411852215
2016-05-02,-0.024825771670421992
2016-05-03,-0.02523441903130219
2016-05-04,0.0029781729409770197
2016-05-05,0.012334420524988676
2016-05-06,0.007671483640095733
2016-05-09,-0.02731753750271959
2016-05-10,0.028084743537561296
2016-05-11,0.03515449395853931
2016-05-12,0.010166585017456597
2016-05-13,-0.010492541123375276
2016-05-16,0.03267695663594705
2016-05-17,0.012363791649106615
2016-05-18,-0.0024840145553873816
2016-05-19,-0.0006225104825017258
2016-05-20,-0.008513285895164757
2016-05-23,0.006911033111092868
2016-05-24,0.011231220471403791
2016-05-25,0.019333658207668192
2016-05-26,-0.0016142419055259483
2016-05-27,-0.0030314816606576978
2016-05-31,-0.0046625450718877914
2016-06-01,-0.0018329970546805407
2016-06-02,0.0032646368678166393
2016-06-03,-0.011185667226807361
2016-06-06,0.022007398567063907
2016-06-07,0.013483638602526549
2016-06-08,0.01727559414893931
2016-06-09,-0.013078238823581056
2016-06-10,-0.02946996910593258
2016-06-13,-0.0038719916016022315
2016-06-14,-0.007978710743172135
2016-06-15,-0.009899017123498055
2016-06-16,-0.03749217454675935
2016-06-17,0.038303408198041344
2016-06-20,0.02897039189058015
2016-06-21,-0.010532721673361167
2016-06-22,0.005731885419453686
2016-06-23,0.0199470694266346
2016-06-24,-0.04929158233122988
2016-06-27,-0.02749785002890648
2016-06-28,0.03280804193811959
2016-06-29,0.04242429798805625
2016-06-30,-0.03107456302865541
2016-07-01,0.013656110540182675
2016-07-05,-0.04878553015841636
2016-07-06,0.017811198674515527
2016-07-07,-0.048281697254753064
2016-07-08,0.005981401449145496
2016-07-11,-0.014314061397556865
2016-07-12,0.04557642966992548
2016-07-13,-0.04380340321538234
2016-07-14,0.020782129724598475
2016-07-15,0.0059106929938674835
2016-07-18,-0.015451557620980494
2016-07-19,-0.013041559033997951
2016-07-20,0.006494895653295529
2016-07-21,-0.004227828938918932
2016-07-22,-0.012513997168514424
2016-07-25,-0.023987272947165628
2016-07-26,-0.004869067794324056
2016-07-27,-0.023299162224185488
2016-07-28,-0.01860684192192319
2016-07-29,0.01118130994888622
2016-08-01,-0.03701916243550074
2016-08-02,-0.013729481600180726
2016-08-03,0.03340935372305687
2016-08-04,0.026940936193748932
2016-08-05,-0.0031004308888399335
2016-08-08,0.029186632606955865
2016-08-09,-0.005811250519289213
2016-08-10,-0.02478375875487282
2016-08-11,0.04267568048585213
2016-08-12,0.022993790788817803
2016-08-15,0.028096200333590948
2016-08-16,0.018364672535273296
2016-08-17,0.004508352859974529
2016-08-18,0.03056209184003733
2016-08-19,0.006221468881500991
2016-08-22,-0.03029680970392301
2016-08-23,0.02231666852469294
2016-08-24,-0.027650687287921305
2016-08-25,0.01197351652362566
2016-08-26,0.0065497051891163505
2016-08-29,-0.013853901256672074
2016-08-30,-0.013409984552018805
2016-08-31,-0.03559865729235978
2016-09-01,-0.034451921459566326
2016-09-02,0.029657061719698286
2016-09-06,0.008775949963943264
2016-09-07,0.014945307641749617
2016-09-08,0.04659338311834649
2016-09-09,-0.03653922517424679
2016-09-12,0.00893635217670119
2016-09-13,-0.030028070040114874
2016-09-14,-0.02939865590123447
2016-09-15,0.00757223502735771
2016-09-16,-0.02004101733484953
2016-09-19,0.006274702891545747
2016-09-20,0.003233242312129292
2016-09-21,0.04373852637994102
2016-09-22,0.021614458291535632
2016-09-23,-0.03972366504124769
2016-09-26,0.03259893835121552
2016-09-27,-0.02743309662221971
2016-09-28,0.05327963209476505
2016-09-29,0.01657816379686028
2016-09-30,0.008572022406779567
2016-10-03,0.011815913660688127
2016-10-04,-0.0024585688015920093
2016-10-05,0.02341349838774409
2016-10-06,0.01224155675776295
2016-10-07,-0.01249003311995267
2016-10-11,0.019674754370953007
2016-10-12,-0.01201025003653966
2016-10-13,0.005181313669828214
2016-10-14,-0.0017843012497671396
2016-10-17,-0.008142996223184373
2016-10-18,0.007008456116199824
2016-10-19,0.026048867264770292
2016-10-20,-0.022674383789605956
2016-10-21,0.00832833960744983
2016-10-24,-0.00648963670127467
2016-10-25,-0.011084746005875279
2016-10-26,-0.015612465844485834
2016-10-27,0.010980091748200138
2016-10-28,-0.02051489204990098
2016-10-31,-0.03778234340374231
2016-11-01,-0.004054682862387304
2016-11-02,-0.028497923045611273
2016-11-03,-0.01499780112234883
2016-11-04,-0.013210930465824444
2016-11-07,0.018606755173645295
2016-11-08,0.002004904295201282
2016-11-09,0.0064473303352312605
2016-11-10,-0.013474720657904227
2016-11-14,-0.030004481799512095
2016-11-15,0.057479263527425495
2016-11-16,-0.005239067261995967
2016-11-17,-0.0032916727426693937
2016-11-18,0.0059445281516605775
2016-11-21,0.03939599706412755
2016-11-22,0.011370753458510352
2016-11-23,-0.001457416127489064
2016-11-25,-0.03961629998856231
2016-11-28,0.022145037502216525
2016-11-29,-0.03929486441944163
2016-11-30,0.09307979498300245
2016-12-01,0.03276704675527364
2016-12-02,0.012142556114561387
2016-12-05,0.002128494769775502
2016-12-06,-0.016605533793179084
2016-12-07,-0.02277635657689603
2016-12-08,0.021498888587156983
2016-12-09,0.012981900972290017
2016-12-12,0.025825278272906482
2016-12-13,0.0028392524320048906
2016-12-14,-0.03661756593943333
2016-12-15,-0.0027429347009640948
2016-12-16,0.019646364833438623
2016-12-19,0.004238870896683178
2016-12-20,0.002110525951762199
2016-12-21,0.004978022946759086
2016-12-22,0.008763556291928376
2016-12-23,0.001321996106055101
2016-12-27,0.016597530375659808
2016-12-28,0.0029684571963377593
2016-12-29,-0.005364426714029369
2016-12-30,-0.0009298723569812761
2017-01-03,-0.025874894975109308
2017-01-04,0.017771764913767196
2017-01-05,0.00938790866987027
2017-01-06,0.00427833638606101
2017-01-09,-0.037599602350147365
2017-01-10,-0.02193994245063613
2017-01-11,0.02813853431253399
2017-01-12,0.014545422421688103
2017-01-13,-0.012073182605411681
2017-01-17,0.0021004508801811816
2017-01-18,-0.026676785887829735
2017-01-19,0.0056773118722515115
2017-01-20,0.020439931066629224
2017-01-23,0.006295342285040029
2017-01-24,0.008151664553095461
2017-01-25,-0.008085752213392361
2017-01-26,0.01952604320941953
2017-01-27,-0.011342518114492717
2017-01-30,-0.010156048888966707
2017-01-31,0.0034201083321814263
2017-02-01,0.02026130783941582
2017-02-02,-0.00631032193481329
2017-02-03,0.005416528027051948
2017-02-06,-0.015233206049203973
2017-02-07,-0.015846070160064007
2017-02-08,0.003258615863700909
2017-02-09,0.012609855664654113
2017-02-10,0.016226426610406852
2017-02-13,-0.017266993959094812
2017-02-14,0.005101085513072867
2017-02-15,-0.0016917321672406116
2017-02-16,0.0047072113938420035
2017-02-17,0.0007496423363906324
2017-02-21,0.012359547351178612
2017-02-22,-0.008694066014865776
2017-02-23,0.016047781449950893
2017-02-24,-0.008448100606561426
2017-02-27,0.0011112716563903557
2017-02-28,-0.0007400724531354541
2017-03-01,-0.0033326512881366455
2017-03-02,-0.022663963945832588
2017-03-03,0.013685634144650738
2017-03-06,-0.0024376722979884136
2017-03-07,-0.0011278453464387272
2017-03-08,-0.05382010995861397
2017-03-09,-0.019888624190097515
2017-03-10,-0.01603078572238059
2017-03-13,-0.0018560558769347146
2017-03-14,-0.014049592639210795
2017-03-15,0.023889341166945632
2017-03-16,-0.002251342795281497
2017-03-17,0.000615359575320662
2017-03-20,-0.011480065039104259
2017-03-21,-0.018249710614636205
2017-03-22,0.01478666583614685
2017-03-23,-0.007077438511829737
2017-03-24,0.005660386864678069
2017-03-27,-0.005003161816956925
2017-03-28,0.013408744935815564
2017-03-29,0.023568315377757276
2017-03-30,0.01696627309766119
2017-03-31,0.004965243447395462
2017-04-03,-0.00711456139348321
2017-04-04,0.015724464061247945
2017-04-05,0.0023516117862560915
2017-04-06,0.010752672935547825
2017-04-07,0.010444891828985003
2017-04-10,0.01607963486980779
2017-04-11,0.006028630063780405
2017-04-12,-0.005430728600013257
2017-04-13,0.0013180134441681535
2017-04-17,-0.0099661296776129
2017-04-18,-0.004558436306005276
2017-04-19,-0.03758826991869202
2017-04-20,-0.0033703047893282045
2017-04-21,-0.01293020727988714
2017-04-24,-0.007859721846906975
2017-04-25,0.0067032669941742284
2017-04-26,0.0012106044578539255
2017-04-27,-0.013099510785437918
2017-04-28,0.007351451937464226
2017-05-01,-0.009933137244651946
2017-05-02,-0.02416053033352128
2017-05-03,0.0033571096920763654
2017-05-04,-0.04809701488370122
2017-05-05,0.015377872493409939
2017-05-08,0.004543467739645868
2017-05-09,-0.011845772850430869
2017-05-10,0.03160420072324599
2017-05-11,0.010564123825407057
2017-05-12,0.00020903870270627678
2017-05-15,0.021112004981433063
2017-05-16,-0.0038894295321141303
2017-05-17,0.00842580864565945
2017-05-18,0.005706109252868075
2017-05-19,0.01985822466534648
2017-05-22,0.007947500429750232
2017-05-23,0.014587062589083821
2017-05-24,-0.00213717908961919
2017-05-25,-0.04789717786679393
2017-05-26,0.018404860595052197
2017-05-30,-0.0028112327669325143
2017-05-31,-0.026983490872034777
2017-06-01,0.0008278335219367161
2017-06-02,-0.014474788132852412
2017-06-05,-0.005455273234695968
2017-06-06,0.016666604966220522
2017-06-07,-0.051255394820386546
2017-06-08,-0.001749821279936059
2017-06-09,0.0041630684475719715
2017-06-12,0.005454941959670556
2017-06-13,0.008246467845447913
2017-06-14,-0.03723632320979764
2017-06-15,-0.006036227599526933
2017-06-16,0.006297854245614021
2017-06-19,-0.012069756264386666
2017-06-20,-0.021945728596377
2017-06-21,-0.016192476760392593
2017-06-22,0.004937759350986504
2017-06-23,0.006317188405784213
2017-06-26,0.008602714741255513
2017-06-27,0.019824817638920633
2017-06-28,0.011301988721292622
2017-06-29,0.004246728198055161
2017-06-30,0.024705110233967487
2017-07-03,0.02237182360588319
2017-07-05,-0.04121518247900702
2017-07-06,0.00864168802167331
2017-07-07,-0.028339211391798846
2017-07-10,0.0038435899932631745
2017-07-11,0.014414400172383157
2017-07-12,0.009991135741391988
2017-07-13,0.012969886366638095
2017-07-14,0.009982618624000406
2017-07-17,-0.011173193973663675
2017-07-18,0.008257302571389458
2017-07-19,0.015517184963976582
2017-07-20,-0.007003353646812593
2017-07-21,-0.02179953917088262
2017-07-24,0.012453565416723267
2017-07-25,0.033448408113006645
2017-07-26,0.01795783297791087
2017-07-27,0.0059487367287660575
2017-07-28,0.013662278883301848
2017-07-31,0.00925365304656256
2017-08-01,-0.020131519999902703
2017-08-02,0.008746954973768428
2017-08-03,-0.011292626972532527
2017-08-04,0.011217684386116034
2017-08-07,-0.0038322394995806697
2017-08-08,-0.004454367755048705
2017-08-09,0.00793173111387313
2017-08-10,-0.01957225976240351
2017-08-11,0.0047334748202110255
2017-08-14,-0.025194583161104123
2017-08-15,-0.0008405319478690387
2017-08-16,-0.0161934904336134
2017-08-17,0.006626793103470696
2017-08-18,0.03015498331586386
2017-08-21,-0.023500297445741225
2017-08-22,0.005699819798432371
2017-08-23,0.016162898145019255
2017-08-24,-0.020243741898890222
2017-08-25,0.009276799997426366
2017-08-28,-0.027156867893612047
2017-08-29,-0.0027915196256633745
2017-08-30,-0.01033590776120863
2017-08-31,0.027632734618411536
2017-09-01,0.0012704080853813693
2017-09-05,0.02897016082389081
2017-09-06,0.010275380221288488
2017-09-07,-0.0014239156843265377
2017-09-08,-0.03279691597773782
2017-09-11,0.012426288085008341
2017-09-12,0.0033284761478651337
2017-09-13,0.02218535569106095
2017-09-14,0.011967548919237458
2017-09-15,0.0
2017-09-18,0.0004008911206325738
2017-09-19,-0.008615514055107298
2017-09-20,0.01879547925989633
2017-09-21,0.0027772146413846954
2017-09-22,0.002176075410717626
2017-09-25,0.030793552664621693
2017-09-26,-0.006510918127920151
2017-09-27,0.005011532694300547
2017-09-28,-0.011123859285517623
2017-09-29,0.0021333745679703586
2017-10-02,-0.02109534307175054
2017-10-03,-0.0031633779422114428
2017-10-04,-0.008726668835541296
2017-10-05,0.016206510218282677
2017-10-06,-0.029533372178802697
2017-10-09,0.005883564823306431
2017-10-10,0.027026952166252505
2017-10-11,0.007462707811858982
2017-10-12,-0.013645239246587781
2017-10-13,0.016798464712466155
2017-10-16,0.008163229596059418
2017-10-17,0.00019283085476073936
2017-10-18,0.0030840370878566503
2017-10-19,-0.014411990522779194
2017-10-20,0.003509461921676227
2017-10-23,0.008354386923985935
2017-10-24,0.010982652756570621
2017-10-25,-0.005526985111121374
2017-10-26,0.00881562057842733
2017-10-27,0.023936211072187907
2017-10-30,0.004638218792627935
2017-10-31,0.004247452183845368
2017-11-01,-0.0014711627341543743
2017-11-02,0.004419920475855044
2017-11-03,0.020168655219217735
2017-11-06,0.030733269288834464
2017-11-07,-0.0026154789044906535
2017-11-08,-0.006818171056758526
2017-11-09,0.006336855957612242
2017-11-10,-0.007521366175451294
2017-11-13,0.00035242584552119816
2017-11-14,-0.018675080865737326
2017-11-15,-0.006642709637644129
2017-11-16,-0.003433985814538798
2017-11-17,0.025571270638730104
2017-11-20,-0.00813437826133856
2017-11-21,0.013193112434546128
2017-11-22,0.020939619714365643
2017-11-24,0.016028960665948055
2017-11-27,-0.014249366271696151
2017-11-28,-0.0020650306423054543
2017-11-29,-0.011898644963524219
2017-11-30,0.0017452406657918473
2017-12-01,0.016724722281406867
2017-12-04,-0.015250160732359075
2017-12-05,0.0026100175395089575
2017-12-06,-0.028809439052133068
2017-12-07,0.013045024199060062
2017-12-08,0.011818698180862564
2017-12-11,0.010983282102712266
2017-12-12,-0.014657738648315766
2017-12-13,-0.009450488647103072
2017-12-14,0.007773894934068437
2017-12-15,0.0045581752692858135
2017-12-18,-0.0024432703579844173
2017-12-19,0.005248412138932679
2017-12-20,0.010964167736742692
2017-12-21,0.004647967930012875
2017-12-22,0.0018848630774697117
2017-12-26,0.025654181096012696
2017-12-27,-0.005502781796521972
2017-12-28,0.0033534668844106275
2017-12-29,0.009692480195161446
2018-01-02,-0.0008275279472987895
2018-01-03,0.020871329443820752
2018-01-04,0.006165783657832158
2018-01-05,-0.009192061123250994
2018-01-08,0.004720067089996283
2018-01-09,0.01992547466964978
2018-01-10,0.009688701067691152
2018-01-11,0.0036180516492130277
2018-01-12,0.007837050480822283
2018-01-16,-0.008864750893754492
2018-01-17,0.0037659137014074417
2018-01-18,-0.0003126537030172516
2018-01-19,-0.009069614138156656
2018-01-22,0.001893683897817633
2018-01-23,0.01543549403572797
2018-01-24,0.01768263328778019
2018-01-25,-0.0015241346317761417
2018-01-26,0.00961681014920246
2018-01-29,-0.008769305056048449
2018-01-30,-0.016168358725858534
2018-01-31,0.0035659435183503785
2018-02-01,0.01653019680725243
2018-02-02,-0.005319241448063616
2018-02-05,-0.01986242143588357
2018-02-06,-0.01184726606629738
2018-02-07,-0.025240550394805217
2018-02-08,-0.010357653020969804
2018-02-09,-0.03188880971841357
2018-02-12,0.001520272828176017
2018-02-13,-0.0016866636409880176
2018-02-14,0.023821589459808834
2018-02-15,0.012211249127057622
2018-02-16,0.005542878248159688
2018-02-20,0.003566816141611806
2018-02-21,-0.0035541391806128697
2018-02-22,0.017671857120539425
2018-02-23,0.01242629876706336
2018-02-26,0.005664840514138403
2018-02-27,-0.01408232714798463
2018-02-28,-0.0217425641704323
2018-03-01,-0.010545063556421708
2018-03-02,0.004262966295752735
2018-03-05,0.02155101542570148
2018-03-06,0.00047944349437711864
2018-03-07,-0.02316289111159664
2018-03-08,-0.016843868655640803
2018-03-09,0.03193616130662136
2018-03-12,-0.010960675292407851
2018-03-13,-0.010593245101259807
2018-03-14,0.004117937798881366
2018-03-15,0.003772958426682571
2018-03-16,0.018793945933787803
2018-03-19,-0.0044914786431108356
2018-03-20,0.021592009715368565
2018-03-21,0.027917927452161262
2018-03-22,-0.01334962623341096
2018-03-23,0.024572225920243662
2018-03-26,-0.005009019663294478
2018-03-27,-0.004576705382010937
2018-03-28,-0.013333375426544558
2018-03-29,0.008698434480882922
2018-04-02,-0.029719803623574514
2018-04-03,0.007935248584653998
2018-04-04,-0.00220436771135879
2018-04-05,0.002682688756635576
2018-04-06,-0.023292406687307143
2018-04-09,0.021914224388651204
2018-04-10,0.032954967323044926
2018-04-11,0.019996909111215766
2018-04-12,0.003741394809065879
2018-04-13,0.0047711301070560985
2018-04-16,-0.017361599340287803
2018-04-17,0.0045302841563448215
2018-04-18,0.029314562177446657
2018-04-19,-0.0026288929745389433
2018-04-20,0.0013178552743313698
2018-04-23,0.003802312762120952
2018-04-24,-0.013694674384685523
2018-04-25,0.005169957448937668
2018-04-26,0.0020573017394569515
2018-04-27,-0.0013198997516167266
2018-04-30,0.006901633351456438
2018-05-01,-0.019250396685124294
2018-05-02,0.010111528701498562
2018-05-03,0.007360518147412787
2018-05-04,0.01885139426822091
2018-05-07,0.014486547885064427
2018-05-08,-0.0236109956041185
2018-05-09,0.03011876490858434
2018-05-10,0.00309251086014406
2018-05-11,-0.009248930163456737
2018-05-14,0.003677540982368166
2018-05-15,0.004932334817316475
2018-05-16,0.002524194521642986
2018-05-17,0.0
2018-05-18,-0.002937461053962087
2018-05-21,0.01346800085456068
2018-05-22,-0.0015227105980678557
2018-05-23,-0.004020531354083756
2018-05-24,-0.01572936123358315
2018-05-25,-0.04002265404746885
2018-05-29,-0.016941572525276838
2018-05-30,0.022178864874660364
2018-05-31,-0.017152883516335482
2018-06-01,-0.01834730519296146
2018-06-04,-0.01610693812364883
2018-06-05,0.01189184004735755
2018-06-06,-0.012057285204644663
2018-06-07,0.01884742048569521
2018-06-08,-0.003184216742837198
2018-06-11,0.005476127503039718
2018-06-12,0.0039334665995833795
2018-06-13,0.004219390848727578
2018-06-14,0.003751500634599836
2018-06-15,-0.027358377152831737
2018-06-18,0.012142652093029449
2018-06-19,-0.011845084242536608
2018-06-20,0.017673298467379306
2018-06-21,-0.010268805385693414
2018-06-22,0.046383901023216545
2018-06-25,-0.007290755127591586
2018-06-26,0.03598702823660349
2018-06-27,0.0316177994545519
2018-06-28,0.009483160964176784
2018-06-29,0.00953035543527636
2018-07-02,-0.002832084695229109
2018-07-03,0.0027048544987631207
2018-07-05,-0.016185553791759677
2018-07-06,0.01179052072341813
2018-07-09,0.0006774447194564104
2018-07-10,0.0035206789655057857
2018-07-11,-0.050330634546136954
2018-07-12,-0.0007103640851712223
2018-07-13,0.009668708765417922
2018-07-16,-0.04154350780017202
2018-07-17,0.00029392114573201233
2018-07-18,0.009988253332648966
2018-07-19,0.010180292706438943
2018-07-20,0.014396775312131238
2018-07-23,-0.036474591657929434
2018-07-24,0.009279676816642102
2018-07-25,0.011383631741177735
2018-07-26,0.004473269046788131
2018-07-27,-0.01321646546298838
2018-07-30,0.020963673909315306
2018-07-31,-0.01953508014889771
2018-08-01,-0.015997650377347683
2018-08-02,0.01921364694059724
2018-08-03,-0.006815563035715733
2018-08-06,0.007592411865674942
2018-08-07,0.002318447004232782
2018-08-08,-0.03223934923479943
2018-08-09,-0.0019421105179416864
2018-08-10,0.012273607615463034
2018-08-13,-0.0063581298630623895
2018-08-14,-0.002380893452094579
2018-08-15,-0.030280410972170824
2018-08-16,0.006921964827800053
2018-08-17,0.006874497157508541
2018-08-20,0.007889494980643397
2018-08-21,0.013849136906802562
2018-08-22,0.007572414963400886
2018-08-23,-0.0004420686564553522
2018-08-24,0.013121028536386747
2018-08-27,0.0021827928290798493
2018-08-28,-0.004936894928496693
2018-08-29,0.014300355674742304
2018-08-30,0.010645919163104534
2018-08-31,-0.00640565050878561
2018-09-04,0.0010028609135204203
2018-09-05,-0.01645915959170563
2018-09-06,-0.01382428056986873
2018-09-07,-0.0002950663133676201
2018-09-10,-0.003099617482991257
2018-09-11,0.02531831598005696
2018-09-12,0.01617332486039036
2018-09-13,-0.025294960057080096
2018-09-14,0.005831776457727145
2018-09-17,-0.0011595043359490242
2018-09-18,0.013640904978337476
2018-09-19,0.018181879745229557
2018-09-20,-0.004499433105542128
2018-09-21,-0.0002825462090207953
2018-09-24,0.018366813706954588
2018-09-25,0.002774652374606612
2018-09-26,-0.009822898401542601
2018-09-27,0.007684826800377742
2018-09-28,0.015668291879973983
2018-10-01,0.027986389785089605
2018-10-02,-0.0009296107833635103
2018-10-03,0.015685235311996282
2018-10-04,-0.0272215905165063
2018-10-05,0.0001344612752554042
2018-10-08,-0.0006725238744436091
2018-10-09,0.009018685700477258
2018-10-10,-0.023879414853116288
2018-10-11,-0.030066926380980963
2018-10-12,0.005213401589734934
2018-10-15,0.006167682422105081
2018-10-16,0.0019503955423416652
2018-10-17,-0.030172389101676966
2018-10-18,-0.015770587442596296
2018-10-19,0.006846339552169622
2018-10-22,0.0007233133735047304
2018-10-23,-0.039612518957672704
2018-10-24,0.005870832272419024
2018-10-25,0.007632477380420832
2018-10-26,0.0038614956151095114
2018-10-29,-0.008137231131272515
2018-10-30,-0.0128281712202718
2018-10-31,-0.013146006989576686
2018-11-01,-0.02480476178905644
2018-11-02,-0.008635566791014071
2018-11-05,-0.0006335273347168879
2018-11-06,-0.014104586547865616
2018-11-07,-0.008680291327349154
2018-11-08,-0.01621534019281945
2018-11-09,-0.007911645899505437
2018-11-12,-0.004319626640061469
2018-11-13,-0.07074923505549557
2018-11-14,0.010055690197529499
2018-11-15,0.0037333170572917407
2018-11-16,0.0
2018-11-19,0.005313482853793516
2018-11-20,-0.05866804289693062
2018-11-21,0.022459306683238145
2018-11-23,-0.07706393587510085
2018-11-26,0.02399847169996905
2018-11-27,-0.0013557949520836
2018-11-28,-0.024631505506932605
2018-11-29,0.02306621249342533
2018-11-30,-0.010106908650198476
2018-12-03,0.039662290313365434
2018-12-04,0.005665707889290994
2018-12-06,-0.033051611671985004
2018-12-07,0.02175177501214076
2018-12-10,-0.030602558290690807
2018-12-11,0.012745127958409874
2018-12-12,-0.009680541824369171
2018-12-13,0.02795699437960497
2018-12-14,-0.0262457402065015
2018-12-17,-0.02578124365536505
2018-12-18,-0.07297512653774241
2018-12-19,0.020761225121661564
2018-12-20,-0.027966094777283512
2018-12-21,-0.006320856773669115
2018-12-24,-0.06712001235028098
2018-12-26,0.08676234534016714
2018-12-27,-0.034833417737565986
2018-12-28,0.016139906093972423
2018-12-31,0.0017647918183540945
2019-01-02,0.024884410304168547
2019-01-03,0.011817774521724278
2019-01-04,0.018475237397869382
2019-01-07,0.011676425854485029
2019-01-08,0.02596863787398407
2019-01-09,0.05182808144478468
2019-01-10,0.004392657363545993
2019-01-11,-0.019015021812103794
2019-01-14,-0.020934325021522815
2019-01-15,0.03167694203102456
2019-01-16,0.0038380495221050914
2019-01-17,-0.004588064847372397
2019-01-18,0.033224496876812726
2019-01-22,-0.022862445347193172
2019-01-23,0.0009510982946698832
2019-01-24,0.009692173063147624
2019-01-25,0.010540138289773404
2019-01-28,-0.0316631959717818
2019-01-29,0.025389491290802146
2019-01-30,0.017257515386338795
2019-01-31,-0.008113565008723622
2019-02-01,0.027328451031528367
2019-02-04,-0.01266733567687095
2019-02-05,-0.016495628724809475
2019-02-06,0.006522520967505718
2019-02-07,-0.025365654035552243
2019-02-08,0.0015197916410010226
2019-02-11,-0.005880147308670369
2019-02-12,0.013165400280821471
2019-02-13,0.015065971275831869
2019-02-14,0.009461935196575899
2019-02-15,0.02168719552444376
2019-02-19,0.008994423432767684
2019-02-20,0.014797611233722252
2019-02-21,0.0007027567957507141
2019-02-22,0.005266840622936808
2019-02-25,-0.031086252732695052
2019-02-26,0.00036049852070463295
2019-02-27,0.025945921201963484
2019-02-28,0.004917502647476368
2019-03-01,-0.0248165318655883
2019-03-04,0.014157722694065011
2019-03-05,-0.0005301074256226501
2019-03-06,-0.0060113179691053675
2019-03-07,0.007826371703224977
2019-03-08,-0.010412992484588601
2019-03-11,0.012841113333724286
2019-03-12,0.0014086637624186604
2019-03-13,0.02444169888790193
2019-03-14,0.006007591810880619
2019-03-15,-0.00153557672156035
2019-03-18,0.009740254449170926
2019-03-19,-0.0010154234749715219
2019-03-20,0.013552482945982769
2019-03-21,0.0025070651277130374
2019-03-22,-0.01567186785400132
2019-03-25,-0.003726307880955071
2019-03-26,0.019041124408290422
2019-03-27,-0.008842155346007963
2019-03-28,-0.0018515504230615099
2019-03-29,0.014165264138197742
2019-04-01,0.02411042197630997
2019-04-02,0.01607406520561927
2019-04-03,-0.0019175893747335193
2019-04-04,-0.005763698617169299
2019-04-05,0.015781052834357157
2019-04-08,0.020925803051806025
2019-04-09,-0.006521769777812825
2019-04-10,0.00984684389844892
2019-04-11,-0.015941785630193217
2019-04-12,0.004875708550897473
2019-04-15,-0.007669398473165723
2019-04-16,0.010252389751340685
2019-04-17,-0.004527786360763453
2019-04-18,0.003764141856724912
2019-04-22,0.02656245231628418
2019-04-23,0.00913251341530974
2019-04-24,-0.006184067017150796
2019-04-25,-0.010320235414702617
2019-04-26,-0.029289984269711522
2019-04-29,0.003159569752764879
2019-04-30,0.006456690510426855
2019-05-01,-0.004850592615101901
2019-05-02,-0.028144609178857527
2019-05-03,0.0021031750611502087
2019-05-06,0.005004865679111292
2019-05-07,-0.013654593961784589
2019-05-08,0.011726341825942788
2019-05-09,-0.006761078173968538
2019-05-10,-0.0006483130475318788
2019-05-13,-0.010055123798557553
2019-05-14,0.012123162723958858
2019-05-15,0.0038847795922458683
2019-05-16,0.013705231664742579
2019-05-17,-0.001749651856535639
2019-05-20,0.005417465928631682
2019-05-21,-0.001743213919401354
2019-05-22,-0.024924646256331062
2019-05-23,-0.05714748333072894
2019-05-24,0.012433106934903515
2019-05-28,0.00869858966812398
2019-05-29,-0.0055799462252815735
2019-05-30,-0.03774870207215053
2019-05-31,-0.05460328934893255
2019-06-03,-0.004672897196261627
2019-06-04,0.004319240229790244
2019-06-05,-0.033657428056613536
2019-06-06,0.01760835607659561
2019-06-07,0.026621059551565907
2019-06-10,-0.013521084168159003
2019-06-11,0.00018779828287041056
2019-06-12,-0.039985001873691584
2019-06-13,0.022291736473489365
2019-06-14,0.004399379257969738
2019-06-17,-0.011045477716566166
2019-06-18,0.037935705933488606
2019-06-19,-0.002597461973697368
2019-06-20,0.053757501759224
2019-06-21,0.013768733597307126
2019-06-24,0.008183897234992132
2019-06-25,-0.0012089756991272571
2019-06-26,0.026802683520376513
2019-06-27,0.0008420214914308666
2019-06-28,-0.016153442361484416
2019-07-01,0.010603709918604043
2019-07-02,-0.04806228033938342
2019-07-03,0.019377780490451357
2019-07-05,0.002964739597016486
2019-07-08,0.0026082686533959176
2019-07-09,0.00294835213479816
2019-07-10,0.04495933584295497
2019-07-11,-0.0038060490000796365
2019-07-12,0.0001660850731974861
2019-07-15,-0.010463332718774865
2019-07-16,-0.03289699293275816
2019-07-17,-0.014578274351946585
2019-07-18,-0.026065508525089487
2019-07-19,0.005967483464873746
2019-07-22,0.010605790783025038
2019-07-23,0.009782981592288076
2019-07-24,-0.015677283467886993
2019-07-25,0.0025053576766718155
2019-07-26,0.003213143586306977
2019-07-29,0.011921675442167157
2019-07-30,0.020749082597822932
2019-07-31,0.009130105098360985
2019-08-01,-0.07903722982918648
2019-08-02,0.031695997410389865
2019-08-05,-0.01742725877402662
2019-08-06,-0.019381926955764683
2019-08-07,-0.04736156749841003
2019-08-08,0.028381302771752104
2019-08-09,0.037304892468957185
2019-08-12,0.007889913856436337
2019-08-13,0.03950479076805746
2019-08-14,-0.03274954434074606
2019-08-15,-0.013760607058343477
2019-08-16,0.007343449645997202
2019-08-19,0.02442136283347396
2019-08-20,0.0023127747773108442
2019-08-21,-0.011714587249282982
2019-08-22,-0.0059267569907685
2019-08-23,-0.021318885956744582
2019-08-26,-0.009783991087537358
2019-08-27,0.024049234343882064
2019-08-28,0.01547421207716626
2019-08-29,0.01667264836013138
2019-08-30,-0.028390065885089966
2019-09-03,-0.02105262939266561
2019-09-04,0.04301074812551908
2019-09-05,0.000711001008189438
2019-09-06,0.003907659390487206
2019-09-09,0.02353145798983669
2019-09-10,-0.007778685568046839
2019-09-11,-0.02874567041840581
2019-09-12,-0.011838562285419019
2019-09-13,-0.0043565379887828826
2019-09-16,0.14676396127077207
2019-09-17,-0.05659779470476367
2019-09-18,-0.020728000321427187
2019-09-19,0.0003441827147410148
2019-09-20,-0.0006881285875166565
2019-09-23,0.00946805363428882
2019-09-24,-0.02302180232217743
2019-09-25,-0.013964029050027915
2019-09-26,-0.0014162122265466426
2019-09-27,-0.00886367667705179
2019-09-30,-0.0329100368021743
2019-10-01,-0.008322559006460062
2019-10-02,-0.018276754228981895
2019-10-03,-0.003609396445896418
2019-10-04,0.006863691231934865
2019-10-07,-0.0011361744315606659
2019-10-08,-0.0022748612679576175
2019-10-09,-0.0007600401808005586
2019-10-10,0.018254403530847174
2019-10-11,0.0214752855698086
2019-10-14,-0.020292515445513692
2019-10-15,-0.014554931462511078
2019-10-16,0.010414679469005206
2019-10-17,0.010682153079166978
2019-10-18,-0.0027814115525696126
2019-10-21,-0.008739260257975223
2019-10-22,0.015944446674633905
2019-10-23,0.033419523234683
2019-10-24,0.004645315630920965
2019-10-25,0.007647168925420278
2019-10-28,-0.015001738023476485
2019-10-29,-0.004837850763660501
2019-10-30,-0.008642411493049451
2019-10-31,-0.01598258347559922
2019-11-01,0.037283138545326056
2019-11-04,0.006049824697014872
2019-11-05,0.012203725071385563
2019-11-06,-0.015376569546637686
2019-11-07,0.014197037682711189
2019-11-08,0.00157480577751401
2019-11-11,-0.006638732651508383
2019-11-12,-0.0010552474964288239
2019-11-13,0.005633797519761785
2019-11-14,-0.006127424381405566
2019-11-15,0.01673420389781821
2019-11-18,-0.011607795728913795
2019-11-19,-0.03225241327247208
2019-11-20,0.03441408363314502
2019-11-21,0.025739821484727532
2019-11-22,-0.013827267804242593
2019-11-25,0.0041543683896108075
2019-11-26,0.006895389371704752
2019-11-27,-0.0051360937826442354
2019-11-29,-0.050593743082537945
2019-12-02,0.014319393542630676
2019-12-03,0.0025017761247119186
2019-12-04,0.0415330105958831
2019-12-05,0.0
2019-12-06,0.013178169668697892
2019-12-09,-0.003040545656351812
2019-12-10,0.003727570637017674
2019-12-11,-0.008102689792935491
2019-12-12,0.007147753499656906
2019-12-13,0.015038854090215326
2019-12-16,0.002330604134504366
2019-12-17,0.012124224436744324
2019-12-18,-0.0001640682927225301
2019-12-19,0.004759575153041817
2019-12-20,-0.012740976452812802
2019-12-23,0.0013236570627475075
2019-12-24,0.009748845805109374
2019-12-26,0.009327437230096658
2019-12-27,0.0006485232705808475
2019-12-30,-0.0006481029607291466
2019-12-31,-0.010051863307671494
2020-01-02,0.0019652625153272485
2020-01-03,0.030565526684486866
2020-01-06,0.00348931361404059
2020-01-07,-0.009009004120439812
2020-01-08,-0.04928229848466481
2020-01-09,-0.0008387726312464316
2020-01-10,-0.00873069922387304
2020-01-13,-0.016260146842582146
2020-01-14,0.0025826051386492743
2020-01-15,-0.0072127455306035815
2020-01-16,0.012281596049237953
2020-01-17,0.0003417713193305527
2020-01-21,-0.0034164803520938536
2020-01-22,-0.02742541086623773
2020-01-23,-0.0202679149076469
2020-01-24,-0.025184413060551858
2020-01-27,-0.01937625509632357
2020-01-28,0.0063981963961805555
2020-01-29,-0.002804744062557041
2020-01-30,-0.022313939631505852
2020-01-31,-0.011123859285517623
2020-02-03,-0.02812258968810999
2020-02-04,-0.009978048172218812
2020-02-05,0.0229792254711354
2020-02-06,0.003940901732797153
2020-02-07,-0.012365084566858142
2020-02-10,-0.014904610583237776
2020-02-11,0.007464170549982718
2020-02-12,0.024629546977570582
2020-02-13,0.004885675375140508
2020-02-14,0.012252063215663744
2020-02-18,0.0
2020-02-19,0.023823279474399994
2020-02-20,0.009194930669006007
2020-02-21,-0.007437666795478415
2020-02-24,-0.036530549342836616
2020-02-25,-0.029749149722305135
2020-02-26,-0.023446932822953848
2020-02-27,-0.03365482054287694
2020-02-28,-0.04947975840952801
2020-03-02,0.0444593778617155
2020-03-03,0.009197867490390976
2020-03-04,-0.008478201002364516
2020-03-05,-0.018811399666120332
2020-03-06,-0.10065365126354553
2020-03-09,-0.24588178097574942
2020-03-10,0.10375848174309499
2020-03-11,-0.04016301058212102
2020-03-12,-0.04487566897449302
2020-03-13,0.0073015727694072385
2020-03-16,-0.09549318698424791
2020-03-17,-0.060975608135167336
2020-03-18,-0.2441558344129846
2020-03-19,0.23809515337769693
2020-03-20,-0.11062645060031173
2020-03-23,0.0414623402818759
2020-03-24,0.027825325408692203
2020-03-25,0.019991650881324485
2020-03-26,-0.0771743326791442
2020-03-27,-0.048230094433166615
2020-03-30,-0.06601580944603114
2020-03-31,0.01941261257771565
2020-04-01,-0.008300785160827329
2020-04-02,0.24667653178834636
2020-04-03,0.119273321254463
2020-04-06,-0.07974594977817828
2020-04-07,-0.09394174732003979
2020-04-08,0.0617859095926403
2020-04-09,-0.09286567993367367
2020-04-13,-0.01537787249341016
2020-04-14,-0.1026327198893825
2020-04-15,-0.011934349270711686
2020-04-16,0.0
2020-04-17,-0.08052341791101081
2020-04-20,-3.059660652724544
2020-04-21,-1.2660111598392576
2020-04-22,0.37662331847024166
2020-04-23,0.1973875413452082
2020-04-24,0.026666699033794927
2020-04-27,-0.24557264875658102
2020-04-28,-0.03442876287768171
2020-04-29,0.22042141275487603
2020-04-30,0.25099599121175853
2020-05-01,0.0498938708303831
2020-05-04,0.030839164905326566
2020-05-05,0.20451202555753678
2020-05-06,-0.02320845713431885
2020-05-07,-0.018340997843082074
2020-05-08,0.05053080987726388
2020-05-11,-0.02425223876397009
2020-05-12,0.06793708941435694
2020-05-13,-0.0190069727721921
2020-05-14,0.08975873737597717
2020-05-15,0.06785199112736828
2020-05-18,0.0812096284357875
2020-05-19,0.021370217212365095
2020-05-20,0.03046159010667071
2020-05-21,0.012839548191333483
2020-05-22,-0.01975230557526131
2020-05-26,0.033082660875822345
2020-05-27,-0.04483252312195285
2020-05-28,0.027430590475814087
2020-05-29,0.05280340084061397
2020-06-01,-0.0014089334852905866
2020-06-02,0.03865696387328699
2020-06-03,0.013039921877987526
2020-06-04,0.0032179921946529078
2020-06-05,0.05720394007957941
2020-06-08,-0.034386868181710994
2020-06-09,0.01963864956715322
2020-06-10,0.01694914922157742
2020-06-11,-0.08232319310980862
2020-06-12,-0.0022014813076161044
2020-06-15,0.02371761307669029
2020-06-16,0.03394402404328112
2020-06-17,-0.01094325096284332
2020-06-18,0.023182325851930585
2020-06-19,0.023429450150284747
2020-06-22,0.017861612187991316
2020-06-23,-0.0022244230010975974
2020-06-24,-0.058459268585404955
2020-06-25,0.018679372021116247
2020-06-26,-0.0059400706349500565
2020-06-29,0.03143671165775985
2020-06-30,-0.010831241735823616
2020-07-01,0.014005582649587511
2020-07-02,0.020843843229927828
2020-07-06,-0.000492016162679354
2020-07-07,-0.00024617612521593557
2020-07-08,0.006893220122030863
2020-07-09,-0.03129590577604835
2020-07-10,0.02347300177303513
2020-07-13,-0.011097429627771271
2020-07-14,0.004738215676713287
2020-07-15,0.022586245389272452
2020-07-16,-0.01092234841277584
2020-07-17,-0.003926376623610062
2020-07-20,0.005420084254153412
2020-07-21,0.028179310769008703
2020-07-22,-0.0014298751168455581
2020-07-23,-0.01980911219160819
2020-07-24,0.005356737821715862
2020-07-27,0.007507811860502089
2020-07-28,-0.01346148026765226
2020-07-29,0.005604277219918519
2020-07-30,-0.032711467745195955
2020-07-31,0.008767592807422453
2020-08-03,0.018375908998204737
2020-08-04,0.016825224814602135
2020-08-05,0.011750548076848055
2020-08-06,-0.005688501341111429
2020-08-07,-0.01740165742455102
2020-08-10,0.01746718546054349
2020-08-11,-0.007868336365353557
2020-08-12,0.025474586470687344
2020-08-13,-0.010077255892442571
2020-08-14,-0.005445155014064396
2020-08-17,0.020947419739937745
2020-08-18,0.0
2020-08-19,0.0009326396851616625
2020-08-20,-0.008152771293572503
2020-08-21,-0.005636488213858093
2020-08-24,0.006613102935469906
2020-08-25,0.01712809855774533
2020-08-26,0.0009227431818994436
2020-08-27,-0.008066339687586965
2020-08-28,-0.0016263869269335096
2020-08-31,-0.008377952062475491
2020-09-01,0.0035202466330217508
2020-09-02,-0.029232929117551487
2020-09-03,-0.003372666714269945
2020-09-04,-0.038675332739444235
2020-09-08,-0.07568524268505195
2020-09-09,0.03509251834681648
2020-09-10,-0.01971090709693113
2020-09-11,0.0008043591047672827
2020-09-14,-0.0018752613471143542
2020-09-15,0.027375214807087156
2020-09-16,0.04911183720131129
2020-09-17,0.020169356981290187
2020-09-18,0.003417119489312892
2020-09-21,-0.043784947952720366
2020-09-22,0.007377183686060773
2020-09-23,0.008333379893192605
2020-09-24,0.00951668082171242
2020-09-25,-0.0014884984184290184
2020-09-28,0.008695614263877882
2020-09-29,-0.032265950931716136
2020-09-30,0.02367015229078917
2020-10-01,-0.03729487703814094
2020-10-02,-0.0431302151599533
2020-10-05,0.05856955542044817
2020-10-06,0.03697085423538371
2020-10-07,-0.017703403944474116
2020-10-08,0.031038744432762
2020-10-09,-0.014323869197832795
2020-10-12,-0.02881768997334022
2020-10-13,0.01952828941932827
2020-10-14,0.020895525787210767
2020-10-15,-0.001949362311646996
2020-10-16,-0.0019530766148807555
2020-10-19,-0.001223073281657605
2020-10-20,0.015429763045927691
2020-10-21,-0.034491083858015026
2020-10-22,0.0152385867837459
2020-10-23,-0.01943899919763714
2020-10-26,-0.03237132121015773
2020-10-27,0.02619290159654364
2020-10-28,-0.055092249734359444
2020-10-29,-0.032629078379736165
2020-10-30,-0.010505868749095648
2020-11-02,0.02849959294974891
2020-11-03,0.023091508894586665
2020-11-04,0.039564569423894635
2020-11-05,-0.009195417530535654
2020-11-06,-0.04253677460519012
2020-11-09,0.08481425895652728
2020-11-10,0.026557450248452463
2020-11-11,0.002176019131038487
2020-11-12,-0.007961443304718707
2020-11-13,-0.024075824160634363
2020-11-16,0.03015198236398864
2020-11-17,0.0021770718978155745
2020-11-18,0.009413453699630203
2020-11-19,-0.0019129128871639978
2020-11-20,0.00982270797616236
2020-11-23,0.02158955668965734
2020-11-24,0.0429632702071534
2020-11-25,0.01781338765928875
2020-11-27,-0.0039378759304530275
2020-11-30,-0.004173042648869751
2020-12-01,-0.017423928382634846
2020-12-02,0.016386073058090256
2020-12-03,0.007950543729169812
2020-12-04,0.013584551712886084
2020-12-07,-0.01080847423566067
2020-12-08,-0.0034965002902289655
2020-12-09,-0.0017543425226826947
2020-12-10,0.027680103446007465
2020-12-11,-0.004489078451314521
2020-12-14,0.009018724208607942
2020-12-15,0.013407048966049828
2020-12-16,0.004199932117292304
2020-12-17,0.011292365515966019
2020-12-18,0.015301858032051419
2020-12-21,-0.02769850993724765
2020-12-22,-0.015081717540615047
2020-12-23,0.023394267618290998
2020-12-24,0.0022859645218877844
2020-12-28,-0.012647742403923634
2020-12-29,0.007979863012151256
2020-12-30,0.008333365122477288
2020-12-31,0.0024793166963146263
2021-01-04,-0.018549083210795736
2021-01-05,0.048509059745994954
2021-01-06,0.014019642672962185
2021-01-07,0.003950242123644809
2021-01-08,0.027739519902017173
2021-01-11,0.0001913920599532215
2021-01-12,0.018373188219572345
2021-01-13,-0.005638023721524332
2021-01-14,0.01247400962607248
2021-01-15,-0.022587252032214677
2021-01-19,0.011841079538914112
2021-01-20,0.0049075526326343155
2021-01-21,-0.002066127101495785
2021-01-22,-0.01618672300136037
2021-01-25,0.009565716388390433
2021-01-26,-0.003032022854352112
2021-01-27,0.004561829708899623
2021-01-28,-0.009649921215852508
2021-01-29,-0.0026748068253782398
2021-02-01,0.025862039356128852
2021-02-02,0.022595688173889794
2021-02-03,0.01698320550915855
2021-02-04,0.009696551065604853
2021-02-05,0.011026123722783554
2021-02-08,0.019701016299795926
2021-02-09,0.006727607062894991
2021-02-10,0.005483202389950925
2021-02-11,-0.007498272399807271
2021-02-12,0.02111949702589211
2021-02-16,0.00975278299061988
2021-02-17,0.018151543154644845
2021-02-18,-0.010140643409782824
2021-02-19,-0.021150012716708022
2021-02-22,0.037981092779372005
2021-02-23,0.0029272480983124627
2021-02-24,0.025133826784161206
2021-02-25,0.004903472834673739
2021-02-26,-0.03195338923819435
2021-03-01,-0.013983749761814046
2021-03-02,-0.014676771085198381
2021-03-03,0.02560667413049167
2021-03-04,0.04161232216961652
2021-03-05,0.035406461569869485
2021-03-08,-0.01573601670085989
2021-03-09,-0.01598771509203245
2021-03-10,0.006717704902752919
2021-03-11,0.024518841430783755
2021-03-12,-0.006210179545016681
2021-03-15,-0.0033531659603187602
2021-03-16,-0.009022730438869253
2021-03-17,-0.0030864902502700797
2021-03-18,-0.07120740840208939
2021-03-19,0.023666636149088482
2021-03-22,0.002116591859179895
2021-03-23,-0.061575970146321324
2021-03-24,0.05921056237925115
2021-03-25,-0.042824434763252484
2021-03-26,0.041154368013920584
2021-03-29,0.009676892582832108
2021-03-30,-0.01640679197042183
2021-03-31,-0.022956224726055297
2021-04-01,0.0387086024583132
2021-04-05,-0.04556548742549782
2021-04-06,0.011594207800246004
2021-04-07,0.007416123599016666
2021-04-08,-0.0028442694050624384
2021-04-09,-0.004697966215862381
2021-04-12,0.0064059519566785905
2021-04-13,0.008040193234541748
2021-04-14,0.04935196420143062
2021-04-15,0.004908908172657878
2021-04-16,-0.005200094880527084
2021-04-19,0.003960082302711498
2021-04-20,-0.014831215297646083
2021-04-21,-0.01745676131584084
2021-04-22,0.0013040233585082106
2021-04-23,0.011557855786187288
2021-04-26,-0.00370131227060555
2021-04-27,0.016637034111379068
2021-04-28,0.014617127481985293
2021-04-29,0.01800816653441273
2021-04-30,-0.02199661987672563
2021-05-03,0.014312614131922974
2021-05-04,0.01860760765059477
2021-05-05,-0.0009134599750061367
2021-05-06,-0.014017952269492095
2021-05-07,0.0029362145587148447
2021-05-10,0.0003081146779084776
2021-05-11,0.00554529606446863
2021-05-12,0.012254948938686727
2021-05-13,-0.0342009999032471
2021-05-14,0.024287105283134602
2021-05-17,0.013767689439655673
2021-05-18,-0.011770013864614959
2021-05-19,-0.032524008595155696
2021-05-20,-0.02067552652575244
2021-05-21,0.024657576354655486
2021-05-24,0.03884871263870715
2021-05-25,0.0003027500702874608
2021-05-26,0.0021189555062068877
2021-05-27,0.009666204478147034
2021-05-28,-0.007928179377626243
2021-06-01,0.02110979391316503
2021-06-02,0.016391030572105336
2021-06-03,-0.0002906330368847021
2021-06-04,0.011771620647109238
2021-06-07,-0.005601829564242378
2021-06-08,0.01184457106836323
2021-06-09,-0.001284853152949239
2021-06-10,0.004717007366684234
2021-06-11,0.008820639330011204
2021-06-14,-0.0004231618550520899
2021-06-15,0.017494434836540007
2021-06-16,0.0004159564358627854
2021-06-17,-0.01538462351873171
2021-06-18,0.008445924357947998
2021-06-21,0.02819659812494102
2021-06-22,-0.008145615988127686
2021-06-23,0.00027380609265548195
2021-06-24,0.0030104161903514726
2021-06-25,0.010231923175643143
2021-06-28,-0.01539499449921189
2021-06-29,0.0009600835455807477
2021-06-30,0.006714138684990489
2021-07-01,0.023955384605798935
2021-07-02,-0.0009304757636671157
2021-07-06,-0.023815870520370153
2021-07-07,-0.015946650600259793
2021-07-08,0.010249383995051264
2021-07-09,0.02220996795947272
2021-07-12,-0.006169515819942961
2021-07-13,0.015519589062886974
2021-07-14,-0.028172793974512
2021-07-15,-0.020237874786326326
2021-07-16,0.0022330220419752855
2021-07-19,-0.07505917801000395
2021-07-20,0.015055706527669743
2021-07-21,0.04271736815530014
2021-07-22,0.022901856905556794
2021-07-23,0.002224948193114251
2021-07-26,-0.002220008788571315
2021-07-27,-0.00361566017229209
2021-07-28,0.010327953217171393
2021-07-29,0.016991343656641567
2021-07-30,0.004482398659995557
2021-08-02,-0.036375861028019485
2021-08-03,-0.009823246655234374
2021-08-04,-0.034155273754276405
2021-08-05,0.01379302701342966
2021-08-06,-0.011723803756369944
2021-08-09,-0.026361972093488895
2021-08-10,0.027226195354952187
2021-08-11,0.014057681528810484
2021-08-12,-0.0023105221965252776
2021-08-13,-0.009407930683705934
2021-08-16,-0.016803060854117646
2021-08-17,-0.010402802319998017
2021-08-18,-0.016969474629254244
2021-08-19,-0.027039420753422028
2021-08-20,-0.02151042489283772
2021-08-23,0.053273422835076634
2021-08-24,0.028945788292900954
2021-08-25,0.012140948826012021
2021-08-26,-0.013750767013069765
2021-08-27,0.01957875601711656
2021-08-30,0.006837376131936912
2021-08-31,-0.010258620052950529
2021-09-01,0.001313815151688047
2021-09-02,0.020411161986103155
2021-09-03,-0.010001385478031866
2021-09-07,-0.013566206220032018
2021-09-08,0.013899116296197223
2021-09-09,-0.01673886884597986
2021-09-10,0.02318758211340266
2021-09-13,0.010470391777937849
2021-09-14,0.00014197497038659357
2021-09-15,0.030513788728570912
2021-09-16,0.0
2021-09-17,-0.008814204438351125
2021-09-20,-0.023343063452561208
2021-09-21,0.0038411813849723586
2021-09-22,0.023667883448451832
2021-09-23,0.01481378437069547
2021-09-24,0.009276947842630001
2021-09-27,0.019870147669719174
2021-09-28,-0.0021205571794071787
2021-09-29,-0.006109696890411187
2021-09-30,0.002672683995033509
2021-10-01,0.01132878166000495
2021-10-04,0.022931016817949068
2021-10-05,0.01687706148208612
2021-10-06,-0.01900418084632438
2021-10-07,0.011235990483702496
2021-10-08,0.013409902700376897
2021-10-11,0.014744778720152008
2021-10-12,0.0014903471384131173
2021-10-13,-0.0024801209047115025
2021-10-14,0.01081545363976355
2021-10-15,0.01192966732048073
2021-10-18,0.0019446240214291421
2021-10-19,0.006307576754816191
2021-10-20,0.010969186019189614
2021-10-21,-0.016334836076273618
2021-10-22,0.015272753166429842
2021-10-25,0.0
2021-10-26,0.010625589385741652
2021-10-27,-0.023508539018291197
2021-10-28,0.001814588553582741
2021-10-29,0.009177661618607225
2021-11-01,0.005743728116386793
2021-11-02,-0.0016656678710912365
2021-11-03,-0.036348503380355335
2021-11-04,-0.025352498593666506
2021-11-05,0.031214302254529258
2021-11-08,0.008121123284993814
2021-11-09,0.02709631651939448
2021-11-10,-0.03339281208597611
2021-11-11,0.00307351870242889
2021-11-12,-0.009805067511588605
2021-11-15,0.0011139539159645828
2021-11-16,-0.0014836192045299956
2021-11-17,-0.02971770012871533
2021-11-18,0.00829506790219492
2021-11-19,-0.03683082626794387
2021-11-22,0.008541413126308406
2021-11-23,0.0228013029315961
2021-11-24,-0.001401281660529441
2021-11-25,-0.004592430324716901
2021-11-26,-0.12661793423017909
2021-11-29,0.026412257990629184
2021-11-30,-0.05389559410354117
2021-12-01,-0.009217295369275735
2021-12-02,0.014183320260853893
2021-12-03,-0.003608990432624526
2021-12-06,0.04874729283736201
2021-12-07,0.03683990886007793
2021-12-08,0.004302533594218838
2021-12-09,-0.019624076243335065
2021-12-10,0.010290325661350463
2021-12-13,-0.005302040785911788
2021-12-14,-0.007855204816974215
2021-12-15,0.0019793493991784317
2021-12-16,0.021306539414643444
2021-12-17,-0.021000230737016623
2021-12-20,-0.03711539981321654
2021-12-21,0.04235672354477105
2021-12-22,0.023059608075271854
2021-12-23,0.014156112548875166
2021-12-27,0.02412249298295266
2021-12-28,0.005425481854771652
2021-12-29,0.00763351113496924
2021-12-30,0.0056165140920581
2021-12-31,-0.023119870485598715
2022-01-03,0.011567647349721266
2022-01-04,0.011961041151597351
2022-01-05,0.011170290092400004
2022-01-06,0.020680804648785633
2022-01-07,-0.007047540461187607
2022-01-10,-0.008491738352191969
2022-01-11,0.038220602524166036
2022-01-12,0.017483355671057854
2022-01-13,-0.006292311797034489
2022-01-14,0.02070137471242295
2022-01-18,0.01920783364606682
2022-01-19,0.017909385155464808
2022-01-20,-0.0006899443333189259
2022-01-21,-0.02025318878396498
2022-01-24,-0.0214940315265868
2022-01-25,0.027487708349970053
2022-01-26,0.020443925598071955
2022-01-27,-0.00847164140465062
2022-01-28,0.0024246516914070426
2022-01-31,0.015319072054016392
2022-02-01,0.0005671630345758238
2022-02-02,0.0006803309531120405
2022-02-03,0.022773560595811926
2022-02-04,0.02259888103899743
2022-02-07,-0.010724709023431034
2022-02-08,-0.021462977343655654
2022-02-09,0.0033572409322819574
2022-02-10,0.002453642452856286
2022-02-11,0.035825559847585176
2022-02-14,0.025349093974556425
2022-02-15,-0.035512250389282185
2022-02-16,0.017269512029492784
2022-02-17,-0.020286156860866655
2022-02-18,-0.007519642821954831
2022-02-22,0.014055109076382521
2022-02-23,-0.0027070926272950713
2022-02-24,0.007709002130680487
2022-02-25,-0.01314514872099759
2022-02-28,0.045092314094830055
2022-03-01,0.08033851173565365
2022-03-02,0.06952900645381388
2022-03-03,-0.02649186569257822
2022-03-04,0.07439400271616914
2022-03-07,0.0321576868161253
2022-03-08,0.03601336153610779
2022-03-09,-0.12126111859385258
2022-03-10,-0.024655017299143878
2022-03-11,0.03122057435194936
2022-03-14,-0.05780663668688446
2022-03-15,-0.06378021122779354
2022-03-16,-0.01451681346368161
2022-03-17,0.08354379592718453
2022-03-18,0.016702209509034782
2022-03-21,0.07086920739842895
2022-03-22,-0.0032108508877336517
2022-03-23,0.028364335257270445
2022-03-24,-0.022535490824048265
2022-03-25,0.01388646287023354
2022-03-28,-0.06971029266933082
2022-03-29,-0.01623255224202047
2022-03-30,0.034343840218928
2022-03-31,-0.06993137578249586
2022-04-01,-0.010071820388164898
2022-04-04,0.04039490552869429
2022-04-05,-0.012780787281426842
2022-04-06,-0.05619846782061888
2022-04-07,-0.0020784014409193086
2022-04-08,0.023221945072172234
2022-04-11,-0.040403023960848494
2022-04-12,0.06692117400917996
2022-04-13,0.03628232188112657
2022-04-14,0.02589925130208348
2022-04-18,0.011781226481383023
2022-04-19,-0.05221330351798914
2022-04-20,0.0018525979517276525
2022-04-21,0.01012166341145826
2022-04-22,-0.016571935692562545
2022-04-25,-0.03458409708877341
2022-04-26,0.03206815509798644
2022-04-27,0.00314650643487302
2022-04-28,0.03273871865503697
2022-04-29,-0.006359132166514958
2022-05-02,0.004584924217646558
2022-05-03,-0.02624317347997185
2022-05-04,0.052729164177174326
2022-05-05,0.004174052386858973
2022-05-06,0.013947852180307585
2022-05-09,-0.060854518624946285
2022-05-10,-0.03230181705260382
2022-05-11,0.05964311167633052
2022-05-12,0.003973116758895001
2022-05-13,0.04108169907835513
2022-05-16,0.03357769170243796
2022-05-17,-0.015761781702840927
2022-05-18,-0.02500004581709292
2022-05-19,0.023907316672444834
2022-05-20,0.009090137071412485
2022-05-23,-0.02596487109638701
2022-05-24,-0.004714881386747027
2022-05-25,0.005101623440959102
2022-05-26,0.0340795290894087
2022-05-27,0.008589739577440358
2022-05-31,-0.0034761582249042133
2022-06-01,0.0051452339470337005
2022-06-02,0.013968424262639223
2022-06-03,0.017113031171366977
2022-06-06,-0.003112667098787325
2022-06-07,0.007679355798391407
2022-06-08,0.022611145343251815
2022-06-09,-0.004913589969061216
2022-06-10,-0.006913043803121521
2022-06-13,0.002154654348021312
2022-06-14,-0.01653849330152035
2022-06-15,-0.030438095831943568
2022-06-16,0.01977277623424012
2022-06-17,-0.06828811148376046
2022-06-20,0.006480459111848136
2022-06-21,0.003446131263090013
2022-06-22,-0.040307266362120786
2022-06-23,-0.01808085275635296
2022-06-24,0.032128188466172825
2022-06-27,0.018119279859469373
2022-06-28,0.01998724511733041
2022-06-29,-0.017716565131415063
2022-06-30,-0.036618661757760074
2022-07-01,0.025245821813676184
2022-07-05,-0.08235728377794271
2022-07-06,-0.009748755986966118
2022-07-07,0.042626658171838194
2022-07-08,0.02005254055561867
2022-07-11,-0.0066800703456525445
2022-07-12,-0.07925833692240081
2022-07-13,0.004799736346455807
2022-07-14,-0.005399836510715739
2022-07-15,0.018897448127604077
2022-07-18,0.05133725099121933
