Date,ZC=F
2012-03-30,
2012-04-02,0.017080745341614856
2012-04-03,0.004961832061068705
2012-04-04,-0.0022787694644891276
2012-04-05,0.0022839741149600634
2012-04-09,-0.014052411697683231
2012-04-10,-0.021956856702619376
2012-04-11,0.001969279243796862
2012-04-12,0.002358490566037652
2012-04-13,-0.012941176470588234
2012-04-16,-0.009535160905840279
2012-04-17,-0.010429201764941887
2012-04-18,-0.024321037697608405
2012-04-19,0.03199002908184467
2012-04-20,-0.013687600644122333
2012-04-23,0.01632653061224487
2012-04-24,-0.006827309236947743
2012-04-25,-0.011726647796198919
2012-04-26,0.02127659574468077
2012-04-27,0.04647435897435903
2012-04-30,0.011102603369065767
2012-05-01,-0.0007572889057175791
2012-05-02,-0.02652519893899208
2012-05-03,0.013234721681588235
2012-05-04,0.017671917018824423
2012-05-07,0.004152510381275842
2012-05-08,0.0015037593984963404
2012-05-09,-0.03716216216216217
2012-05-10,-0.024561403508771895
2012-05-11,-0.027977617905675434
2012-05-14,0.0
2012-05-15,-0.017680921052631526
2012-05-16,0.038091251569694506
2012-05-17,0.008064516129032251
2012-05-18,0.016799999999999926
2012-05-21,-0.003933910306844979
2012-05-22,-0.056872037914691975
2012-05-23,0.010887772194304812
2012-05-24,-0.04142502071251031
2012-05-25,0.0
2012-05-29,-0.02765773552290407
2012-05-30,-0.005333333333333301
2012-05-31,-0.0075960679177837775
2012-06-01,-0.006753714542998668
2012-06-04,0.029918404351767958
2012-06-05,-0.0008802816901408717
2012-06-06,0.033039647577092435
2012-06-07,0.01321961620469092
2012-06-08,0.006734006734006703
2012-06-11,-0.010033444816053505
2012-06-12,-0.013513513513513487
2012-06-13,0.014554794520547976
2012-06-14,0.0151898734177216
2012-06-15,-0.0365752285951787
2012-06-18,0.0345125107851596
2012-06-19,0.021684737281067568
2012-06-20,-0.001224489795918382
2012-06-21,-0.041275030649775224
2012-06-22,0.007672634271099765
2012-06-25,0.06768189509306266
2012-06-26,0.023771790808240878
2012-06-27,0.005417956656346812
2012-06-28,0.0038491147036181506
2012-06-29,0.03144171779141103
2012-07-02,0.029739776951672958
2012-07-03,0.03790613718411562
2012-07-05,0.06852173913043469
2012-07-06,-0.0322265625
2012-07-09,0.043054154053145055
2012-07-10,-0.01838116736536599
2012-07-11,-0.013469119579500699
2012-07-12,0.02730602730602727
2012-07-13,-0.020097244732577013
2012-07-16,0.027786966589480544
2012-07-17,0.0035403926617316728
2012-07-18,0.019884541372674702
2012-07-19,0.016037735849056656
2012-07-20,0.02073661405137739
2012-07-23,-0.01273499090357788
2012-07-24,-0.029484029484029506
2012-07-25,0.0056962025316456
2012-07-26,-0.016677155443675318
2012-07-27,0.0220800000000001
2012-07-30,0.026925485284909234
2012-07-31,-0.016463414634146356
2012-08-01,-0.007439553626782391
2012-08-02,-0.008119925046845666
2012-08-03,0.02015113350125941
2012-08-06,-0.00864197530864197
2012-08-07,-0.008717310087173136
2012-08-08,0.018530150753768737
2012-08-09,0.009250693802035137
2012-08-10,-0.02230369691414602
2012-08-13,-0.02156250000000004
2012-08-14,-0.0038326413286490224
2012-08-15,0.018275088169285025
2012-08-16,0.004722921914357636
2012-08-17,0.0009401441554370837
2012-08-20,0.020976831559173403
2012-08-21,0.019625881631401443
2012-08-22,-0.0012030075187969835
2012-08-23,-0.02589581451370071
2012-08-24,-0.008037094281298285
2012-08-27,-0.009660330320972244
2012-08-28,-0.006293266205160464
2012-08-29,0.026282457251424862
2012-08-30,0.00154273372415914
2012-08-31,-0.010782501540357314
2012-09-04,0.005294300840859467
2012-09-05,-0.021375464684014855
2012-09-06,0.009496676163342821
2012-09-07,-0.002822201317027262
2012-09-10,-0.017610062893081757
2012-09-11,0.0016005121638924535
2012-09-12,-0.014381591562799612
2012-09-13,0.00745784695201035
2012-09-14,0.0009655616350177088
2012-09-17,-0.037942122186495175
2012-09-18,-0.010695187165775444
2012-09-19,0.022297297297297236
2012-09-20,-0.013879709187045619
2012-09-21,0.0030160857908847483
2012-09-24,-0.00467758102238558
2012-09-25,-0.0013427324605572721
2012-09-26,-0.02554621848739491
2012-09-27,-0.011728182131769627
2012-09-28,0.055846422338568846
2012-10-01,0.0006611570247934129
2012-10-02,0.001982160555004997
2012-10-03,-0.001978239366963397
2012-10-04,0.00033036009250086984
2012-10-05,-0.011889035667106973
2012-10-08,-0.008021390374331583
2012-10-09,0.0
2012-10-10,-0.007075471698113178
2012-10-11,0.049541907024092335
2012-10-12,-0.026511477529906236
2012-10-15,-0.020591165725672544
2012-10-16,0.0013563919972872096
2012-10-17,0.009820521503555613
2012-10-18,0.02045606975184433
2012-10-19,0.000985869208018464
2012-10-22,-0.00032829940906109467
2012-10-23,-0.006896551724137945
2012-10-24,-0.001984126984126977
2012-10-25,-0.01656726308813783
2012-10-26,-0.005727762803234504
2012-10-31,0.024398508980006728
2012-11-01,-0.006285147204763475
2012-11-02,-0.015312916111850816
2012-11-05,-0.005409060175794456
2012-11-06,0.007477906186267758
2012-11-07,0.004385964912280604
2012-11-08,-0.004030903594222424
2012-11-09,-0.003372681281618939
2012-11-12,-0.028087986463620984
2012-11-13,0.0076601671309193264
2012-11-14,0.0031098825155493337
2012-11-15,-0.006200482259731355
2012-11-16,0.007972270363951539
2012-11-19,0.016162310866574936
2012-11-20,0.006091370558375608
2012-11-21,-0.003027245206861706
2012-11-23,0.006072874493927127
2012-11-26,0.0023474178403755097
2012-11-27,0.017062562730010056
2012-11-28,0.0003289473684211508
2012-11-29,-0.011509371917132527
2012-11-30,-0.004657351962741196
2012-12-03,0.0013368983957218195
2012-12-04,-0.0033377837116155273
2012-12-05,0.009042196918955137
2012-12-06,-0.0073016926651178204
2012-12-07,-0.02006018054162484
2012-12-10,-0.008188331627430934
2012-12-11,-0.0034399724802202103
2012-12-12,-0.004487400759406235
2012-12-13,-0.012135922330097082
2012-12-14,0.009126009126009027
2012-12-17,0.007304347826087021
2012-12-18,-0.0055248618784530246
2012-12-19,-0.023611111111111138
2012-12-20,-0.009246088193456625
2012-12-21,0.007896625987078298
2012-12-24,0.0032051282051281937
2012-12-26,-0.015619453319133836
2012-12-27,-0.0025243418680129803
2012-12-28,0.003615328994938549
2012-12-31,0.006123919308357317
2013-01-02,-0.01074113856068748
2013-01-03,-0.0021715526601520097
2013-01-04,-0.01305767138193692
2013-01-07,0.007717750826901959
2013-01-08,0.004741064916119697
2013-01-09,0.007985480943738743
2013-01-10,0.006481814908174233
2013-01-11,0.014311270125223707
2013-01-14,0.021516754850088082
2013-01-15,0.008977900552486151
2013-01-16,0.0010266940451746365
2013-01-17,-0.009230769230769265
2013-01-18,0.0041407867494824835
2013-01-22,0.0013745704467353903
2013-01-23,-0.010638297872340385
2013-01-24,0.004856052722858051
2013-01-25,-0.004832585433206749
2013-01-28,0.011793270898369679
2013-01-29,0.0003428179636613127
2013-01-30,0.01473612063056895
2013-01-31,0.00033772374197904576
2013-02-01,-0.006076975016880537
2013-02-04,-0.0023777173913043237
2013-02-05,-0.007150153217568955
2013-02-06,-0.008916323731138598
2013-02-07,-0.01626297577854674
2013-02-08,-0.0024621878297572675
2013-02-11,-0.009520451339915414
2013-02-12,-0.008543965824136746
2013-02-13,-0.0010771992818671139
2013-02-14,-0.0010783608914449738
2013-02-15,0.005757466714645609
2013-02-19,-0.005008944543828275
2013-02-20,0.007551240560949246
2013-02-21,-0.013918629550321193
2013-02-22,-0.0007238508867173366
2013-02-25,0.004708438971387174
2013-02-26,0.016582552271088735
2013-02-27,0.006382978723404209
2013-02-28,0.014094432699083947
2013-03-01,0.006601806810284883
2013-03-04,-0.0017259233690024578
2013-03-05,0.012448132780082943
2013-03-06,-0.032786885245901676
2013-03-07,0.004943502824858781
2013-03-08,0.019325368938861498
2013-03-11,0.012754222681833793
2013-03-12,0.008849557522123908
2013-03-13,0.0003373819163292602
2013-03-14,-0.011467116357504192
2013-03-15,-0.02149437052200609
2013-03-18,0.004184100418409997
2013-03-19,0.011805555555555625
2013-03-20,0.005490734385724005
2013-03-21,0.0006825938566552558
2013-03-22,-0.009208731241473367
2013-03-25,0.009638554216867545
2013-03-26,-0.004091374019774996
2013-03-27,0.006846970215679482
2013-03-28,-0.05440326419585173
2013-04-01,-0.07623157137720249
2013-04-02,-0.0027247956403270157
2013-04-03,0.0015612802498048417
2013-04-04,-0.017926734216679674
2013-04-05,-0.0015873015873015817
2013-04-08,0.007154213036566048
2013-04-09,0.016969218626677218
2013-04-10,0.00737291424136588
2013-04-11,0.003466872110939878
2013-04-12,0.011132437619961522
2013-04-15,-0.01784358390280938
2013-04-16,0.025512176265945152
2013-04-17,-0.004146249528835244
2013-04-18,-0.024224072672218044
2013-04-19,0.011636927851047307
2013-04-22,-0.009585889570552175
2013-04-23,-0.011227255129694136
2013-04-24,0.001566170712607784
2013-04-25,0.00899139953088346
2013-04-26,-0.0019372336303757898
2013-04-29,0.06211180124223592
2013-04-30,-0.0010964912280702066
2013-05-01,-0.002195389681668547
2013-05-02,0.02310231023102305
2013-05-03,0.0028673835125447855
2013-05-06,-0.02966404574696213
2013-05-07,-0.0033149171270717703
2013-05-08,-0.0022172949002217113
2013-05-09,0.028888888888888964
2013-05-10,-0.009719222462203025
2013-05-13,0.043984005816066984
2013-05-14,-0.01566852367688021
2013-05-15,-0.07923593915811811
2013-05-16,-0.014214368036880476
2013-05-17,0.01753702260327361
2013-05-20,-0.004978935273841412
2013-05-21,-0.014626635873749017
2013-05-22,0.02890624999999991
2013-05-23,0.005315110098709219
2013-05-24,-0.007175226586102701
2013-05-28,0.014073792316470213
2013-05-29,-0.0022505626406601476
2013-05-30,-0.016165413533834605
2013-05-31,0.011845624761176898
2013-06-03,-0.009441087613293098
2013-06-04,0.0072436141822340705
2013-06-05,0.00037850113550330633
2013-06-06,0.003783579265985715
2013-06-07,0.004523181304183943
2013-06-10,-0.024390243902439046
2013-06-11,0.014615384615384697
2013-06-12,-0.013267626990144055
2013-06-13,-0.011140991164041436
2013-06-14,0.01787101787101797
2013-06-17,0.02061068702290081
2013-06-18,0.007105459985041085
2013-06-19,0.013367991088006015
2013-06-20,-0.013191645291315446
2013-06-21,-0.017081321945785377
2013-06-24,-0.012844729882886319
2013-06-25,0.005357826253348685
2013-06-26,0.011800532927293439
2013-06-27,0.004138449962377777
2013-06-28,0.017984263769202036
2013-07-01,-0.034965034965035
2013-07-02,0.026315789473684292
2013-07-03,0.008175399479747325
2013-07-05,0.009583486914854333
2013-07-08,0.010222709017889686
2013-07-09,0.017708709794000743
2013-07-10,0.008167613636363535
2013-07-11,0.009862627685804926
2013-07-12,-0.021276595744680882
2013-07-15,-0.23556664290805418
2013-07-16,0.016783216783216703
2013-07-17,-0.012379642365887178
2013-07-18,0.00464252553389044
2013-07-19,0.005545286506469571
2013-07-22,-0.0059742647058823595
2013-07-23,-0.03374942209893661
2013-07-24,-0.027272727272727226
2013-07-25,-0.02410231185440237
2013-07-26,-0.008064516129032251
2013-07-29,-0.0055894308943089666
2013-07-30,0.012774655084312636
2013-07-31,0.007063572149344166
2013-08-01,-0.023046092184368705
2013-08-02,-0.02358974358974364
2013-08-05,-0.014180672268907513
2013-08-06,0.006393180607352056
2013-08-07,-0.00847008999470622
2013-08-08,0.011211959423385043
2013-08-09,-0.016367476240760293
2013-08-12,0.013419216317767102
2013-08-13,-0.03548728813559321
2013-08-14,0.020867655134541474
2013-08-15,0.03604088219472845
2013-08-16,-0.016095534787123555
2013-08-19,0.04116094986807384
2013-08-20,-0.019260010136847416
2013-08-21,0.029457364341085368
2013-08-22,-0.02108433734939763
2013-08-23,0.016410256410256396
2013-08-26,0.040867810292633644
2013-08-27,-0.03102278235579259
2013-08-28,0.00900450225112559
2013-08-29,-0.013882002974714869
2013-08-30,-0.004524886877828038
2013-09-03,0.0060606060606061
2013-09-04,-0.008032128514056214
2013-09-05,-0.009109311740890691
2013-09-06,0.004085801838610736
2013-09-09,-0.02899287894201419
2013-09-10,-0.005238344683080154
2013-09-11,0.01053185887309116
2013-09-12,-0.0015633142261594069
2013-09-13,-0.06054279749478075
2013-09-16,0.014444444444444482
2013-09-17,-0.005476451259583737
2013-09-18,0.004955947136563887
2013-09-19,0.007123287671232825
2013-09-20,-0.018498367791077275
2013-09-23,0.004988913525498795
2013-09-24,-0.009928295642581353
2013-09-25,0.013370473537604566
2013-09-26,0.0043980208905991525
2013-09-27,-0.006020799124247356
2013-09-30,-0.02753303964757714
2013-10-01,-0.005662514156285381
2013-10-02,0.0
2013-10-03,0.0005694760820045275
2013-10-04,0.009106431417188476
2013-10-07,0.013536379018612488
2013-10-08,-0.016694490818030094
2013-10-09,0.003961516694963141
2013-10-10,-0.01183765501691092
2013-10-11,-0.01140901312036513
2013-10-14,0.008655510675129818
2013-10-15,0.014874141876430214
2013-10-16,-0.0016910935738444488
2013-10-17,0.000564652738565874
2013-10-18,-0.003386004514672636
2013-10-21,0.005662514156285381
2013-10-22,-0.012950450450450401
2013-10-23,0.01026811180832854
2013-10-24,-0.005646527385657851
2013-10-25,-0.0005678591709256109
2013-10-28,-0.02102272727272725
2013-10-29,0.0029019152640743506
2013-10-30,-0.00405092592592593
2013-10-31,-0.004648460197559601
2013-11-01,-0.0023350846468184194
2013-11-04,-0.002340550029256927
2013-11-05,-0.0029325513196480912
2013-11-06,-0.008823529411764675
2013-11-07,-0.0017804154302670794
2013-11-08,0.014863258026159398
2013-11-11,0.018746338605741153
2013-11-12,-0.005750431282346202
2013-11-13,-0.005783689994216301
2013-11-14,-0.0075625363583479155
2013-11-15,-0.010550996483001174
2013-11-18,-0.023696682464455
2013-11-19,0.013956310679611672
2013-11-20,-0.0017953321364452268
2013-11-21,0.014388489208633004
2013-11-22,-0.0017730496453900457
2013-11-25,0.005920663114268754
2013-11-26,-0.014714537963507968
2013-11-27,-0.0029868578255675127
2013-11-29,-0.004793289394847244
2013-12-02,0.003010234798314304
2013-12-03,0.013205282112845218
2013-12-04,0.0082938388625593
2013-12-05,-0.006462984723854315
2013-12-06,0.002956830277942135
2013-12-09,0.010613207547169878
2013-12-10,-0.002333722287047868
2013-12-11,0.00877192982456143
2013-12-12,-0.006956521739130417
2013-12-13,-0.018096906012842973
2013-12-16,0.006539833531510109
2013-12-17,0.008269344359125741
2013-12-18,-0.004100761570005829
2013-12-19,0.012941176470588234
2013-12-20,0.006387921022067422
2013-12-23,0.002308136180034559
2013-12-24,0.0005757052389177009
2013-12-26,-0.01898734177215189
2013-12-27,0.0029325513196480912
2013-12-30,-0.009356725146198785
2013-12-31,-0.0035419126328217754
2014-01-02,-0.0035545023696682554
2014-01-03,0.007134363852556502
2014-01-06,0.010035419126328327
2014-01-07,-0.004091174751607252
2014-01-08,-0.021126760563380254
2014-01-09,-0.011990407673860948
2014-01-10,0.05036407766990281
2014-01-13,0.004043905257076874
2014-01-14,-0.0069044879171461515
2014-01-15,-0.01332560834298957
2014-01-16,0.005284791544333478
2014-01-17,-0.009345794392523366
2014-01-21,0.002358490566037652
2014-01-22,0.002941176470588225
2014-01-23,0.006451612903225712
2014-01-24,0.0011655011655011815
2014-01-27,0.0052386495925493826
2014-01-28,0.0005790387955992848
2014-01-29,-0.01041666666666663
2014-01-30,0.01403508771929829
2014-01-31,0.0011534025374855261
2014-02-03,0.0040322580645162365
2014-02-04,0.013769363166953541
2014-02-05,0.00339558573853993
2014-02-06,-0.0005640157924421407
2014-02-07,0.0028216704288939187
2014-02-10,-0.002813731007315745
2014-02-11,-0.003386004514672636
2014-02-12,-0.003397508493771184
2014-02-13,0.001136363636363713
2014-02-14,0.010783200908059065
2014-02-18,0.009545199326221221
2014-02-19,0.009454949944382562
2014-02-20,0.0044077134986226785
2014-02-21,-0.0060340098738342896
2014-02-24,-0.0033112582781457123
2014-02-25,0.009413067552602516
2014-02-26,-0.0005485463521667233
2014-02-27,-0.016465422612513714
2014-02-28,0.021205357142857206
2014-03-03,0.014207650273224015
2014-03-04,0.0274784482758621
2014-03-05,-0.0031463030938646552
2014-03-06,0.02209363492898464
2014-03-07,-0.009778692743180661
2014-03-10,-0.018711018711018657
2014-03-11,0.012711864406779627
2014-03-12,0.013075313807531463
2014-03-13,0.0
2014-03-14,-0.0247805885389778
2014-03-17,0.014293276866066629
2014-03-18,0.0151356993736953
2014-03-19,0.0030848329048842604
2014-03-20,-0.01896463352127109
2014-03-21,0.0010449320794148065
2014-03-24,0.022964509394572064
2014-03-25,-0.0071428571428571175
2014-03-26,-0.004110996916752319
2014-03-27,0.015479876160990669
2014-03-28,0.0
2014-03-31,0.020325203252032464
2014-04-01,0.010956175298804771
2014-04-02,-0.023152709359605894
2014-04-03,0.008572869389813498
2014-04-04,0.0035000000000000586
2014-04-07,-0.004982561036372735
2014-04-08,0.01552328492739119
2014-04-09,-0.009368836291913207
2014-04-10,-0.0019910403185664505
2014-04-11,-0.005486284289276777
2014-04-14,0.009027081243731194
2014-04-15,0.0014910536779324524
2014-04-16,-0.012406947890818865
2014-04-17,-0.005527638190954809
2014-04-21,-0.01263264274886311
2014-04-22,0.01586489252814749
2014-04-23,0.014609571788413156
2014-04-24,-0.004468718967229446
2014-04-25,0.011471321695760706
2014-04-28,0.0014792899408284654
2014-04-29,0.01575578532742483
2014-04-30,-0.0033931168201648543
2014-05-01,-0.02091439688715957
2014-05-02,-0.01838052657724787
2014-05-05,0.018724696356275272
2014-05-06,0.019374068554396384
2014-05-07,-0.005360623781676455
2014-05-08,0.005879470847623747
2014-05-09,-0.016074037993180745
2014-05-12,-0.014851485148514865
2014-05-13,0.01155778894472359
2014-05-14,-0.016890213611525096
2014-05-15,-0.021222839818089922
2014-05-16,-0.0015487867836860847
2014-05-19,-0.01292657704239919
2014-05-20,-0.00785751702462023
2014-05-21,0.002111932418162654
2014-05-22,0.00474183350895685
2014-05-23,0.002621919244887305
2014-05-27,-0.01725941422594146
2014-05-28,0.0058541777541245565
2014-05-29,-0.006349206349206327
2014-05-30,-0.007987220447284393
2014-06-02,-0.0005367686527106841
2014-06-03,-0.015574650912996812
2014-06-04,-0.004364429896344779
2014-06-05,-0.01589041095890409
2014-06-06,0.022271714922049046
2014-06-09,-0.017429193899782147
2014-06-10,-0.012195121951219523
2014-06-11,-0.010101010101010055
2014-06-12,0.006802721088435382
2014-06-13,0.006756756756756799
2014-06-16,-0.01342281879194629
2014-06-17,-0.005102040816326481
2014-06-18,0.0062678062678063196
2014-06-19,0.020385050962627327
2014-06-20,0.006104328523862446
2014-06-23,-0.019305019305019266
2014-06-24,-0.003374578177727794
2014-06-25,-0.004514672686230292
2014-06-26,0.003968253968253954
2014-06-27,0.000564652738565874
2014-06-30,-0.04232505643340856
2014-07-01,-0.003535651149086605
2014-07-02,-0.010053222945002993
2014-07-03,-0.0035842293906810374
2014-07-07,-0.018585131894484408
2014-07-08,-0.0024434941967013124
2014-07-09,-0.01041028781383957
2014-07-10,-0.008663366336633671
2014-07-11,-0.0018726591760299671
2014-07-14,-0.023764853033145683
2014-07-15,-0.041639974375400346
2014-07-16,0.011363636363636465
2014-07-17,0.0033046926635822427
2014-07-18,-0.021739130434782594
2014-07-21,-0.019528619528619506
2014-07-22,-0.010302197802197766
2014-07-23,0.006245662734212454
2014-07-24,-0.0027586206896551557
2014-07-25,0.004149377593360981
2014-07-28,0.013085399449035862
2014-07-29,-0.016995241332426914
2014-07-30,0.0006915629322268302
2014-07-31,-0.01313061506565305
2014-08-01,-0.012605042016806678
2014-08-04,0.01773049645390068
2014-08-05,-0.006968641114982632
2014-08-06,0.01964912280701747
2014-08-07,-0.010323468685478288
2014-08-08,-0.021557719054241975
2014-08-11,0.014214641080312784
2014-08-12,0.004905395935529189
2014-08-13,-0.001394700139469962
2014-08-14,0.011173184357541999
2014-08-15,0.01035911602209949
2014-08-18,-0.0136705399863295
2014-08-19,0.00485100485100487
2014-08-20,-0.008275862068965467
2014-08-21,0.007649513212795611
2014-08-22,0.00897170462387864
2014-08-25,-0.015047879616963078
2014-08-26,-0.011111111111111072
2014-08-27,0.0
2014-08-28,0.016151685393258397
2014-08-29,-0.007601935038009655
2014-09-02,-0.009052924791086325
2014-09-03,-0.04075895994378076
2014-09-04,-0.01611721611721617
2014-09-05,0.03201787043931503
2014-09-08,-0.0209235209235209
2014-09-09,-0.008843036109064117
2014-09-10,0.0074349442379182396
2014-09-11,-0.020664206642066474
2014-09-12,0.021853805576488305
2014-09-15,0.01179941002949847
2014-09-16,0.0021865889212828726
2014-09-17,-0.0058181818181818334
2014-09-18,-0.01024140453547917
2014-09-19,-0.019955654101995512
2014-09-22,-0.0037707390648566985
2014-09-23,-0.014383043149129415
2014-09-24,0.01228878648233489
2014-09-25,-0.01062215477996964
2014-09-26,-0.009202453987730008
2014-09-29,0.00851393188854499
2014-09-30,-0.01534919416730618
2014-10-01,0.001558846453624252
2014-10-02,0.0046692607003890885
2014-10-03,0.0015491866769945517
2014-10-06,0.028615622583139988
2014-10-07,0.024060150375939893
2014-10-08,0.008076358296622566
2014-10-09,0.004369992716678706
2014-10-10,-0.031182015953589604
2014-10-13,0.03592814371257491
2014-10-14,0.03179190751445082
2014-10-15,-0.026610644257703098
2014-10-16,0.013669064748201398
2014-10-17,-0.012065294535131277
2014-10-20,0.0007183908045977905
2014-10-21,0.022254127781766053
2014-10-22,-0.008426966292134797
2014-10-23,0.01912181303116145
2014-10-24,-0.018763029881862403
2014-10-27,0.028328611898017053
2014-10-28,0.004132231404958775
2014-10-29,0.029492455418381303
2014-10-30,-0.0033311125916055673
2014-10-31,0.007352941176470562
2014-11-03,-0.00862641008626408
2014-11-04,-0.02409638554216864
2014-11-05,0.01577503429355276
2014-11-06,0.0027008777852801646
2014-11-07,-0.010101010101010055
2014-11-10,0.004761904761904745
2014-11-11,0.012186865267433955
2014-11-12,0.01070234113712365
2014-11-13,0.022501654533421567
2014-11-14,-0.011650485436893177
2014-11-17,-0.01113294040602486
2014-11-18,-0.014569536423841067
2014-11-19,-0.02352150537634412
2014-11-20,0.027529249827942248
2014-11-21,-0.0013395847287340779
2014-11-24,-0.014084507042253502
2014-11-25,0.01836734693877551
2014-11-26,0.010688042752170945
2014-11-28,-0.006609385327164596
2014-12-01,-0.0006653359946773296
2014-12-02,-0.020639147802929414
2014-12-03,0.002719238613188235
2014-12-04,0.019661016949152454
2014-12-05,0.0146276595744681
2014-12-08,-0.010484927916120546
2014-12-09,0.014569536423840956
2014-12-10,-0.0013054830287205776
2014-12-11,0.019607843137254832
2014-12-12,0.01602564102564097
2014-12-15,0.0309148264984227
2014-12-16,-0.006119951040391647
2014-12-17,0.005541871921182162
2014-12-18,0.006736068585425636
2014-12-19,-0.0012165450121655041
2014-12-22,0.003045066991473888
2014-12-23,0.005464480874316946
2014-12-24,-0.015096618357487879
2014-12-26,0.01716738197424883
2014-12-29,-0.004822182037371947
2014-12-30,-0.01514233797698361
2014-12-31,-0.02337023370233704
2015-01-02,-0.0031486146095718315
2015-01-05,0.02590018951358175
2015-01-06,-0.0024630541871921707
2015-01-07,-0.021604938271604923
2015-01-08,-0.0050473186119873725
2015-01-09,0.015218769816106592
2015-01-12,0.004372267332916957
2015-01-13,-0.040422885572139355
2015-01-14,-0.012313674659753748
2015-01-15,-0.002624671916010457
2015-01-16,0.018421052631578894
2015-01-20,0.008397932816537557
2015-01-21,-0.005765534913516945
2015-01-22,-0.010953608247422641
2015-01-23,0.007817589576547324
2015-01-26,-0.007110536522301203
2015-01-27,-0.00716145833333337
2015-01-28,-0.020983606557377077
2015-01-29,-0.0046885465505692725
2015-01-30,-0.004037685060565233
2015-02-02,-0.0006756756756757243
2015-02-03,0.043272481406355645
2015-02-04,-0.005832793259883395
2015-02-05,0.0045632333767926525
2015-02-06,0.0012978585334197934
2015-02-09,0.014257939079714843
2015-02-10,-0.008306709265175738
2015-02-11,-0.005798969072164928
2015-02-12,-0.0071289695398574215
2015-02-13,0.011096605744125299
2015-02-17,0.005810200129115595
2015-02-18,-0.014762516046213148
2015-02-19,0.015635179153094425
2015-02-20,-0.011545862732520895
2015-02-23,-0.01687216093445809
2015-02-24,-0.0033003300330033403
2015-02-25,-0.004635761589403931
2015-02-26,0.011310711909514382
2015-02-27,0.011842105263157876
2015-03-02,-0.014954486345903795
2015-03-03,0.008580858085808662
2015-03-04,-0.0013089005235602524
2015-03-05,0.00327653997378774
2015-03-06,-0.009144350097975207
2015-03-09,0.01054713249835193
2015-03-10,-0.002609262883235486
2015-03-11,0.00457815565729236
2015-03-12,-0.00455729166666663
2015-03-13,-0.021582733812949617
2015-03-16,0.013368983957219305
2015-03-17,-0.02110817941952503
2015-03-18,0.010107816711590223
2015-03-19,-0.0033355570380253496
2015-03-20,0.0307898259705488
2015-03-23,0.013636363636363669
2015-03-24,0.0076873798846892605
2015-03-25,0.004450095359186168
2015-03-26,-0.009493670886076
2015-03-27,-0.0006389776357828003
2015-03-30,0.008951406649616356
2015-03-31,-0.0462610899873257
2015-04-01,0.0146179401993356
2015-04-02,0.012442698100851413
2015-04-06,-0.0038809831824062613
2015-04-07,-0.0051948051948051965
2015-04-08,-0.009791122715404721
2015-04-09,-0.003295978905734964
2015-04-10,-0.002645502645502673
2015-04-13,-0.017241379310344862
2015-04-14,0.00809716599190291
2015-04-15,0.006693440428380271
2015-04-16,0.0006648936170212671
2015-04-17,0.009302325581395321
2015-04-20,-0.004608294930875556
2015-04-21,-0.013227513227513255
2015-04-22,-0.0013404825737265424
2015-04-23,-0.004697986577181235
2015-04-24,-0.01685772083614301
2015-04-27,-0.010288065843621408
2015-04-28,0.0006930006930006005
2015-04-29,0.0076177285318559385
2015-04-30,-0.0034364261168384758
2015-05-01,-0.0075862068965517615
2015-05-04,-0.002779708130646319
2015-05-05,0.006968641114982521
2015-05-06,0.01453287197231834
2015-05-07,-0.023874488403819893
2015-05-08,0.002096436058700135
2015-05-11,-0.0006973500697350365
2015-05-12,-0.0034891835310537633
2015-05-13,-0.0028011204481792618
2015-05-14,0.014044943820224809
2015-05-15,0.012465373961218829
2015-05-18,0.0068399452804377425
2015-05-19,-0.016304347826086918
2015-05-20,-0.0055248618784530246
2015-05-21,0.01388888888888884
2015-05-22,-0.013698630136986356
2015-05-26,-0.01388888888888884
2015-05-27,-0.015492957746478853
2015-05-28,0.011444921316166035
2015-05-29,-0.005657708628005631
2015-06-01,0.002133712660028486
2015-06-02,0.019162526614620257
2015-06-03,0.0
2015-06-04,0.012534818941504211
2015-06-05,-0.008253094910591452
2015-06-08,0.013176144244105403
2015-06-09,-0.000684462696783017
2015-06-10,-0.021232876712328763
2015-06-11,-0.0020993701889433503
2015-06-12,-0.009817671809256634
2015-06-15,-0.013456090651558061
2015-06-16,0.016511127063890907
2015-06-17,0.014830508474576343
2015-06-18,-0.00347947112038971
2015-06-19,-0.013268156424581012
2015-06-22,0.019108280254777066
2015-06-23,0.02083333333333326
2015-06-24,-0.0027210884353741083
2015-06-25,0.027285129604365688
2015-06-26,0.02257636122177953
2015-06-29,-0.004545454545454519
2015-06-30,0.08023483365949113
2015-07-01,-0.0006038647342995196
2015-07-02,0.01450151057401805
2015-07-06,-0.0029779630732579276
2015-07-07,-0.00657108721624855
2015-07-08,0.00120264582080587
2015-07-09,0.012012012012011963
2015-07-10,0.014243323442136413
2015-07-13,0.014628437682855377
2015-07-14,-0.021914648212226107
2015-07-15,0.01297169811320753
2015-07-16,0.0011641443538998875
2015-07-17,-0.022674418604651136
2015-07-20,-0.03628792385484836
2015-07-21,0.0037037037037037646
2015-07-22,-0.009225092250922495
2015-07-23,0.0012414649286158763
2015-07-24,-0.026658400495970236
2015-07-27,-0.04968152866242037
2015-07-28,0.00536193029490617
2015-07-29,-0.019333333333333313
2015-07-30,0.014955812372535737
2015-07-31,-0.006028131279303461
2015-08-03,-0.0121293800539084
2015-08-04,0.006139154160982319
2015-08-05,0.010847457627118695
2015-08-06,-0.008048289738430636
2015-08-07,0.008113590263691739
2015-08-10,0.04694835680751175
2015-08-11,-0.03523382447149259
2015-08-12,-0.05112881806108893
2015-08-13,0.018194541637508665
2015-08-14,0.0006872852233676952
2015-08-17,-0.002060439560439553
2015-08-18,0.008258774948382674
2015-08-19,0.0027303754266212454
2015-08-20,0.010211027910143056
2015-08-21,-0.015498652291105142
2015-08-24,0.00958247775496246
2015-08-25,-0.00881355932203387
2015-08-26,-0.010259917920656614
2015-08-27,0.005528680027643507
2015-08-28,-0.0013745704467353903
2015-08-31,0.0013764624913970014
2015-09-01,-0.02130584192439866
2015-09-02,-0.005617977528089901
2015-09-03,-0.017655367231638408
2015-09-04,0.005032350826743359
2015-09-08,0.01573676680972813
2015-09-09,0.004225352112676051
2015-09-10,0.014726507713884951
2015-09-11,0.035245335176226744
2015-09-14,0.012016021361815676
2015-09-15,0.03034300791556732
2015-09-16,-0.011523687580025643
2015-09-17,-0.016191709844559532
2015-09-18,-0.006583278472679366
2015-09-21,0.019218025182239806
2015-09-22,-0.01040312093628093
2015-09-23,0.007227332457293123
2015-09-24,-0.004566210045662156
2015-09-25,0.019659239842725995
2015-09-28,-0.005784061696658127
2015-09-29,0.005817711700064621
2015-09-30,-0.0032133676092545027
2015-10-01,0.0025789813023855412
2015-10-02,0.0012861736334404128
2015-10-05,0.010918432883750828
2015-10-06,0.012071156289707785
2015-10-07,-0.006277463904582503
2015-10-08,-0.01137081490840175
2015-10-09,-0.021725239616613434
2015-10-12,-0.0052253429131287055
2015-10-13,0.009848982271831952
2015-10-14,-0.014304291287386195
2015-10-15,-0.00923482849604218
2015-10-16,0.0033288948069241098
2015-10-19,-0.009953550099535469
2015-10-20,0.010053619302949013
2015-10-21,0.010617120106171107
2015-10-22,-0.006565988181221227
2015-10-23,0.00396563119629878
2015-10-26,0.012508229098090906
2015-10-27,-0.011703511053316018
2015-10-28,-0.010526315789473717
2015-10-29,0.010638297872340496
2015-10-30,0.005921052631578938
2015-11-02,-0.01504251144538915
2015-11-03,0.010624169986719778
2015-11-04,0.0
2015-11-05,-0.015768725361366642
2015-11-06,-0.004005340453938633
2015-11-09,-0.016756032171581725
2015-11-10,-0.0211315610088616
2015-11-11,0.009052924791086436
2015-11-12,-0.0006901311249137843
2015-11-13,-0.01035911602209949
2015-11-16,0.00488485694347518
2015-11-17,0.005555555555555536
2015-11-18,-0.0006906077348066697
2015-11-19,0.006910850034554272
2015-11-20,-0.0027453671928620027
2015-11-23,0.0110116999311769
2015-11-24,-0.008168822328114334
2015-11-25,0.0048043925875085325
2015-11-27,-0.018442622950819665
2015-11-30,0.016005567153792644
2015-12-01,0.005479452054794498
2015-12-02,-0.008174386920980936
2015-12-03,0.01717032967032961
2015-12-04,0.01620526671168121
2015-12-07,-0.020598006644518274
2015-12-08,0.004070556309362372
2015-12-09,0.004729729729729737
2015-12-10,0.01479488903833226
2015-12-11,-0.011265738899933764
2015-12-14,0.023458445040214437
2015-12-15,-0.011787819253438081
2015-12-16,-0.01988071570576544
2015-12-17,0.012170385395537497
2015-12-18,0.0006680026720107257
2015-12-21,-0.006675567423230944
2015-12-22,-0.01545698924731187
2015-12-23,-0.0020477815699658786
2015-12-24,-0.002735978112175075
2015-12-28,-0.009602194787380003
2015-12-29,0.0041551246537396835
2015-12-30,-0.0096551724137931
2015-12-31,-0.0006963788300835549
2016-01-04,-0.02020905923344951
2016-01-05,0.004267425320056972
2016-01-06,0.0007082152974504652
2016-01-07,-0.0007077140835102247
2016-01-08,0.011331444759206777
2016-01-11,-0.014705882352941124
2016-01-12,0.014214641080312784
2016-01-13,0.0035038542396637062
2016-01-14,0.0
2016-01-15,0.014664804469273651
2016-01-19,0.0123881624225739
2016-01-20,0.002719238613188235
2016-01-21,-0.004745762711864443
2016-01-22,0.008855585831062607
2016-01-25,-0.0013504388926400823
2016-01-26,-0.0013522650439485862
2016-01-27,0.0
2016-01-28,-0.010155721056195
2016-01-29,0.017783857729138264
2016-02-01,-0.0020161290322581182
2016-02-02,0.0033670033670034627
2016-02-03,-0.004026845637583931
2016-02-04,-0.006738544474393482
2016-02-05,-0.007462686567164201
2016-02-08,-0.009569377990430672
2016-02-09,-0.0034506556245686992
2016-02-10,-0.0020775623268698418
2016-02-11,0.0
2016-02-12,-0.004163775156141525
2016-02-16,0.01184668989547033
2016-02-17,0.011707988980716344
2016-02-18,-0.004765146358066685
2016-02-19,0.0
2016-02-22,0.00547195622435015
2016-02-23,-0.014965986394557818
2016-02-24,-0.006215469613259694
2016-02-25,-0.011813759555246661
2016-02-26,-0.002812939521800284
2016-02-29,-0.0028208744710860323
2016-03-01,0.0007072135785006761
2016-03-02,0.0021201413427562876
2016-03-03,-0.002115655853314524
2016-03-04,0.0021201413427562876
2016-03-07,0.0014104372355430161
2016-03-08,0.010563380281690238
2016-03-09,0.0006968641114981633
2016-03-10,0.009749303621169991
2016-03-11,0.009655172413793212
2016-03-14,0.002049180327868827
2016-03-15,0.0047716428084525475
2016-03-16,-0.0006784260515604323
2016-03-17,0.0006788866259335169
2016-03-18,-0.004070556309362261
2016-03-21,0.006811989100817373
2016-03-22,0.0013531799729364913
2016-03-23,-0.004054054054054013
2016-03-24,0.004070556309362372
2016-03-28,0.0013513513513514486
2016-03-29,0.006747638326585648
2016-03-30,-0.01608579088471851
2016-03-31,-0.04223433242506813
2016-04-01,0.007112375533428139
2016-04-04,0.0014124293785311437
2016-04-05,0.006346967559943684
2016-04-06,0.0035038542396637062
2016-04-07,0.009776536312849249
2016-04-08,0.0020746887966804906
2016-04-11,-0.015182884748102143
2016-04-12,0.016818500350385346
2016-04-13,0.02963473466574773
2016-04-14,0.0013386880856760541
2016-04-15,0.012032085561497263
2016-04-18,0.006605019815059343
2016-04-19,0.009186351706036655
2016-04-20,0.026657997399219813
2016-04-21,-0.025965801139962053
2016-04-22,-0.033159947984395366
2016-04-25,0.014122394082044298
2016-04-26,0.01392572944297088
2016-04-27,-0.003924133420536324
2016-04-28,0.01641497045305318
2016-04-29,0.008397932816537557
2016-05-02,0.0
2016-05-03,-0.030749519538757153
2016-05-04,-0.013218770654329193
2016-05-05,-0.004018754186202234
2016-05-06,0.01143241425689312
2016-05-09,-0.02194148936170215
2016-05-10,0.029231815091774305
2016-05-11,-0.011889035667106973
2016-05-12,0.03008021390374327
2016-05-13,-0.008436080467229101
2016-05-16,0.03141361256544495
2016-05-17,0.0076142131979695105
2016-05-18,0.006297229219143663
2016-05-19,-0.02377972465581979
2016-05-20,0.011538461538461497
2016-05-23,0.00823827629911289
2016-05-24,-0.0006285355122563896
2016-05-25,0.01823899371069193
2016-05-26,0.00864731315626921
2016-05-27,0.01102265768524191
2016-05-31,-0.019382192610539084
2016-06-01,0.02223594811612095
2016-06-02,0.003625377643504457
2016-06-03,0.007224563515954241
2016-06-06,0.02151823072325154
2016-06-07,0.001170275014628519
2016-06-08,0.008182349503214503
2016-06-09,-0.011014492753623206
2016-06-10,-0.008206330597889777
2016-06-13,0.016548463356973908
2016-06-14,0.015116279069767424
2016-06-15,-0.01718213058419249
2016-06-16,-0.00874125874125875
2016-06-17,0.029394473838918245
2016-06-20,-0.03769274700171332
2016-06-21,-0.05934718100890213
2016-06-22,-0.008201892744479466
2016-06-23,-0.014631043256997489
2016-06-24,-0.007101355713363455
2016-06-27,0.0019505851755525772
2016-06-28,0.0
2016-06-29,-0.03244646333549639
2016-06-30,-0.03755868544600938
2016-07-01,-0.016027874564459976
2016-07-05,-0.025495750708215303
2016-07-06,-0.02398255813953487
2016-07-07,-0.0007446016381236209
2016-07-08,0.04247391952309987
2016-07-11,-0.01715511079342391
2016-07-12,0.01745454545454539
2016-07-13,0.045746962115797096
2016-07-14,-0.009569377990430672
2016-07-15,-0.027605244996549372
2016-07-18,0.013484740951029028
2016-07-19,-0.04271708683473385
2016-07-20,-0.012435991221653286
2016-07-21,-0.009629629629629655
2016-07-22,0.002243829468960401
2016-07-25,-0.0007462686567164534
2016-07-26,-0.006721433905899965
2016-07-27,0.009774436090225658
2016-07-28,-0.013402829486224843
2016-07-29,0.009811320754717023
2016-08-01,-0.02615844544095669
2016-08-02,-0.004604758250191909
2016-08-03,0.0023130300693909867
2016-08-04,-0.013076923076923097
2016-08-05,0.010911925175370207
2016-08-08,0.0030840400925211675
2016-08-09,-0.009223674096848544
2016-08-10,0.0007757951900697613
2016-08-11,-0.0046511627906976605
2016-08-12,0.003894080996884819
2016-08-15,0.013188518231187052
2016-08-16,0.003062787136294043
2016-08-17,0.008396946564885432
2016-08-18,0.005299015897047621
2016-08-19,0.006777108433734913
2016-08-22,-0.0029917726252804977
2016-08-23,-0.014253563390847712
2016-08-24,-0.0030441400304414
2016-08-25,-0.012213740458015265
2016-08-26,-0.022411128284389514
2016-08-29,-0.014229249011857736
2016-08-30,-0.024859663191659997
2016-08-31,-0.008223684210526327
2016-09-01,0.031509121061359835
2016-09-02,0.01768488745980701
2016-09-06,0.0007898894154818592
2016-09-07,0.013417521704814472
2016-09-08,0.01869158878504673
2016-09-09,0.00917431192660545
2016-09-12,-0.002272727272727315
2016-09-13,-0.03037205770690965
2016-09-14,0.009397024275646038
2016-09-15,0.024049650892164376
2016-09-16,0.021212121212121238
2016-09-19,0.0007418397626113293
2016-09-20,0.00963676797627877
2016-09-21,-0.001468428781204123
2016-09-22,-0.00955882352941173
2016-09-23,-0.0007423904974016571
2016-09-26,-0.022288261515601815
2016-09-27,0.008358662613981771
2016-09-28,-0.007535795026375247
2016-09-29,0.0
2016-09-30,0.02277904328018221
2016-10-03,0.027468448403860535
2016-10-04,0.006502890173410325
2016-10-05,-0.001435750179468731
2016-10-06,-0.02084831056793679
2016-10-07,-0.0022026431718061845
2016-10-11,0.016924208977189048
2016-10-12,-0.02460202604920403
2016-10-13,0.0370919881305638
2016-10-14,0.013590844062947083
2016-10-17,-0.0007057163020465218
2016-10-18,-0.0007062146892655718
2016-10-19,0.010600706713780994
2016-10-20,-0.018181818181818188
2016-10-21,0.004273504273504258
2016-10-24,-0.012056737588652444
2016-10-25,0.002871500358937462
2016-10-26,0.013600572655690701
2016-10-27,0.009887005649717562
2016-10-28,-0.006993006993006978
2016-10-31,-0.0007042253521126751
2016-11-01,-0.01620859760394644
2016-11-02,-0.007879656160458492
2016-11-03,0.005054151624548808
2016-11-04,0.0021551724137931494
2016-11-07,-0.007168458781361964
2016-11-08,0.02310469314079433
2016-11-09,-0.038108680310515175
2016-11-10,0.00807043286867204
2016-11-14,-0.0181950509461426
2016-11-15,0.012601927353595332
2016-11-16,-0.008784773060029227
2016-11-17,0.010339734121122657
2016-11-18,0.01023391812865504
2016-11-21,0.012301013024601959
2016-11-22,0.0035739814152966343
2016-11-23,-0.0007122507122506727
2016-11-25,-0.004276550249465383
2016-11-28,-0.0021474588403722628
2016-11-29,-0.03371592539454804
2016-11-30,0.0
2016-12-01,-0.014847809948032697
2016-12-02,0.017332328560663246
2016-12-05,0.03555555555555556
2016-12-06,0.0042918454935623185
2016-12-07,-0.0014245014245014564
2016-12-08,-0.011412268188302432
2016-12-09,0.017316017316017396
2016-12-12,0.005673758865248235
2016-12-13,0.0049365303244006675
2016-12-14,-0.012631578947368438
2016-12-15,0.013503909026297167
2016-12-16,-0.0007012622720897754
2016-12-19,-0.008421052631578996
2016-12-20,-0.00849256900212314
2016-12-21,-0.008565310492505307
2016-12-22,0.0
2016-12-23,-0.004319654427645814
2016-12-27,0.026753434562545086
2016-12-28,-0.019014084507042228
2016-12-29,0.004307250538406304
2016-12-30,0.006433166547533897
2017-01-03,0.010653409090909172
2017-01-04,0.011243851018974071
2017-01-05,0.004169562195969423
2017-01-06,-0.00899653979238757
2017-01-09,0.005586592178770999
2017-01-10,-0.004861111111111094
2017-01-11,-0.002791346824842944
2017-01-12,0.002799160251924393
2017-01-13,0.0006978367062107083
2017-01-17,0.019525801952580135
2017-01-18,-0.001367989056087593
2017-01-19,0.003424657534246478
2017-01-20,0.009556313993174026
2017-01-23,-0.0006761325219742931
2017-01-24,-0.01691474966170503
2017-01-25,0.008258774948382674
2017-01-26,-0.0068259385665528916
2017-01-27,-0.0034364261168384758
2017-01-30,-0.013103448275862073
2017-01-31,0.005590496156533842
2017-02-01,0.023627519110493322
2017-02-02,-0.0020366598778004397
2017-02-03,-0.006122448979591799
2017-02-06,-0.004106776180698102
2017-02-07,0.013058419243986208
2017-02-08,0.006105834464043447
2017-02-09,-0.003371544167228624
2017-02-10,0.013531799729364025
2017-02-13,0.002670226969292422
2017-02-14,-0.0033288948069241098
2017-02-15,0.012024048096192397
2017-02-16,-0.013861386138613874
2017-02-17,-0.014056224899598346
2017-02-21,0.0027155465037338455
2017-02-22,0.004739336492890933
2017-02-23,-0.014824797843665749
2017-02-24,-0.004103967168262668
2017-02-27,-0.010302197802197766
2017-02-28,0.018043025676613533
2017-03-01,0.024539877300613577
2017-03-02,-0.007984031936127733
2017-03-03,0.005365526492287165
2017-03-06,-0.005336891260840582
2017-03-07,-0.008718980549966449
2017-03-08,-0.011502029769959399
2017-03-09,-0.015058179329226595
2017-03-10,-0.00486448922863103
2017-03-13,-0.009776536312849138
2017-03-14,-0.002115655853314524
2017-03-15,0.027561837455830407
2017-03-16,0.00687757909215958
2017-03-17,0.004098360655737654
2017-03-20,-0.010884353741496544
2017-03-21,-0.0061898211829436445
2017-03-22,-0.00692041522491349
2017-03-23,-0.0055749128919860835
2017-03-24,-0.0014015416958654825
2017-03-27,-0.0014035087719298511
2017-03-28,0.005621925509486925
2017-03-29,0.002096436058700135
2017-03-30,-0.002789400278940035
2017-03-31,0.018881118881118875
2017-04-03,0.009608785175017065
2017-04-04,-0.01291638341264445
2017-04-05,0.004820936639118534
2017-04-06,-0.010966415352981485
2017-04-07,-0.0034650034650034467
2017-04-10,0.020862308762169768
2017-04-11,-0.0013623978201634523
2017-04-12,0.006821282401091366
2017-04-13,0.005420054200542035
2017-04-17,-0.0121293800539084
2017-04-18,-0.012960436562073685
2017-04-19,0.0
2017-04-20,-0.011057360055286791
2017-04-21,-0.002096436058700246
2017-04-24,0.006302521008403339
2017-04-25,0.016005567153792644
2017-04-26,-0.016438356164383605
2017-04-27,0.008356545961002881
2017-04-28,-0.011049723756906049
2017-05-01,0.03142458100558665
2017-05-02,-0.014218009478673022
2017-05-03,0.006181318681318659
2017-05-04,-0.022525597269624553
2017-05-05,0.010474860335195624
2017-05-08,-0.013821700069108545
2017-05-09,0.0042046250875964475
2017-05-10,0.01953942777390094
2017-05-11,-0.013004791238877433
2017-05-12,0.0034674063800277377
2017-05-15,0.016586040082930298
2017-05-16,0.0
2017-05-17,0.010197144799456215
2017-05-18,-0.014804845222072704
2017-05-19,0.01775956284153013
2017-05-22,0.006711409395973256
2017-05-23,-0.014666666666666717
2017-05-24,0.0047361299052774974
2017-05-25,-0.005387205387205385
2017-05-26,0.01354096140826
2017-05-30,-0.019372077488309936
2017-05-31,0.013623978201634968
2017-06-01,-0.0040322580645161255
2017-06-02,0.006072874493927127
2017-06-05,0.0006706908115359234
2017-06-06,0.011394101876675666
2017-06-07,0.01988071570576544
2017-06-08,0.002599090318388564
2017-06-09,0.005184705119896327
2017-06-12,-0.027079303675048405
2017-06-13,0.00994035785288272
2017-06-14,-0.01049868766404205
2017-06-15,0.006631299734747964
2017-06-16,0.011857707509881354
2017-06-19,-0.02278645833333337
2017-06-20,-0.013990672884743538
2017-06-21,-0.0033783783783783994
2017-06-22,-0.01627118644067793
2017-06-23,-0.013783597518952417
2017-06-26,0.0034940600978337066
2017-06-27,0.0006963788300835549
2017-06-28,-0.00695894224077942
2017-06-29,0.008409250175192673
2017-06-30,0.029881862404447457
2017-07-03,0.020242914979757165
2017-07-05,0.009920634920634885
2017-07-06,-0.003929273084479323
2017-07-07,0.005259697567389976
2017-07-10,0.024852844996729795
2017-07-11,0.0012763241863433805
2017-07-12,-0.040790312300828524
2017-07-13,-0.04053156146179404
2017-07-14,0.011772853185595622
2017-07-17,0.026694045174537884
2017-07-18,0.005333333333333412
2017-07-19,0.01458885941644561
2017-07-20,0.022222222222222143
2017-07-21,-0.028772378516624064
2017-07-24,-0.006583278472679366
2017-07-25,-0.022531477799867417
2017-07-26,0.010847457627118695
2017-07-27,0.004024144869215318
2017-07-28,0.0
2017-07-31,-0.009352037408149605
2017-08-01,-0.022252191503708718
2017-08-02,0.006896551724137945
2017-08-03,-0.004109589041095929
2017-08-04,0.008253094910591452
2017-08-07,0.01568894952251032
2017-08-08,-0.006715916722632609
2017-08-09,0.006761325219743153
2017-08-10,-0.040295500335795875
2017-08-11,0.009797060881735487
2017-08-14,0.00554400554400547
2017-08-15,-0.020675396278428626
2017-08-16,-0.007741027445460902
2017-08-17,-0.005673758865248235
2017-08-18,0.004279600570613384
2017-08-21,-0.008522727272727293
2017-08-22,-0.008595988538681931
2017-08-23,-0.011560693641618491
2017-08-24,0.0
2017-08-25,-0.009502923976608235
2017-08-28,-0.00811808118081181
2017-08-29,-0.007440476190476164
2017-08-30,-0.01199400299850073
2017-08-31,0.038694992412746654
2017-09-01,-0.006574141709276837
2017-09-05,0.012499999999999956
2017-09-06,0.007988380537400142
2017-09-07,-0.015129682997118143
2017-09-08,0.007315288953913646
2017-09-11,0.0036310820624545492
2017-09-12,-0.01591895803183796
2017-09-13,-0.004411764705882337
2017-09-14,0.009601181683899451
2017-09-15,0.038039502560351046
2017-09-18,-0.009161381254404466
2017-09-19,-0.009246088193456625
2017-09-20,0.005025125628140614
2017-09-21,0.0007142857142856673
2017-09-22,0.009279086366880795
2017-09-25,0.0007072135785006761
2017-09-26,-0.004240282685512353
2017-09-27,0.004968062455642297
2017-09-28,-0.004237288135593209
2017-09-29,0.007801418439716379
2017-10-02,-0.010555946516537684
2017-10-03,-0.005689900426742556
2017-10-04,-0.003576537911301858
2017-10-05,0.003589375448671994
2017-10-06,0.0014306151645206988
2017-10-09,-0.0014285714285714457
2017-10-10,-0.0007153075822603494
2017-10-11,-0.009305654974946287
2017-10-12,0.00867052023121384
2017-10-13,0.010744985673352359
2017-10-16,-0.006378454996456395
2017-10-17,-0.0014265335235378318
2017-10-18,-0.004285714285714337
2017-10-19,0.0014347202295552641
2017-10-20,-0.012893982808022897
2017-10-23,0.019593613933236664
2017-10-24,0.004270462633451988
2017-10-25,-0.0049610205527994555
2017-10-26,-0.0014245014245014564
2017-10-27,-0.004992867332382356
2017-10-30,0.0
2017-10-31,-0.008602150537634357
2017-11-01,0.007230657989877098
2017-11-02,0.006460875807609456
2017-11-03,-0.006419400855920077
2017-11-06,-0.000717875089734421
2017-11-07,-0.0007183908045976795
2017-11-08,0.0014378145219267058
2017-11-09,-0.01938262742282848
2017-11-10,0.005856515373352744
2017-11-13,-0.00363901018922852
2017-11-14,-0.013878743608473298
2017-11-15,0.0022222222222221255
2017-11-16,-0.005173688100517326
2017-11-17,0.019316493313521477
2017-11-20,0.005830903790087438
2017-11-21,0.0
2017-11-22,0.0007246376811593791
2017-11-24,-0.00868935553946415
2017-11-27,-0.010226442658875068
2017-11-28,-0.0073800738007380184
2017-11-29,0.008178438661710086
2017-11-30,0.008112094395280156
2017-12-01,0.008778346744696464
2017-12-04,-0.015228426395939132
2017-12-05,0.0007363770250368162
2017-12-06,-0.0014716703458425018
2017-12-07,-0.0014738393515106862
2017-12-08,0.0036900369003689537
2017-12-11,-0.010294117647058787
2017-12-12,-0.0022288261515601704
2017-12-13,0.0029784065524944836
2017-12-14,-0.0014847809948033142
2017-12-15,0.03345724907063197
2017-12-18,-0.0014388489208633226
2017-12-19,0.0014409221902016434
2017-12-20,0.005035971223021685
2017-12-21,0.005726556907659219
2017-12-22,0.002135231316725994
2017-12-26,0.0021306818181818787
2017-12-27,0.0028348688873138794
2017-12-28,-0.004946996466431042
2017-12-29,-0.0035511363636363535
2018-01-02,0.0071275837491091565
2018-01-03,-0.0007077140835102247
2018-01-04,-0.005665722379603388
2018-01-05,0.0007122507122507837
2018-01-08,-0.011387900355871894
2018-01-09,0.005039596832253412
2018-01-10,0.0
2018-01-11,-0.0007163323782235498
2018-01-12,-0.007168458781361964
2018-01-16,0.005776173285198638
2018-01-17,0.013639626704953445
2018-01-18,-0.004249291784702569
2018-01-19,0.002844950213371167
2018-01-22,-0.0014184397163120588
2018-01-23,-0.0021306818181817677
2018-01-24,0.014946619217081958
2018-01-25,-0.003506311360448766
2018-01-26,0.0035186488388458947
2018-01-29,0.006311360448807868
2018-01-30,0.0076655052264809065
2018-01-31,0.0
2018-02-01,0.0006915629322268302
2018-02-02,-0.0006910850034553828
2018-02-05,-0.007607192254495132
2018-02-06,0.013240418118466879
2018-02-07,0.004814305364511773
2018-02-08,0.001368925393566034
2018-02-09,-0.01025290498974707
2018-02-12,0.013812154696132506
2018-02-13,-0.0006811989100817817
2018-02-14,0.0013633265167007913
2018-02-15,0.001361470388019148
2018-02-16,-0.0006798096532970588
2018-02-20,-0.0054421768707483276
2018-02-21,0.0006839945280436854
2018-02-22,0.002734107997265811
2018-02-23,-0.0013633265167007913
2018-02-26,0.006143344709897525
2018-02-27,0.005427408412483015
2018-02-28,0.010796221322537214
2018-03-01,0.011348464619492571
2018-03-02,-0.003960396039603964
2018-03-05,0.002650762094102088
2018-03-06,0.00396563119629878
2018-03-07,-0.0013166556945358732
2018-03-08,0.01713909030982208
2018-03-09,-0.0071289695398574215
2018-03-12,0.0032637075718016106
2018-03-13,0.003253090435914041
2018-03-14,-0.005188067444876765
2018-03-15,0.008474576271186418
2018-03-16,-0.010342598577892659
2018-03-19,-0.020248203788373664
2018-03-20,-0.0013333333333332975
2018-03-21,0.001335113484646211
2018-03-22,0.002666666666666595
2018-03-23,0.0033244680851063357
2018-03-26,-0.008614976805831676
2018-03-27,0.0
2018-03-28,-0.0013368983957219305
2018-03-29,0.0381526104417671
2018-04-02,-0.0012894906511927706
2018-04-03,0.0032278889606196515
2018-04-04,-0.019305019305019266
2018-04-05,0.022309711286089273
2018-04-06,-0.0025673940949936247
2018-04-09,0.005791505791505891
2018-04-10,-0.0038387715930902067
2018-04-11,-0.005780346820809301
2018-04-12,0.004521963824289488
2018-04-13,-0.006430868167202619
2018-04-16,-0.009708737864077666
2018-04-17,-0.00588235294117645
2018-04-18,0.007232084155161189
2018-04-19,-0.0026109660574412663
2018-04-20,-0.014397905759162333
2018-04-23,0.005312084993359889
2018-04-24,0.007265521796565366
2018-04-25,0.013770491803278606
2018-04-26,-0.001293661060802087
2018-04-27,0.0090673575129534
2018-04-30,0.007702182284980763
2018-05-01,0.010828025477707115
2018-05-02,-0.001890359168241984
2018-05-03,0.008838383838383868
2018-05-04,-0.001877346683354153
2018-05-07,-0.01379310344827589
2018-05-08,0.005721551176096629
2018-05-09,-0.0018963337547408532
2018-05-10,0.0
2018-05-11,-0.01266624445851805
2018-05-14,-0.0019243104554201862
2018-05-15,0.03406169665809777
2018-05-16,-0.007458048477315127
2018-05-17,-0.010018785222291826
2018-05-18,0.01834282099936746
2018-05-21,0.0006211180124222615
2018-05-22,0.004965859714463061
2018-05-23,0.009264978381717137
2018-05-24,-0.01040391676866581
2018-05-25,0.0043290043290042934
2018-05-29,-0.014778325123152691
2018-05-30,-0.016249999999999987
2018-05-31,0.0012706480304955914
2018-06-01,-0.006345177664974666
2018-06-04,-0.027458492975734328
2018-06-05,0.007879185817465606
2018-06-06,-0.014332247557003241
2018-06-07,-0.005287508261731633
2018-06-08,0.003986710963455042
2018-06-11,-0.027796161482462
2018-06-12,0.02791014295439065
2018-06-13,-0.003973509933774877
2018-06-14,-0.034574468085106336
2018-06-15,-0.004820936639118423
2018-06-18,-0.01453287197231834
2018-06-19,-0.006320224719101097
2018-06-20,0.001413427561837377
2018-06-21,0.007762879322512406
2018-06-22,0.0007002801120448154
2018-06-25,-0.01889433170048982
2018-06-26,0.005706134094151105
2018-06-27,0.0
2018-06-28,-0.021276595744680882
2018-06-29,0.01521739130434785
2018-07-02,-0.036402569593147804
2018-07-03,0.015555555555555545
2018-07-05,0.002188183807439792
2018-07-06,0.024017467248908186
2018-07-09,-0.017057569296375252
2018-07-10,-0.017353579175705014
2018-07-11,-0.025018395879323085
2018-07-12,0.01584905660377367
2018-07-13,-0.01857355126300153
2018-07-16,0.03482210446631351
2018-07-17,0.013167520117044695
2018-07-18,0.002888086642599319
2018-07-19,0.011519078473722022
2018-07-20,0.011387900355871894
2018-07-23,0.005629838142153343
2018-07-24,-0.01469559132260323
2018-07-25,0.02059659090909083
2018-07-26,0.006263048016701411
2018-07-27,0.0013831258644536604
2018-07-30,0.014502762430939287
2018-07-31,0.013614703880190593
2018-08-01,-0.019476158495634666
2018-08-02,0.004794520547945158
2018-08-03,0.008179959100204526
2018-08-06,0.0033806626098715764
2018-08-07,-0.0006738544474393926
2018-08-08,0.0013486176668915384
2018-08-09,-0.005387205387205385
2018-08-10,-0.03114421123899802
2018-08-13,-0.0034940600978337066
2018-08-14,0.016129032258064502
2018-08-15,-0.0020703933747412417
2018-08-16,0.010373443983402453
2018-08-17,-0.002737850787132068
2018-08-20,-0.006177076183939589
2018-08-21,-0.006215469613259694
2018-08-22,-0.020152883947185507
2018-08-23,-0.01631205673758862
2018-08-24,0.005046863734679219
2018-08-27,-0.005021520803443313
2018-08-28,-0.016582552271088735
2018-08-29,0.0007331378299120228
2018-08-30,-0.00073260073260073
2018-08-31,0.029325513196480912
2018-09-04,0.009971509971509862
2018-09-05,-0.007757404795486589
2018-09-06,0.004975124378109541
2018-09-07,0.0021216407355020284
2018-09-10,0.003528581510232831
2018-09-11,-0.0007032348804500987
2018-09-12,-0.03870513722730473
2018-09-13,-0.015373352855051259
2018-09-14,0.0022304832713755385
2018-09-17,0.03264094955489605
2018-09-18,-0.013649425287356354
2018-09-19,0.007283321194464731
2018-09-20,0.01952277657266821
2018-09-21,0.013475177304964614
2018-09-24,0.009097270818754444
2018-09-25,0.009015256588072118
2018-09-26,-0.0020618556701030855
2018-09-27,0.004820936639118534
2018-09-28,-0.023303632625085724
2018-10-01,0.026666666666666616
2018-10-02,0.004784688995215225
2018-10-03,-0.007482993197278964
2018-10-04,0.007539410555174708
2018-10-05,0.0020408163265306367
2018-10-08,-0.004752206381534285
2018-10-09,-0.00545702592087316
2018-10-10,-0.004801097393689946
2018-10-11,0.01791867677463821
2018-10-12,0.012186865267433955
2018-10-15,0.012040133779264162
2018-10-16,-0.007931262392597449
2018-10-17,-0.0026648900732845204
2018-10-18,-0.009352037408149605
2018-10-19,-0.01011463250168576
2018-10-22,0.006811989100817373
2018-10-23,0.002029769959404515
2018-10-24,-0.00540175557056044
2018-10-25,-0.019687712152070658
2018-10-26,0.018698060941828354
2018-10-29,-0.002719238613188346
2018-10-30,-0.005453306066803054
2018-10-31,-0.004112405757368043
2018-11-01,0.009635237439779676
2018-11-02,0.012269938650306678
2018-11-05,0.007407407407407307
2018-11-06,-0.00200534759358284
2018-11-07,-0.0026791694574681557
2018-11-08,0.00335795836131636
2018-11-09,-0.010040160642570295
2018-11-12,0.0040567951318457585
2018-11-13,-0.012794612794612803
2018-11-14,0.0013642564802183177
2018-11-15,0.0013623978201635634
2018-11-16,-0.007482993197278964
2018-11-19,-0.006854009595613442
2018-11-20,-0.002760524499654915
2018-11-21,0.0013840830449827202
2018-11-23,-0.007601935038009655
2018-11-26,-0.00835654596100277
2018-11-27,0.001404494382022392
2018-11-28,0.011220196353436185
2018-11-29,-0.0006934812760055475
2018-11-30,0.017349063150589927
2018-12-03,0.012960436562073685
2018-12-04,0.008080808080808133
2018-12-06,-0.006012024048096198
2018-12-07,0.005376344086021501
2018-12-10,0.0006684491978610207
2018-12-11,0.002004008016031955
2018-12-12,0.0033333333333334103
2018-12-13,-0.001993355481727521
2018-12-14,0.0033288948069241098
2018-12-19,0.013271400132714106
2018-12-20,-0.017026850032743956
2018-12-21,0.008660892738174608
2018-12-24,-0.0019815059445178473
2018-12-26,-0.01191264063534081
2018-12-27,0.0033489618218351946
2018-12-28,0.002670226969292422
2018-12-31,-0.0013315579227696217
2019-01-02,0.0020000000000000018
2019-01-03,0.010645375914837052
2019-01-04,0.008558262014483287
2019-01-07,-0.001958224543080922
2019-01-08,-0.005886200130804431
2019-01-09,0.0052631578947368585
2019-01-10,-0.015052356020942459
2019-01-11,0.0053156146179402786
2019-01-14,0.0006609385327165374
2019-01-15,-0.01915455746367234
2019-01-16,0.007407407407407307
2019-01-17,0.016042780748663166
2019-01-18,0.004605263157894779
2019-01-22,-0.007203667321545537
2019-01-23,-0.0006596306068601399
2019-01-24,-0.0046204620462045876
2019-01-25,0.008620689655172376
2019-01-28,-0.0013149243918474385
2019-01-29,-0.006583278472679366
2019-01-30,0.01060304837640813
2019-01-31,-0.012459016393442601
2019-02-01,0.004648074369189903
2019-02-04,0.0026437541308659274
2019-02-05,0.0039551746868820015
2019-02-06,-0.001969796454366346
2019-02-07,-0.009210526315789447
2019-02-08,-0.005976095617529875
2019-02-11,-0.004008016032064132
2019-02-12,0.014755197853789426
2019-02-13,0.0013218770654328527
2019-02-14,-0.010561056105610533
2019-02-15,0.0
2019-02-19,-0.013342228152101399
2019-02-20,0.0027045300878971723
2019-02-21,0.012811867835468727
2019-02-22,-0.0006657789613848664
2019-02-25,-0.012658227848101222
2019-02-26,-0.011470985155195734
2019-02-27,-0.0068259385665528916
2019-02-28,-0.004810996563573866
2019-03-01,0.005524861878453136
2019-03-04,0.0027472527472527375
2019-03-05,0.00273972602739736
2019-03-06,-0.0095628415300546
2019-03-07,-0.017931034482758568
2019-03-08,-0.0035112359550562022
2019-03-11,-0.006342494714587699
2019-03-12,0.01134751773049647
2019-03-13,0.0021037868162692153
2019-03-14,0.011896431070678837
2019-03-15,0.03250345781466124
2019-03-18,-0.0046885465505692725
2019-03-19,-0.0006729475100941684
2019-03-20,0.0006734006734006037
2019-03-21,0.012786002691790088
2019-03-22,0.0053156146179402786
2019-03-25,0.00396563119629878
2019-03-26,-0.006583278472679366
2019-03-27,-0.009277667329357198
2019-03-28,0.0006688963210701449
2019-03-29,-0.046791443850267345
2019-04-01,0.014726507713884951
2019-04-02,-0.0006910850034553828
2019-04-03,0.003457814661134151
2019-04-04,0.00689179875947632
2019-04-05,-0.007529089664613298
2019-04-08,-0.006896551724137945
2019-04-09,0.0
2019-04-10,0.004861111111111205
2019-04-11,-0.004837595024188013
2019-04-12,0.002777777777777768
2019-04-15,0.00484764542936289
2019-04-16,-0.010337698139214369
2019-04-17,-0.002089136490250665
2019-04-18,0.0006978367062107083
2019-04-22,-0.010460251046025104
2019-04-23,-0.009866102889358741
2019-04-24,-0.012811387900355853
2019-04-25,0.00216294160057684
2019-04-26,0.010791366906474753
2019-04-29,0.002135231316725994
2019-04-30,0.0035511363636364646
2019-05-01,0.019108280254777066
2019-05-02,0.005555555555555536
2019-05-03,0.0027624309392264568
2019-05-06,-0.01997245179063356
2019-05-07,0.006324666198172846
2019-05-08,-0.007681564245810013
2019-05-09,-0.030260380014074606
2019-05-10,-0.005805515239477477
2019-05-13,0.014598540145985384
2019-05-14,0.037410071942445944
2019-05-15,0.02496532593619971
2019-05-16,0.025710419485791558
2019-05-17,0.01121372031662271
2019-05-20,0.015003261578603988
2019-05-21,0.013496143958869
2019-05-22,0.0006341154090043766
2019-05-23,-0.012040557667934104
2019-05-24,0.037203335471456045
2019-05-28,0.039579468150896746
2019-05-29,-0.0035693039857227493
2019-05-30,0.04179104477611939
2019-05-31,-0.021203438395415497
2019-06-03,-0.0064402810304449165
2019-06-04,0.0023571007660576626
2019-06-05,-0.024691358024691357
2019-06-06,0.013863773357444265
2019-06-07,-0.011296076099881147
2019-06-10,0.0
2019-06-11,0.028863499699338435
2019-06-12,0.005260081823495133
2019-06-13,0.027906976744185963
2019-06-14,0.02488687782805421
2019-06-17,0.003863134657836609
2019-06-18,-0.010995052226498103
2019-06-19,-0.01945525291828798
2019-06-20,0.020408163265306145
2019-06-21,-0.01722222222222225
2019-06-24,0.010175240248728068
2019-06-25,0.0016787912702853625
2019-06-26,-0.009497206703910632
2019-06-27,-0.007332205301748496
2019-06-28,-0.04488636363636367
2019-07-01,-0.019631171921475343
2019-07-02,0.00364077669902918
2019-07-03,0.047158403869407506
2019-07-05,0.002309468822170979
2019-07-08,0.010368663594469973
2019-07-09,-0.015393386545039855
2019-07-10,0.0057903879559930704
2019-07-11,0.031088082901554515
2019-07-12,0.003908431044109539
2019-07-15,-0.018909899888765347
2019-07-16,-0.0130385487528345
2019-07-17,0.001723147616312426
2019-07-18,-0.026376146788990806
2019-07-19,0.01472320376914027
2019-07-22,-0.019733023795705185
2019-07-23,0.007696862048549358
2019-07-24,-0.003525264394829586
2019-07-25,-0.01297169811320753
2019-07-26,-0.009557945041816063
2019-07-29,0.006031363088057962
2019-07-30,-0.013788968824940073
2019-07-31,-0.0267477203647416
2019-08-01,-0.01873828856964399
2019-08-02,0.017186505410566433
2019-08-05,0.014392991239048802
2019-08-06,-0.0030845157310301907
2019-08-07,0.006188118811881083
2019-08-08,0.011070110701107083
2019-08-09,-0.0018248175182481452
2019-08-12,-0.06093845216331506
2019-08-13,-0.04996755353666449
2019-08-14,-0.01912568306010931
2019-08-15,0.004874651810584885
2019-08-16,0.028413028413028396
2019-08-19,-0.016172506738544423
2019-08-20,-0.015068493150684925
2019-08-21,0.008344923504867818
2019-08-22,0.00206896551724145
2019-08-23,-0.009635237439779787
2019-08-26,-0.0034746351633078154
2019-08-27,-0.004184100418409997
2019-08-28,0.016106442577030755
2019-08-29,-0.008270158511371473
2019-08-30,-0.00486448922863103
2019-09-03,-0.02304469273743015
2019-09-04,-0.010721944245889903
2019-09-05,0.0014450867052022698
2019-09-06,-0.011544011544011523
2019-09-09,-0.005109489051094873
2019-09-10,0.022743947175348556
2019-09-11,-0.0007173601147776321
2019-09-12,0.01794687724335975
2019-09-13,0.0028208744710860323
2019-09-16,0.05203938115330531
2019-09-17,-0.016042780748663055
2019-09-18,0.008831521739130377
2019-09-19,0.004040404040404066
2019-09-20,-0.005365526492287054
2019-09-23,0.006743088334457248
2019-09-24,0.004018754186202234
2019-09-25,-0.0013342228152101177
2019-09-26,-0.004676018704074858
2019-09-27,-0.0026845637583892135
2019-09-30,0.044414535666218
2019-10-01,0.011597938144329856
2019-10-02,-0.012101910828025475
2019-10-03,0.0025789813023855412
2019-10-04,-0.01028938906752408
2019-10-07,0.005847953216374213
2019-10-08,0.022609819121446995
2019-10-09,-0.0037902716361338795
2019-10-10,-0.03551046290424853
2019-10-11,0.046022353714661346
2019-10-14,0.0
2019-10-15,-0.011313639220616012
2019-10-16,-0.0038143674507310488
2019-10-17,0.007657945118060061
2019-10-18,-0.00949968334388851
2019-10-21,-0.009590792838874651
2019-10-22,0.0019367333763717909
2019-10-23,-0.0006443298969072142
2019-10-24,-0.0025789813023855412
2019-10-25,0.0
2019-10-28,-0.007110536522301203
2019-10-29,0.005859375
2019-10-30,0.011650485436893288
2019-10-31,-0.0019193857965451588
2019-11-01,-0.0019230769230769162
2019-11-04,-0.015414258188824692
2019-11-05,-0.003913894324853229
2019-11-06,-0.007858546168958758
2019-11-07,-0.009240924092409286
2019-11-08,0.005329780146569041
2019-11-11,-0.010603048376408242
2019-11-12,0.012056262558606923
2019-11-13,-0.006618133686300487
2019-11-14,0.0013324450366423157
2019-11-15,-0.0119760479041916
2019-11-18,-0.009427609427609451
2019-11-19,0.00611828687967364
2019-11-20,-0.00878378378378375
2019-11-21,0.0047716428084525475
2019-11-22,0.0006784260515604323
2019-11-25,0.004745762711864332
2019-11-26,-0.0080971659919028
2019-11-27,-0.01292517006802718
2019-11-29,0.023432115782219265
2019-12-02,0.0060606060606061
2019-12-03,-0.004016064257028162
2019-12-04,-0.008736559139784994
2019-12-05,-0.00881355932203387
2019-12-06,0.002735978112175186
2019-12-09,-0.0020463847203274765
2019-12-10,-0.00683526999316475
2019-12-11,-0.015141087405368236
2019-12-12,0.025856044723969296
2019-12-13,-0.002043596730245234
2019-12-16,0.059385665529010145
2019-12-17,0.005154639175257714
2019-12-18,-0.007692307692307665
2019-12-19,-0.0012919896640827266
2019-12-20,0.0032341526520052177
2019-12-23,0.0025789813023855412
2019-12-24,-0.003215434083601254
2019-12-26,0.002580645161290418
2019-12-27,0.0038610038610038533
2019-12-30,-0.004487179487179471
2019-12-31,-0.0012878300064391723
2020-01-02,0.009671179883945946
2020-01-03,-0.012771392081736943
2020-01-06,-0.004527813712807194
2020-01-07,-0.0006497725795971965
2020-01-08,-0.0006501950585175997
2020-01-09,-0.002602472348731344
2020-01-10,0.006523157208088826
2020-01-13,0.009721322099805585
2020-01-14,-0.0012836970474967568
2020-01-15,-0.003856041131105381
2020-01-16,-0.030967741935483906
2020-01-17,0.03661784287616521
2020-01-21,-0.004495825305073864
2020-01-22,0.003225806451612856
2020-01-23,0.012861736334405238
2020-01-24,-0.01650793650793647
2020-01-27,-0.017430600387346673
2020-01-28,0.01576872536136653
2020-01-29,-0.005821474773609281
2020-01-30,-0.01236174365647369
2020-01-31,0.004611330698287119
2020-02-03,-0.006557377049180357
2020-02-04,0.009240924092409175
2020-02-05,-0.003924133420536324
2020-02-06,-0.003939592908732803
2020-02-07,0.011206328279498967
2020-02-10,-0.0045632333767926525
2020-02-11,-0.0052390307793058755
2020-02-12,0.008558262014483287
2020-02-13,-0.009138381201044377
2020-02-14,-0.00461133069828723
2020-02-18,0.013898080741231
2020-02-19,-0.00652741514360311
2020-02-20,-0.005256241787122251
2020-02-21,-0.003963011889035695
2020-02-24,-0.012599469496021198
2020-02-25,0.000671591672263272
2020-02-26,-0.005369127516778538
2020-02-27,-0.01619433198380571
2020-02-28,0.005486968449931462
2020-03-02,0.022510231923601687
2020-03-03,0.01867911941294187
2020-03-04,0.013752455795677854
2020-03-05,-0.006459948320413411
2020-03-06,-0.01885565669700906
2020-03-09,-0.007952286282306154
2020-03-10,0.015364061456245803
2020-03-11,-0.0019736842105263497
2020-03-12,-0.025049439683585972
2020-03-13,0.0027045300878971723
2020-03-16,-0.04315576534052601
2020-03-17,-0.030303030303030276
2020-03-18,-0.025436046511627897
2020-03-19,0.030574198359433202
2020-03-20,-0.00506512301013029
2020-03-23,-0.0007272727272726875
2020-03-24,0.01091703056768556
2020-03-25,0.003599712023038215
2020-03-26,0.0007173601147776321
2020-03-27,-0.007885304659498216
2020-03-30,-0.013728323699422007
2020-03-31,-0.00146520146520146
2020-04-01,-0.017608217168011753
2020-04-02,-0.0037341299477221535
2020-04-03,-0.008245877061469287
2020-04-06,-0.009070294784580546
2020-04-07,0.011441647597254079
2020-04-08,-0.004524886877828038
2020-04-09,0.005303030303030365
2020-04-13,-0.0007535795026375469
2020-04-14,-0.016591251885369585
2020-04-15,-0.020705521472392685
2020-04-16,0.001566170712607784
2020-04-17,0.007818608287724738
2020-04-20,-0.024825446082234248
2020-04-21,-0.015910898965791564
2020-04-22,0.02667744543249806
2020-04-23,0.005511811023622082
2020-04-24,-0.01096319498825371
2020-04-27,-0.03246239113222482
2020-04-28,-0.009001636661211121
2020-04-29,0.005780346820809301
2020-04-30,0.02298850574712641
2020-05-01,0.0
2020-05-04,-0.0024077046548957037
2020-05-05,0.007240547063555924
2020-05-06,-0.003993610223642197
2020-05-07,0.013632718524458687
2020-05-08,0.009493670886076
2020-05-11,-0.0015673981191222097
2020-05-12,0.016483516483516425
2020-05-13,-0.010810810810810811
2020-05-14,0.0
2020-05-15,-0.0031225604996096834
2020-05-18,0.00469851213782313
2020-05-19,0.001558846453624252
2020-05-20,-0.005447470817120603
2020-05-21,-0.005477308294209671
2020-05-22,0.0007867820613689513
2020-05-26,0.003144654088050425
2020-05-27,0.004702194357366851
2020-05-28,0.021840873634945357
2020-05-29,-0.005343511450381699
2020-06-01,-0.007674597083653145
2020-06-02,0.0030935808197989356
2020-06-03,-0.0007710100231302919
2020-06-04,0.015432098765432167
2020-06-05,0.006838905775075954
2020-06-08,0.007547169811320753
2020-06-09,-0.01872659176029967
2020-06-10,-0.003816793893129722
2020-06-11,0.01072796934865905
2020-06-12,0.0007581501137225999
2020-06-15,-0.002272727272727315
2020-06-16,-0.0007593014426727773
2020-06-17,0.0037993920972645423
2020-06-18,0.002271006813020504
2020-06-19,0.004531722054380571
2020-06-22,-0.012781954887218006
2020-06-23,-0.00990099009900991
2020-06-24,-0.002307692307692344
2020-06-25,-0.021588280647648395
2020-06-26,-0.0007880220646178104
2020-06-29,0.02917981072555209
2020-06-30,0.037547892720306564
2020-07-01,0.028803545051698576
2020-07-02,-0.016511127063890907
2020-07-06,0.011678832116788218
2020-07-07,-0.0043290043290042934
2020-07-08,0.009420289855072372
2020-07-09,0.008614501076812608
2020-07-10,-0.03060498220640573
2020-07-13,-0.019089574155653488
2020-07-14,0.002245508982035904
2020-07-15,-0.025392083644510843
2020-07-16,0.012260536398467359
2020-07-17,0.00832702498107496
2020-07-20,-0.014264264264264304
2020-07-21,-0.016755521706016796
2020-07-22,0.014717273431448463
2020-07-23,0.0015267175572519776
2020-07-24,-0.005335365853658569
2020-07-27,-0.003831417624521105
2020-07-28,-0.01538461538461533
2020-07-29,-0.014062499999999978
2020-07-30,0.0007923930269413404
2020-07-31,0.0007917656373712667
2020-08-03,0.004746835443038
2020-08-04,-0.029133858267716528
2020-08-05,0.008921330089213253
2020-08-06,0.000803858520900258
2020-08-07,-0.011244979919678766
2020-08-10,0.008935824532900094
2020-08-11,0.0032206119162641045
2020-08-12,0.009630818619582593
2020-08-13,0.03418124006359302
2020-08-14,-0.002305918524212136
2020-08-17,0.02003081664098616
2020-08-18,-0.012084592145015116
2020-08-19,-0.006116207951070374
2020-08-20,-0.0015384615384614886
2020-08-21,0.007704160246533087
2020-08-24,0.014525993883792054
2020-08-25,0.027128862094951023
2020-08-26,-0.0007336757153337814
2020-08-27,0.011013215859030812
2020-08-28,0.005083514887436413
2020-08-31,0.007225433526011571
2020-09-01,0.0028694404591105283
2020-09-02,0.0007153075822603494
2020-09-03,-0.015010721944245908
2020-09-04,0.007982583454281489
2020-09-08,0.010799136069114423
2020-09-09,-0.002849002849002802
2020-09-10,0.020714285714285685
2020-09-11,0.021693491952414323
2020-09-14,-0.020547945205479423
2020-09-15,0.023776223776223793
2020-09-16,0.015710382513661303
2020-09-17,0.00941492938802968
2020-09-18,0.008660892738174608
2020-09-21,-0.023117569352708034
2020-09-22,-0.0013522650439485862
2020-09-23,-0.0020311442112389555
2020-09-24,-0.013568521031207648
2020-09-25,0.004814305364511773
2020-09-28,0.004106776180698102
2020-09-29,-0.005453306066803054
2020-09-30,0.03906785469499652
2020-10-01,0.009894459102902431
2020-10-02,-0.007838014369693003
2020-10-05,-0.0006583278472679366
2020-10-06,0.01449275362318847
2020-10-07,0.009740259740259827
2020-10-08,-0.004501607717041778
2020-10-09,0.02067183462532296
2020-10-12,-0.015189873417721489
2020-10-13,0.005784061696658016
2020-10-14,0.013418530351437807
2020-10-15,0.01828499369482972
2020-10-16,-0.004334365325077361
2020-10-19,0.008084577114427782
2020-10-20,0.008636644046884578
2020-10-21,0.012232415902140747
2020-10-22,0.0060422960725075026
2020-10-23,0.007207207207207134
2020-10-26,-0.003577817531305927
2020-10-27,-0.00418910831837227
2020-10-28,-0.034855769230769273
2020-10-29,-0.007471980074719831
2020-10-30,0.0
2020-11-02,-0.0025094102885822034
2020-11-03,0.008805031446540879
2020-11-04,0.010598503740648413
2020-11-05,0.009870450339296788
2020-11-06,-0.00610873549175317
2020-11-09,0.0018438844499077955
2020-11-10,0.03803680981595092
2020-11-11,-0.013593380614657202
2020-11-12,-0.02156980227681249
2020-11-13,0.005511328842620955
2020-11-16,0.014007308160779441
2020-11-17,0.00960960960960966
2020-11-18,0.013087447947650155
2020-11-19,-0.007633587786259555
2020-11-20,0.0017751479289940253
2020-11-23,0.007678676904902648
2020-11-24,-0.0017584994138335475
2020-11-25,-0.01350557839107458
2020-11-27,0.013095238095238049
2020-11-30,-0.013513513513513487
2020-12-01,-0.0119118522930316
2020-12-02,0.010247136829415249
2020-12-03,0.00835322195704058
2020-12-04,-0.013017751479289963
2020-12-07,0.005995203836930418
2020-12-08,-0.005959475566150174
2020-12-09,0.011990407673860837
2020-12-10,-0.00414691943127965
2020-12-11,0.009518143961927406
2020-12-14,-0.011785503830288757
2020-12-15,0.013118664281454917
2020-12-16,0.005885815185403098
2020-12-17,0.012287887653598561
2020-12-18,0.011560693641618602
2020-12-21,0.005714285714285783
2020-12-22,0.007954545454545547
2020-12-23,0.008455467869222133
2020-12-24,0.008384572386808342
2020-12-28,0.012195121951219523
2020-12-29,0.020810514786418377
2020-12-30,0.018240343347639465
2020-12-31,0.02002107481559534
2021-01-04,-0.0005165289256198191
2021-01-05,0.016537467700258324
2021-01-06,0.0066090493136756745
2021-01-07,-0.002020202020202033
2021-01-08,0.0045546558704452345
2021-01-11,-0.008060453400503764
2021-01-12,0.05078720162519046
2021-01-13,0.014016433059448996
2021-01-14,0.018589132507149664
2021-01-15,-0.005147402901263476
2021-01-19,-0.010348071495766664
2021-01-20,-0.0076045627376425395
2021-01-21,0.004310344827586299
2021-01-22,-0.045302813543156906
2021-01-25,0.0219780219780219
2021-01-26,0.040566959921798595
2021-01-27,0.0032879286049789513
2021-01-28,0.000936329588014928
2021-01-29,0.023386342376052305
2021-02-01,0.004113345521023826
2021-02-02,-0.011379153390987717
2021-02-03,0.016574585635359185
2021-02-04,-0.0036231884057971175
2021-02-05,-0.0027272727272726893
2021-02-08,0.027803099361896066
2021-02-09,-0.013303769401330379
2021-02-10,-0.03910112359550566
2021-02-11,0.012160898035547207
2021-02-12,-0.004158964879852123
2021-02-16,0.025058004640371223
2021-02-17,0.0013580805794477513
2021-02-18,-0.00497287522603973
2021-02-19,-0.013630168105406626
2021-02-22,0.01520036849378159
2021-02-23,0.004990925589836603
2021-02-24,0.009932279909706576
2021-02-25,-0.008046490835941
2021-02-26,0.0013519603424965165
2021-03-01,-0.014401440144014455
2021-03-02,0.024200913242009126
2021-03-03,-0.018724921979491715
2021-03-04,-0.007269422989550245
2021-03-05,0.028832951945080065
2021-03-08,0.005338078291814874
2021-03-09,-0.005309734513274322
2021-03-10,-0.025355871886120984
2021-03-11,0.013235965312642595
2021-03-12,-0.010360360360360366
2021-03-15,0.000455166135639562
2021-03-16,0.008644222020018244
2021-03-17,0.006765899864682012
2021-03-18,-0.020609318996415715
2021-03-19,0.020585544373284526
2021-03-22,-0.015688032272523578
2021-03-23,0.004098360655737654
2021-03-24,0.0036281179138322184
2021-03-25,-0.012200632625395391
2021-03-26,0.010978956999085021
2021-03-29,-0.010407239819004488
2021-03-30,-0.013717421124828544
2021-03-31,0.046360686138154916
2021-04-01,-0.007975188303057101
2021-04-05,-0.011612326931665917
2021-04-06,0.0018075011296883048
2021-04-07,0.011276499774470095
2021-04-08,0.0343443354148083
2021-04-09,-0.00431220353600692
2021-04-12,-0.01429190125595492
2021-04-13,0.019332161687170446
2021-04-14,0.024137931034482696
2021-04-15,-0.006734006734006703
2021-04-16,-0.007627118644067843
2021-04-19,0.01110162254483349
2021-04-20,0.0244932432432432
2021-04-21,0.031327287716405694
2021-04-22,0.03996802557953627
2021-04-23,0.00768639508070712
2021-04-26,0.038138825324180115
2021-04-27,0.02204261572373256
2021-04-28,-0.013299784327821751
2021-04-29,0.022950819672131084
2021-04-30,0.054131054131054235
2021-05-03,-0.010472972972973005
2021-05-04,0.01707067258449979
2021-05-05,0.011413225914736591
2021-05-06,0.008297378028542912
2021-05-07,0.017445687952600375
2021-05-10,-0.03202846975088969
2021-05-11,0.015374331550802145
2021-05-12,-0.0026333113890717463
2021-05-13,-0.050825082508250796
2021-05-14,-0.04728789986091797
2021-05-17,-0.04744525547445255
2021-05-18,0.008812260536398497
2021-05-19,0.0
2021-05-20,0.009494872768704976
2021-05-21,-0.007524454477050413
2021-05-24,-0.0034116755117513664
2021-05-25,-0.05629516926588052
2021-05-26,0.006852075775896749
2021-05-27,0.06405124099279424
2021-05-28,-0.01166290443942819
2021-06-01,0.04872478111914735
2021-06-02,-0.019963702359346636
2021-06-03,-0.01925925925925931
2021-06-04,0.03134441087613293
2021-06-07,-0.0051263273526180875
2021-06-08,0.0011041589988958211
2021-06-09,0.01580882352941182
2021-06-10,0.011943539630836053
2021-06-11,-0.0207439198855508
2021-06-14,-0.03688823959094234
2021-06-15,0.012514220705347023
2021-06-16,0.008239700374531811
2021-06-17,-0.059435364041604766
2021-06-18,0.035150078988941624
2021-06-21,0.006104540251812285
2021-06-22,0.0007584376185059138
2021-06-23,0.006820765441455157
2021-06-24,-0.01656003010914564
2021-06-25,-0.02564102564102566
2021-06-28,0.061272584446190104
2021-06-29,0.02812731310140637
2021-06-30,0.036717062634989306
2021-07-01,-0.0003472222222222765
2021-07-02,-0.03126085446335536
2021-07-06,-0.059160989602007885
2021-07-07,-0.005335365853658569
2021-07-08,-0.022222222222222254
2021-07-09,-0.012931034482758674
2021-07-12,0.06272330289797545
2021-07-13,0.01158012700784461
2021-07-14,0.008862629246676468
2021-07-15,-0.17386530014641288
2021-07-16,-0.014621178555604741
2021-07-19,0.0
2021-07-20,0.028327338129496393
2021-07-21,0.0
2021-07-22,-0.012680367293397499
2021-07-23,-0.030558015943312644
2021-07-26,0.004568296025582397
2021-07-27,-0.0018190086402910532
2021-07-28,0.0009111617312071996
2021-07-29,0.015930814747382893
2021-07-30,-0.01971326164874554
2021-08-02,0.021480804387568497
2021-08-03,-0.014765100671140896
2021-08-04,-0.00862851952770205
2021-08-05,0.01832340815391653
2021-08-06,-0.0013495276653171517
2021-08-09,-0.008558558558558582
2021-08-10,-0.0018173557473875057
2021-08-11,0.012744651797906181
2021-08-12,0.01932584269662918
2021-08-13,0.0022045855379189128
2021-08-16,-0.006159260888693341
2021-08-17,-0.01150951748561313
2021-08-18,0.006269592476489061
2021-08-19,-0.020916777926123675
2021-08-20,-0.020454545454545503
2021-08-23,-0.0013921113689094877
2021-08-24,0.012081784386617
2021-08-25,0.012396694214876103
2021-08-26,0.0027210884353741083
2021-08-27,0.009497964721845387
2021-08-30,-0.031810035842293916
2021-08-31,-0.011568718186025007
2021-09-01,-0.034644194756554336
2021-09-02,0.0014548981571289588
2021-09-03,-0.015980629539951607
2021-09-07,-0.024114173228346414
2021-09-08,0.005042864346949116
2021-09-09,-0.004515805318615174
2021-09-10,0.013608870967741993
2021-09-13,-0.011934361014420691
2021-09-14,0.01258178158027179
2021-09-15,0.060636182902584546
2021-09-16,-0.007497656982193068
2021-09-17,-0.004249291784702569
2021-09-20,-0.010431484115694611
2021-09-21,-0.009103977000479158
2021-09-22,0.01644100580270802
2021-09-23,0.007136060894386231
2021-09-24,-0.004723665564478008
2021-09-27,0.02420503084954917
2021-09-28,-0.0129749768303985
2021-09-29,0.012206572769952961
2021-09-30,-0.004174397031539878
2021-10-01,0.008849557522123908
2021-10-04,-0.0013850415512465242
2021-10-05,-0.006010171058714708
2021-10-06,-0.009767441860465076
2021-10-07,0.0032879286049789513
2021-10-08,-0.006554307116104829
2021-10-11,0.004712535344015167
2021-10-12,-0.019699812382739212
2021-10-13,-0.019617224880382755
2021-10-14,0.008784773060029227
2021-10-15,0.01741654571843254
2021-10-18,0.013314312886352875
2021-10-19,-0.004692632566870025
2021-10-20,0.016973125884016893
2021-10-21,-0.01298099211868331
2021-10-22,0.01080319398778773
2021-10-25,0.0
2021-10-26,0.010223048327137496
2021-10-27,0.025298988040478365
2021-10-28,0.009869896814715062
2021-10-29,0.009773434029320294
2021-11-01,0.018917729872415245
2021-11-02,-0.010362694300518172
2021-11-03,-0.015706806282722474
2021-11-04,-0.008421985815602828
2021-11-05,-0.011175681716584673
2021-11-08,-0.002712477396021651
2021-11-09,0.005893019038984537
2021-11-10,0.02613789995493465
2021-11-11,0.0004391743522178526
2021-11-12,0.013608428446005183
2021-11-15,-0.0012992637505413462
2021-11-16,-0.009540329575021711
2021-11-17,0.00744308231173374
2021-11-18,-0.003911342894393766
2021-11-19,-0.003926701570680646
2021-11-22,0.010512483574244502
2021-11-23,0.006501950585175553
2021-11-24,-0.0012919896640827266
2021-11-26,0.012074169900819332
2021-11-29,-0.009799744354495155
2021-11-30,-0.02409638554216864
2021-12-01,0.008818342151675429
2021-12-02,0.00874125874125875
2021-12-03,0.015597920277296451
2021-12-06,-0.004266211604095571
2021-12-07,0.0047129391602398485
2021-12-08,-0.0025586353944563323
2021-12-09,0.006412997007268162
2021-12-10,0.0
2021-12-13,-0.007221750212404454
2021-12-14,0.007702182284980763
2021-12-15,-0.005095541401273884
2021-12-16,0.009389671361502261
2021-12-17,0.0033826638477800763
2021-12-20,-0.0037926675094817064
2021-12-21,0.012267343485617532
2021-12-22,0.007104053489343842
2021-12-23,0.0053941908713692754
2021-12-27,0.014857614527445273
2021-12-28,-0.016266775111834053
2021-12-29,0.0012401818933442943
2021-12-30,-0.01568951279933939
2021-12-31,-0.004614093959731558
2022-01-03,-0.006742520016856268
2022-01-04,0.034365719134493045
2022-01-05,-0.01189499589827725
2022-01-06,0.00249066002490661
2022-01-07,0.00496894409937898
2022-01-10,-0.011536876802637042
2022-01-11,0.002084201750729431
2022-01-12,-0.0033277870216306127
2022-01-13,-0.019198664440734592
2022-01-14,0.014893617021276562
2022-01-18,0.005450733752620618
2022-01-19,0.0183486238532109
2022-01-20,0.0008190008190007703
2022-01-21,0.008592471358428888
2022-01-24,0.007707910750507141
2022-01-25,-0.0016103059581320522
2022-01-26,0.011290322580645107
2022-01-27,-0.002791068580542233
2022-01-28,0.01719312275089968
2022-01-31,-0.01572327044025157
2022-02-01,0.013977635782747688
2022-02-02,-0.019298936589208338
2022-02-03,-0.009236947791164685
2022-02-04,0.006080259424402046
2022-02-07,0.023771152296535147
2022-02-08,-0.0047225501770956635
2022-02-09,0.02293396599446429
2022-02-10,-0.007730962504831851
2022-02-11,0.014413712504869558
2022-02-14,0.007296466973886417
2022-02-15,-0.027068242470453696
2022-02-16,0.014106583072100332
2022-02-17,0.004636785162287493
2022-02-18,0.006538461538461604
2022-02-22,0.031333588077951946
2022-02-23,0.013338273434605474
2022-02-24,0.01645338208409508
2022-02-25,-0.05107913669064745
2022-02-28,0.057619408642911374
2022-03-01,0.06057347670250901
2022-03-02,-0.0010138560324434165
2022-03-03,0.016576454668470797
2022-03-04,0.006988352745424198
2022-03-07,-0.009583608724388681
2022-03-08,0.00700700700700696
2022-03-09,-0.025844930417495027
2022-03-10,0.030952380952380842
2022-03-11,0.008907951171230666
2022-03-14,-0.04741661216481363
2022-03-15,0.040851355990387805
2022-03-16,-0.03693931398416883
2022-03-17,0.03356164383561633
2022-03-18,-0.016898608349900646
2022-03-21,0.01954836535220772
2022-03-22,-0.004297520661157073
2022-03-23,0.006308100929614868
2022-03-24,-0.012537116463213427
2022-03-25,0.007684597393919246
2022-03-28,-0.007294429708222805
2022-03-29,-0.02972611890447563
2022-03-30,0.016179001721170483
2022-03-31,0.014566395663956566
2022-04-01,-0.018363939899833093
2022-04-04,0.021088435374149617
2022-04-05,0.012325116588940643
2022-04-06,-0.0042777229351760315
2022-04-07,0.0016523463317912324
2022-04-08,0.014516661167931266
2022-04-11,-0.005528455284552813
2022-04-12,0.015369522563767113
2022-04-13,0.009339774557165947
2022-04-14,0.008615188257817596
2022-04-18,0.029104713698196782
2022-04-19,-0.011374116200430384
2022-04-20,0.014614427860696555
2022-04-21,-0.020226785167024253
2022-04-22,-0.00781983109164841
2022-04-25,0.009142496847414971
2022-04-26,0.0037488284910964786
2022-04-27,0.015250544662309462
2022-04-28,0.0006131207847945852
2022-04-29,0.0027573529411764053
2022-05-02,-0.006416131989000928
2022-05-03,-0.015067650676506728
2022-05-04,-0.00280986575085862
2022-05-05,0.006574827802128924
2022-05-06,-0.014307931570762045
2022-05-09,-0.009782265698958681
2022-05-10,0.002549394518801762
2022-05-11,0.0200254291163382
2022-05-12,0.014023060143346866
2022-05-13,-0.023355869698832188
2022-05-16,0.01887979861548139
2022-05-17,-0.010809141445336623
2022-05-18,-0.024039962535123305
2022-05-19,0.0022392834293025743
2022-05-20,-0.005745292052345974
2022-05-23,0.009630818619582593
2022-05-24,-0.018441971383147848
2022-05-25,0.0006478781988985549
2022-05-26,-0.009388151505341558
2022-05-27,0.01601307189542478
2022-05-31,-0.03055644901897714
2022-06-01,-0.029528865295288642
2022-06-02,-0.0013675213675213849
2022-06-03,-0.004450530640191741
2022-06-06,0.021320495185694677
2022-06-07,0.019528619528619506
2022-06-08,0.009907529722589237
2022-06-09,0.011118378024852937
2022-06-10,0.0003234152652005218
2022-06-13,-0.005172971225347545
2022-06-14,-0.0012999675008125156
2022-06-15,0.0074845427920597896
2022-06-16,0.018410852713178327
2022-06-17,-0.004757373929590858
2022-06-21,-0.030274059910771145
2022-06-22,0.009530069010844633
2022-06-23,-0.02766927083333337
2022-06-24,0.004686976899899609
2022-06-27,-0.007997334221926056
2022-06-28,0.02049042660396383
2022-06-29,0.014154048716260803
2022-06-30,-0.03440441415124962
2022-07-01,0.014453781512605124
2022-07-05,-0.024519549370443983
2022-07-06,0.011209239130434812
2022-07-07,0.00369499496137049
2022-07-08,0.04183400267737625
2022-07-11,0.003854802441374927
2022-07-12,-0.062080000000000024
2022-07-13,0.009894234049812267
2022-07-14,-0.060810810810810856
2022-07-15,-0.13057553956834533
2022-07-18,0.01323955316508063
