Date,GC=F
2012-03-30,
2012-04-02,0.0049122092685682794
2012-04-03,-0.0044709388971684305
2012-04-04,-0.03455086896519466
2012-04-05,0.010047727272383122
2012-04-09,0.008596868283696546
2012-04-10,0.010350076103500694
2012-04-11,-0.00030129557095515125
2012-04-12,0.012356841470765545
2012-04-13,-0.012146486700841064
2012-04-16,-0.006268473610452352
2012-04-17,0.0009705208368040452
2012-04-18,-0.006968429776249563
2012-04-19,0.0010983199317693426
2012-04-20,0.0009142996600766118
2012-04-23,-0.006211528727558369
2012-04-24,0.0068018723082763355
2012-04-25,-0.0009738135033094952
2012-04-26,0.011088065615432185
2012-04-27,0.002651256012768499
2012-04-30,-0.0003605622511643203
2012-05-01,-0.0010220471427409006
2012-05-02,-0.0049948408266842215
2012-05-03,-0.01161247910891483
2012-05-04,0.006425162350831348
2012-05-07,-0.003708868345007943
2012-05-08,-0.02111557189152591
2012-05-09,-0.006421476825514305
2012-05-10,0.0008784742780678645
2012-05-11,-0.007209579447066128
2012-05-14,-0.014523869887968388
2012-05-15,-0.0024349140184920515
2012-05-16,-0.013232333639606852
2012-05-17,0.024931682102260266
2012-05-18,0.010860575157788155
2012-05-21,-0.002010524768132793
2012-05-22,-0.007617713044546837
2012-05-23,-0.017890041469675988
2012-05-24,0.005942815959741443
2012-05-25,0.007384575636951718
2012-05-29,-0.01287612991679643
2012-05-30,0.009557050924351884
2012-05-31,-0.0005117364817905923
2012-06-01,0.03705364477069795
2012-06-04,-0.005121906095726603
2012-06-05,0.0018608113700904205
2012-06-06,0.010896544197813274
2012-06-07,-0.028294997464843097
2012-06-08,0.002205975074912825
2012-06-11,0.0033960282353142635
2012-06-12,0.01078028904536188
2012-06-13,0.003348437141167171
2012-06-14,0.00018543281172500592
2012-06-15,0.005313875096517595
2012-06-18,-0.0007990466061001955
2012-06-19,-0.0021529188073586836
2012-06-20,-0.0045616462621665965
2012-06-21,-0.031149397638814857
2012-06-22,0.0009587727708533222
2012-06-25,0.013729246487867108
2012-06-26,-0.008503937007873996
2012-06-27,0.0022236340533672294
2012-06-28,-0.0176228518720285
2012-06-29,0.03471642932390995
2012-07-02,-0.003928935970143432
2012-07-03,0.015088967188214397
2012-07-05,-0.007648198384392346
2012-07-06,-0.01895705111391721
2012-07-09,0.006462209208126124
2012-07-10,-0.00585416524029736
2012-07-11,-0.0025961486288132996
2012-07-12,-0.006538805914861667
2012-07-13,0.017061761617565452
2012-07-16,-0.0002513347701674773
2012-07-17,-0.0013197433700213868
2012-07-18,-0.011767636686911387
2012-07-19,0.006176739060796965
2012-07-20,0.001518906683846133
2012-07-23,-0.0034123377024091184
2012-07-24,-0.0006974672518962333
2012-07-25,0.020304568527918843
2012-07-26,0.0043532338308458485
2012-07-27,0.001795680751741413
2012-07-30,0.0011125080231482176
2012-07-31,-0.0056800342342535615
2012-08-01,-0.004222321532521001
2012-08-02,-0.010163950398515365
2012-08-03,0.011717257968925088
2012-08-06,0.004296403744746158
2012-08-07,-0.001984049348222938
2012-08-08,0.001987993625680362
2012-08-09,0.0026039748950965613
2012-08-10,0.0016078013884055498
2012-08-13,-0.006235707779474797
2012-08-14,-0.006336947891765421
2012-08-15,0.002688462355993737
2012-08-16,0.007732134932723067
2012-08-17,0.0001238000403502859
2012-08-20,0.002351003305709032
2012-08-21,0.012221498133758057
2012-08-22,-0.001524483177499314
2012-08-23,0.01966529295942676
2012-08-24,0.0001198330409157844
2012-08-27,0.0015570580368362563
2012-08-28,-0.0035278786940520224
2012-08-29,-0.004020372740399014
2012-08-30,-0.0037956673350943992
2012-08-31,0.018808573078885615
2012-09-04,0.00492701469097323
2012-09-05,-0.0012404604853522017
2012-09-06,0.0069789013585557225
2012-09-07,0.02049807642106405
2012-09-10,-0.005064776303956853
2012-09-11,0.001793311588947688
2012-09-12,-0.0006929629335670207
2012-09-13,0.022246619983318228
2012-09-14,0.00039572282621036514
2012-09-17,-0.0011866299007283754
2012-09-18,0.00039603624004369564
2012-09-19,0.0003392759430300707
2012-09-20,-0.0007349060645138739
2012-09-21,0.004412541179827478
2012-09-24,-0.007547183561848803
2012-09-25,0.000964799537904959
2012-09-26,-0.0074838830234513765
2012-09-27,0.015423283660770615
2012-09-28,-0.0036566157117871034
2012-10-01,0.005307449914538465
2012-10-02,-0.004380819336211705
2012-10-03,0.002594966877056182
2012-10-04,0.009452498900728523
2012-10-05,-0.008639429357852668
2012-10-08,-0.0028674101292829324
2012-10-09,-0.005920496193966729
2012-10-10,0.00011341529885133816
2012-10-11,0.0031760990309284143
2012-10-12,-0.006105861900716381
2012-10-15,-0.012514220705347023
2012-10-16,0.005011492610527135
2012-10-17,0.0038975462935948446
2012-10-18,-0.004681673520910645
2012-10-19,-0.0117593067319538
2012-10-22,0.0013349934366306826
2012-10-23,-0.009738523561283019
2012-10-24,-0.0045659712024685994
2012-10-25,0.006762716847985795
2012-10-26,-0.0006425091039354847
2012-10-31,0.003857604472358167
2012-11-01,-0.0019796357578238943
2012-11-02,-0.02333586171735791
2012-11-05,0.004838406131092876
2012-11-06,0.018963277458092787
2012-11-07,-0.0005250711317201784
2012-11-08,0.007121219699920189
2012-11-09,0.0028399352873120787
2012-11-12,0.0
2012-11-13,-0.003525456559040907
2012-11-14,0.0030739177463279255
2012-11-15,-0.00936684080478467
2012-11-16,0.0005836689263412076
2012-11-19,0.011491542093428508
2012-11-20,-0.006228401861663735
2012-11-21,0.0027275263320378773
2012-11-23,0.0135424643112656
2012-11-26,-0.0010278357665378657
2012-11-27,-0.004172648658545275
2012-11-28,-0.014751436053357825
2012-11-29,0.006233586467739638
2012-11-30,-0.009437197324347557
2012-12-03,0.0050850143478455845
2012-12-04,-0.014654542643435686
2012-12-05,-0.0011803588120766761
2012-12-06,0.0046679415623369636
2012-12-07,0.002176057793108477
2012-12-10,0.005281690140845008
2012-12-11,-0.002802130080633347
2012-12-12,0.0049174714050892465
2012-12-13,-0.012233484969514818
2012-12-14,0.0001179955443904035
2012-12-17,0.0007076018028802089
2012-12-18,-0.016205067766646986
2012-12-19,-0.0017969451931716396
2012-12-20,-0.01296128147971043
2012-12-21,0.00863271381914732
2012-12-24,-0.00030136821611570497
2012-12-26,0.0007235459181551551
2012-12-27,0.0016869060582263007
2012-12-28,-0.004631271072382481
2012-12-31,0.012024910339286654
2013-01-02,0.007821814666833626
2013-01-03,-0.008412863935538417
2013-01-04,-0.015295439046893122
2013-01-07,-0.0015775593862339399
2013-01-08,0.009723488301428107
2013-01-09,-0.004032471364354473
2013-01-10,0.01359680888088799
2013-01-11,-0.010314224244023618
2013-01-14,0.005361460490399095
2013-01-15,0.008688357473714436
2013-01-16,-0.0004158686182930138
2013-01-17,0.004576022740611085
2013-01-18,-0.0022480174948188436
2013-01-22,0.0036760781050251268
2013-01-23,-0.0038397919497342725
2013-01-24,-0.009962668766925531
2013-01-25,-0.0078466460532719
2013-01-28,-0.002414875598311439
2013-01-29,0.005022952454116325
2013-01-30,0.011561434218528621
2013-01-31,-0.011488807993116579
2013-02-01,0.005299318895280569
2013-02-04,0.0035342184783622166
2013-02-05,-0.0017310477702732197
2013-02-06,0.0031690544609201954
2013-02-07,-0.004351151558843136
2013-02-08,-0.0026341141940571244
2013-02-11,-0.010684303018082209
2013-02-12,0.0003033612515548345
2013-02-13,-0.0027294232627358417
2013-02-14,-0.005777886073545346
2013-02-15,-0.015843826461965138
2013-02-19,-0.003232268202611799
2013-02-20,-0.016213519827786183
2013-02-21,0.0003803090740506221
2013-02-22,-0.0036750265728406895
2013-02-25,0.008776346059238271
2013-02-26,0.018282688748398224
2013-02-27,-0.012382367882991407
2013-02-28,-0.01097041156949885
2013-03-01,-0.0036761912513875172
2013-03-04,0.00012720349180583845
2013-03-05,0.001590229653854136
2013-03-06,0.0
2013-03-07,0.00012706290187325386
2013-03-08,0.001142955741683993
2013-03-11,0.0007611780164726856
2013-03-12,0.008682945080430438
2013-03-13,-0.002010651066211122
2013-03-14,0.0014480429938343864
2013-03-15,0.0011945331593272712
2013-03-18,0.007598100838893229
2013-03-19,0.0041755411592481195
2013-03-20,-0.0023583744262211104
2013-03-21,0.003919159457620447
2013-03-22,-0.0047094419545772315
2013-03-25,-0.0009961247880565516
2013-03-26,-0.0054841872689167515
2013-03-27,0.00651704601174008
2013-03-28,-0.007097436614558861
2013-04-01,0.0032605662231424137
2013-04-02,-0.015562515258789045
2013-04-03,-0.014157784968231613
2013-04-04,-0.0006439979189559741
2013-04-05,0.015208129168290396
2013-04-08,-0.002158197512614035
2013-04-09,0.009033047819258844
2013-04-10,-0.01758914588487892
2013-04-11,0.003850349619453741
2013-04-12,-0.04046541382872515
2013-04-15,-0.09353765783748336
2013-04-16,0.019256264671697165
2013-04-17,-0.0033170590526998556
2013-04-18,0.007090181720680988
2013-04-19,0.002370724732848384
2013-04-22,0.01841894235828323
2013-04-23,-0.008726266301240293
2013-04-24,0.010506921116457235
2013-04-25,0.02697767581525068
2013-04-26,-0.005609572423233455
2013-04-29,0.009493704636698519
2013-04-30,0.0032710417595427366
2013-05-01,-0.01759265263059795
2013-05-02,0.014796308940934866
2013-05-03,-0.0023164832437552185
2013-05-06,0.002595046528103051
2013-05-07,-0.01300999652855006
2013-05-08,0.017184281859256467
2013-05-09,-0.003460190990881462
2013-05-10,-0.02178649165046731
2013-05-13,-0.0016008134395603113
2013-05-14,-0.006831682696497032
2013-05-15,-0.01979360717228873
2013-05-16,-0.0067311309803527175
2013-05-17,-0.016004579022861898
2013-05-20,0.014213513127007804
2013-05-21,-0.004695513812560059
2013-05-22,-0.007403159297942441
2013-05-23,0.01784149228549703
2013-05-24,-0.003735597106232058
2013-05-28,-0.005552403353817459
2013-05-29,0.00884640233352485
2013-05-30,0.014518759766370515
2013-05-31,-0.013390027923529946
2013-06-03,0.013715335287077801
2013-06-04,-0.010342123745076148
2013-06-05,0.0009305338564478127
2013-06-06,0.012371228872840812
2013-06-07,-0.023098080313421643
2013-06-10,0.0023137752508135545
2013-06-11,-0.006636813948880493
2013-06-12,0.010748038364651435
2013-06-13,-0.010202667584430447
2013-06-14,0.007041284417896199
2013-06-17,-0.0032437106909938285
2013-06-18,-0.011715412691745586
2013-06-19,0.005122201174486918
2013-06-20,-0.06384679144629768
2013-06-21,0.004432654999343644
2013-06-24,-0.011458599440665407
2013-06-25,-0.0015664159801964672
2013-06-26,-0.03545659829848469
2013-06-27,-0.01480152206672114
2013-06-28,0.010236110421130373
2013-07-01,0.02622975511128267
2013-07-02,-0.00979381207820551
2013-07-03,0.006834995309480618
2013-07-05,-0.031307365175477164
2013-07-08,0.018138345747521933
2013-07-09,0.00890760367845922
2013-07-10,0.0012039489289723537
2013-07-11,0.026214486557537997
2013-07-12,-0.0017966774483842984
2013-07-15,0.004695570332386989
2013-07-16,0.0054525624970880315
2013-07-17,-0.009993820829007571
2013-07-18,0.005242938448918988
2013-07-19,0.00677259334231195
2013-07-22,0.03332558103975236
2013-07-23,-0.0009727991652013213
2013-07-24,-0.011534734997881935
2013-07-25,0.007047093409275895
2013-07-26,-0.005492888508747185
2013-07-29,0.005069284625642156
2013-07-30,-0.0033122736624483506
2013-07-31,-0.008761310865511684
2013-08-01,-0.0010667665254635583
2013-08-02,-0.0003051292250667581
2013-08-05,-0.006104074583416219
2013-08-06,-0.014893309364093832
2013-08-07,0.0022599941742627028
2013-08-08,0.01912757643489571
2013-08-09,0.0016785483513754862
2013-08-12,0.016604407306292535
2013-08-13,-0.010114632871715434
2013-08-14,0.009688199592174929
2013-08-15,0.020689636871017658
2013-08-16,0.0074177260333683215
2013-08-19,-0.004009623238158788
2013-08-20,0.005050523101061355
2013-08-21,-0.0018206977237278377
2013-08-22,0.0004377466778233696
2013-08-23,0.017867561896469875
2013-08-26,-0.001934478230516512
2013-08-27,0.0198133349504217
2013-08-28,-0.001126267502065459
2013-08-29,-0.004298784768102526
2013-08-30,-0.011890472459360368
2013-09-03,0.011388886678684651
2013-09-04,-0.015651540783241824
2013-09-05,-0.01208723543638135
2013-09-06,0.009904577836828077
2013-09-09,7.218407714337793e-05
2013-09-10,-0.016368670639555827
2013-09-11,-0.00014658102445097576
2013-09-12,-0.0245619175895182
2013-09-13,-0.016536379732621564
2013-09-16,0.0072607763854593
2013-09-17,-0.006373794869453109
2013-09-18,-0.0012981681343069429
2013-09-19,0.04710198293778567
2013-09-20,-0.02694612513231931
2013-09-23,-0.004202608319652912
2013-09-24,-0.008214653865030841
2013-09-25,0.015121599098831595
2013-09-26,-0.009207312376178667
2013-09-27,0.011181662965484174
2013-09-30,-0.008891231468164507
2013-10-01,-0.030531473803241616
2013-10-02,0.02690511320834954
2013-10-03,-0.0024231040671155446
2013-10-04,-0.005844901396303115
2013-10-07,0.011529432861884903
2013-10-08,-0.0004529722479862386
2013-10-09,-0.01306443693983117
2013-10-10,-0.007881282910483511
2013-10-11,-0.02205767092739075
2013-10-14,0.006624624932225931
2013-10-15,-0.0026637608500699184
2013-10-16,0.0070699135899450205
2013-10-17,0.03174723180333472
2013-10-18,-0.006274988330088771
2013-10-21,0.0009889886896434774
2013-10-22,0.020369422986034502
2013-10-23,-0.0064059408461359935
2013-10-24,0.012219751450242677
2013-10-25,0.0016294425431417903
2013-10-28,-0.0002957885291637874
2013-10-29,-0.0050296219142936804
2013-10-30,0.002824895157641505
2013-10-31,-0.018828780143856583
2013-11-01,-0.007932910391110992
2013-11-04,0.0011423349538413063
2013-11-05,-0.005020520088626745
2013-11-06,0.007415864810301986
2013-11-07,-0.00705769682205859
2013-11-08,-0.01826660346079223
2013-11-11,-0.0027247956403270157
2013-11-12,-0.0077283562951308005
2013-11-13,-0.002202758879388589
2013-11-14,0.01411330257401544
2013-11-15,0.0008553084263824839
2013-11-18,-0.011730052888598963
2013-11-19,0.0009433055244829625
2013-11-20,-0.012172137351051271
2013-11-21,-0.011447670033053803
2013-11-22,0.00040209087253728626
2013-11-25,-0.0023312093360631225
2013-11-26,0.0002417604012789898
2013-11-27,-0.002899931943884604
2013-11-29,0.010340867872747905
2013-12-02,-0.022629079889877057
2013-12-03,-0.0004909577290987954
2013-12-04,0.021691087058308245
2013-12-05,-0.012017305389186439
2013-12-06,-0.002351526482785138
2013-12-09,0.004064049257546998
2013-12-10,0.02193797014065213
2013-12-11,-0.0030893728918237606
2013-12-12,-0.025824394119984162
2013-12-13,0.007911868818821333
2013-12-16,0.007930767350788681
2013-12-17,-0.01148137200170618
2013-12-18,0.003979877037355806
2013-12-19,-0.03324971798211973
2013-12-20,0.008451862415010503
2013-12-23,-0.005559664183560686
2013-12-24,0.005590746858630036
2013-12-26,0.007468260046743502
2013-12-27,0.0016473107983012714
2013-12-30,-0.010689910583820517
2013-12-31,-0.0009973827580626038
2014-01-02,0.019219548312430446
2014-01-03,0.010938795440051052
2014-01-06,-0.0004844764002821522
2014-01-07,-0.0067862530963826995
2014-01-08,-0.003334940218413962
2014-01-09,0.0032645065213419144
2014-01-10,0.014154316808444811
2014-01-13,0.0033689527606377556
2014-01-14,-0.0045567776248605085
2014-01-15,-0.0057018758949159976
2014-01-16,0.0015346292315072674
2014-01-17,0.009435444493447687
2014-01-21,-0.007509708964156703
2014-01-22,-0.002656402397502866
2014-01-23,0.01904759934296818
2014-01-24,0.0015048506659289806
2014-01-27,-0.0007117630795274721
2014-01-28,-0.009971490843132425
2014-01-29,0.008952798698541153
2014-01-30,-0.015845350002930414
2014-01-31,-0.0016905294384824687
2014-02-03,0.016369687305681557
2014-02-04,-0.00690262858907198
2014-02-05,0.004473993668376419
2014-02-06,0.00023854827500557896
2014-02-07,0.004532501075734885
2014-02-10,0.00910314221128039
2014-02-11,0.012001824734692468
2014-02-12,0.004030752143705518
2014-02-13,0.003937292823042338
2014-02-14,0.014303272252181198
2014-02-18,0.004321418629169793
2014-02-19,-0.003095022070704001
2014-02-20,-0.0026503105139367156
2014-02-21,0.005162894961789011
2014-02-24,0.01087697269318788
2014-02-25,0.0035118814917405317
2014-02-26,-0.011020140601731176
2014-02-27,0.002559873918879907
2014-02-28,-0.007659921417005666
2014-03-03,0.021719351174222412
2014-03-04,-0.00911038217927107
2014-03-05,0.0017939170699330376
2014-03-06,0.008580809147130886
2014-03-07,-0.010061386459433441
2014-03-10,0.002466219930001845
2014-03-11,0.003801979642996667
2014-03-12,0.017675491146026845
2014-03-13,0.0013864863723640486
2014-03-14,0.0049555815989628105
2014-03-17,-0.004423477582260693
2014-03-18,-0.010124571466880727
2014-03-19,-0.012950681078688353
2014-03-20,-0.008125856728550263
2014-03-21,0.004133784291619591
2014-03-24,-0.01856291079949479
2014-03-25,0.00015258789630734348
2014-03-26,-0.006100350656600306
2014-03-27,-0.006674906459433694
2014-03-28,-0.0006950663301836801
2014-03-31,-0.008038355249315732
2014-04-01,-0.00296092313841112
2014-04-02,0.008518306206649617
2014-04-03,-0.004726831139819865
2014-04-04,0.01463712737500833
2014-04-07,-0.003990140704961731
2014-04-08,0.008243413845820502
2014-04-09,-0.0024451373815744804
2014-04-10,0.011183435914161155
2014-04-11,-0.0010605442314632896
2014-04-14,0.006445742257324305
2014-04-15,-0.02049423762249114
2014-04-16,0.002384596604567246
2014-04-17,-0.0074437505591337105
2014-04-21,-0.0041750613206528175
2014-04-22,-0.005745360569924252
2014-04-23,0.0028111632473601933
2014-04-24,0.004905816124954665
2014-04-25,0.007903875375339098
2014-04-28,-0.0013838139658503001
2014-04-29,-0.002232677157251395
2014-04-30,-0.00030866081331981654
2014-05-01,-0.009648039700175914
2014-05-02,0.015197568678227968
2014-05-05,0.004913269256882735
2014-05-06,-0.000534722056436232
2014-05-07,-0.015057763897382226
2014-05-08,-0.0009312053349445071
2014-05-09,-7.76569706707475e-05
2014-05-12,0.006447546370691226
2014-05-13,-0.0007718431760140865
2014-05-14,0.00857405823827051
2014-05-15,-0.009343610039140637
2014-05-16,-0.0001545815012562457
2014-05-19,0.00030921080078227803
2014-05-20,0.000618419153065819
2014-05-21,-0.005021243723445368
2014-05-22,0.005357161812160394
2014-05-23,-0.0025484970004678864
2014-05-27,-0.02028488051030608
2014-05-28,-0.0048205906972081936
2014-05-29,-0.0023822757751750245
2014-05-30,-0.008517131916191967
2014-06-02,-0.0015253889300765877
2014-06-03,0.00048250999421894925
2014-06-04,-0.00024113864530306284
2014-06-05,0.007234726688102988
2014-06-06,-0.0007182956217577363
2014-06-09,0.0011181410760807697
2014-06-10,0.005025966356701161
2014-06-11,0.0007937767592010037
2014-06-12,0.010152225778948587
2014-06-13,7.849842011142805e-05
2014-06-16,0.0009421946205487863
2014-06-17,-0.0025100581856669635
2014-06-18,0.0005505019022311597
2014-06-19,0.032458288246914435
2014-06-20,0.0019030220696665268
2014-06-23,0.0013676104656608068
2014-06-24,0.00220032201370457
2014-06-25,0.0009841219878765628
2014-06-26,-0.004613504621998388
2014-06-27,0.0022034985699102005
2014-06-30,0.0021228573374716397
2014-07-01,0.0034800842911268948
2014-07-02,0.003241802381383385
2014-07-03,-0.007740232310628592
2014-07-07,-0.0029536688442528547
2014-07-08,-0.00037979491074824345
2014-07-09,0.005927088775171008
2014-07-10,0.011255402473311582
2014-07-11,-0.0012698522700227421
2014-07-14,-0.02296181837836575
2014-07-15,-0.007195915228277894
2014-07-16,0.0020818498890033954
2014-07-17,0.013157876198195417
2014-07-18,-0.005696058538868232
2014-07-21,0.003437213693731067
2014-07-22,-0.00578516850758648
2014-07-23,-0.0012250023856096304
2014-07-24,-0.010655442249185465
2014-07-25,0.009685417818425801
2014-07-28,0.00015353637167980771
2014-07-29,-0.003836415109855773
2014-07-30,-0.002618827918193012
2014-07-31,-0.010502722472409798
2014-08-01,0.009599567852246693
2014-08-04,-0.004560934234240421
2014-08-05,-0.002873302253764809
2014-08-06,0.017679089697721917
2014-08-07,0.003137749911579224
2014-08-08,-0.0014495150620120745
2014-08-11,-0.00030561876889079187
2014-08-12,0.00022930747277416508
2014-08-13,0.003056234604805752
2014-08-14,0.0008378850891417322
2014-08-15,-0.0071542919852326525
2014-08-18,-0.005212762612591071
2014-08-19,-0.0020035259950419437
2014-08-20,-0.0013126022731224651
2014-08-21,-0.015231229990978257
2014-08-22,0.0038470790625015905
2014-08-25,-0.001016679792455677
2014-08-26,0.005088859118077549
2014-08-27,-0.0014800002662384015
2014-08-28,0.005304568709186608
2014-08-29,-0.002250254096085702
2014-09-02,-0.017187818336445004
2014-09-03,0.004114958805977009
2014-09-04,-0.0029947582591305366
2014-09-05,0.0005533738484686523
2014-09-08,-0.010349263035957401
2014-09-09,-0.00470974900113208
2014-09-10,-0.002646814805009612
2014-09-11,-0.0049054890116103644
2014-09-12,-0.006061095726542787
2014-09-15,0.0030083349039997653
2014-09-16,0.0012969970959813004
2014-09-17,-0.0006476091235703141
2014-09-18,-0.007048017717204091
2014-09-19,-0.008484868041160332
2014-09-22,0.0012342630953123823
2014-09-23,0.003451636261783353
2014-09-24,-0.001965621960739128
2014-09-25,0.0021335759379834673
2014-09-26,-0.00581393372897232
2014-09-29,0.0028004484658865625
2014-09-30,-0.005749486652977365
2014-10-01,0.0033870099842523427
2014-10-02,-0.0003293466343678997
2014-10-03,-0.018118926770476995
2014-10-06,0.012162389359056114
2014-10-07,0.004143532114295967
2014-10-08,-0.005281755056241844
2014-10-09,0.016012549552766764
2014-10-10,-0.002939715546062316
2014-10-13,0.006797746787981174
2014-10-14,0.003497865929405597
2014-10-15,0.008511673320204638
2014-10-16,-0.00289363849898161
2014-10-17,-0.0017734390744659212
2014-10-20,0.0046030452613397
2014-10-21,0.00562700964630225
2014-10-22,-0.004955996140587504
2014-10-23,-0.013094511719749846
2014-10-24,0.0021977624516686944
2014-10-27,-0.001705633259600714
2014-10-28,8.134048321806198e-05
2014-10-29,-0.0039862532853818244
2014-10-30,-0.02140004263437356
2014-10-31,-0.022535681954918285
2014-11-03,-0.001451585011795875
2014-11-04,-0.0017102787397341723
2014-11-05,-0.018845296847618376
2014-11-06,-0.0027064567136911855
2014-11-07,0.02389908569628374
2014-11-10,-0.008549931779017195
2014-11-11,0.002759635485996448
2014-11-12,-0.0033539940233000554
2014-11-13,0.0018983097122526882
2014-11-14,0.020583950492292002
2014-11-17,-0.0016877637130802148
2014-11-18,0.011580685690511405
2014-11-19,-0.002590436794872253
2014-11-20,-0.0024296451687164655
2014-11-21,0.005710967587957416
2014-11-24,-0.001670146137787043
2014-11-25,0.0013383317322772648
2014-11-26,-0.0004176760589734707
2014-11-28,-0.01788402544767187
2014-12-01,0.03641937594146949
2014-12-02,-0.015435179661843157
2014-12-03,0.007755211146428742
2014-12-04,-0.0008274720728175256
2014-12-05,-0.014409958106884058
2014-12-08,0.003865200974962457
2014-12-09,0.03080275410744604
2014-12-10,-0.0021112266227669707
2014-12-11,-0.0030922359448538606
2014-12-12,-0.002530385803374835
2014-12-15,-0.012111332919905848
2014-12-16,-0.011017169728098297
2014-12-17,0.0003350568773619056
2014-12-18,0.0003348424410953843
2014-12-19,0.001004497607127508
2014-12-22,-0.013546344101903363
2014-12-23,-0.0015257496247452762
2014-12-24,-0.0037354820637272024
2014-12-26,0.01857694829835954
2014-12-29,-0.011377977997728328
2014-12-30,0.015655412341901043
2014-12-31,-0.013581009349231565
2015-01-02,0.0017737778044026875
2015-01-05,0.015092769320457444
2015-01-06,0.012791780132704655
2015-01-07,-0.007135301315331799
2015-01-08,-0.0018172403900885703
2015-01-09,0.0062892878454074985
2015-01-12,0.013733512476870935
2015-01-13,0.0012980430920994657
2015-01-14,8.09977979279175e-05
2015-01-15,0.024546278482289408
2015-01-16,0.00964661478074924
2015-01-20,0.013548380003948202
2015-01-21,-0.0003863390657272703
2015-01-22,0.0054108373380235
2015-01-23,-0.006227397470600193
2015-01-26,-0.01021193828035738
2015-01-27,0.009613824076207589
2015-01-28,-0.004490150171911567
2015-01-29,-0.02434096604235414
2015-01-30,0.019049916211659745
2015-02-02,-0.0017990213751466477
2015-02-03,-0.01292900848714873
2015-02-04,0.00325482084240436
2015-02-05,-0.001424314573966079
2015-02-06,-0.0222662247115194
2015-02-09,0.00559204496112975
2015-02-10,-0.0074146299807744676
2015-02-11,-0.010230574728570474
2015-02-12,0.0009023589712366942
2015-02-13,0.005245491797497115
2015-02-17,-0.015002058225896842
2015-02-18,-0.00695308714826226
2015-02-19,0.0061682293200346905
2015-02-20,-0.0022367253968044176
2015-02-23,-0.0034041643165294566
2015-02-24,-0.002832645401774303
2015-02-25,0.003425495448498017
2015-02-26,0.007160679089040389
2015-02-27,0.0024801587802172342
2015-03-02,-0.004040924057989392
2015-03-03,-0.003063634446854757
2015-03-04,-0.00282394054324131
2015-03-05,-0.00391466872184576
2015-03-06,-0.026590892364690477
2015-03-09,0.0019758172634332105
2015-03-10,-0.0054012763170935285
2015-03-11,-0.008102770978263951
2015-03-12,0.0012166720026682842
2015-03-13,0.0004339901142222935
2015-03-16,0.0006073861331044039
2015-03-17,-0.004335385232212996
2015-03-18,0.002699621574606015
2015-03-19,0.015372547156998984
2015-03-20,0.013429196450302605
2015-03-23,0.002700836461848599
2015-03-24,0.003114437013362892
2015-03-25,0.0046992513935602
2015-03-26,0.006514596541983497
2015-03-27,-0.004397914584004181
2015-03-30,-0.012502083171817557
2015-03-31,-0.001434903082481287
2015-04-01,0.021130927661137555
2015-04-02,-0.005959731245241517
2015-04-06,0.014738904831408384
2015-04-07,-0.006564910684618508
2015-04-08,-0.006195275195152727
2015-04-09,-0.007896268134635509
2015-04-10,0.009215817882871624
2015-04-13,-0.004399740050828549
2015-04-14,-0.005419828012473871
2015-04-15,0.007293721341160575
2015-04-16,-0.0029130253849355414
2015-04-17,0.004090170629434509
2015-04-20,-0.007814468553728138
2015-04-21,0.007876015428623706
2015-04-22,-0.013301188523787477
2015-04-23,0.00631898209261772
2015-04-24,-0.016075077737549903
2015-04-27,0.023910907780611668
2015-04-28,0.008892172141350407
2015-04-29,-0.0034595973409184966
2015-04-30,-0.022648390897821113
2015-05-01,-0.006681346626305595
2015-05-04,0.010472583080566089
2015-05-05,0.005392570003741826
2015-05-06,-0.0024303574106769865
2015-05-07,-0.006637002511963419
2015-05-08,0.005666399723896376
2015-05-11,-0.0049617563999656555
2015-05-12,0.007944578094980947
2015-05-13,0.021633447389137528
2015-05-14,0.005745239543446523
2015-05-15,8.158608123531863e-05
2015-05-18,0.0018768248291514134
2015-05-19,-0.01702233554560495
2015-05-20,0.001657138088940746
2015-05-21,-0.0037223921822493455
2015-05-22,-8.300862164645206e-05
2015-05-26,-0.014199200334575779
2015-05-27,-0.0010949518289057325
2015-05-28,0.001855089911952712
2015-05-29,0.001094225111387459
2015-06-01,-0.0009248155064394137
2015-06-02,0.004880860489345551
2015-06-03,-0.007872058124320791
2015-06-04,-0.008272074923375006
2015-06-05,-0.00604304658983934
2015-06-08,0.004623995648200818
2015-06-09,0.003494798693227441
2015-06-10,0.007474667793118561
2015-06-11,-0.0052271741838728625
2015-06-12,-0.0009322616858862265
2015-06-15,0.005514081889003819
2015-06-16,-0.004049648722170174
2015-06-17,-0.003473083935567556
2015-06-18,0.02133625898081659
2015-06-19,0.0
2015-06-22,-0.014814855454119868
2015-06-23,-0.006336065142669711
2015-06-24,-0.00306068333224363
2015-06-25,-0.0009380655030184482
2015-06-26,0.0011950699223750583
2015-06-29,0.004774469664398762
2015-06-30,-0.005939753924480318
2015-07-01,-0.0021340162185232714
2015-07-02,-0.0051325919589392255
2015-07-06,0.008512488748119162
2015-07-07,-0.017478045505405326
2015-07-08,0.00945854233177812
2015-07-09,-0.0036964228037785762
2015-07-10,-0.0011216987300474157
2015-07-13,-0.0021594541810849854
2015-07-14,-0.001644652375394129
2015-07-15,-0.005289254658792708
2015-07-16,-0.002963652796774463
2015-07-17,-0.010491344192802399
2015-07-20,-0.022177148412600656
2015-07-21,-0.0029817718472999744
2015-07-22,-0.010875475561433312
2015-07-23,0.002382238892960853
2015-07-24,-0.007678267288905416
2015-07-27,0.010040553296972288
2015-07-28,-0.00018235400991795103
2015-07-29,-0.0032838616217323313
2015-07-30,-0.0039351395167548375
2015-07-31,0.0059720689582851705
2015-08-03,-0.005023289686145849
2015-08-04,0.0011932501640172788
2015-08-05,-0.004584212179186253
2015-08-06,0.004144791565241279
2015-08-07,0.00357734781575636
2015-08-10,0.009231309579847524
2015-08-11,0.0030791745738207865
2015-08-12,0.014084485310398076
2015-08-13,-0.006677350717630426
2015-08-14,-0.0025095696695797143
2015-08-17,0.005121709989067469
2015-08-18,-0.0013409619459487931
2015-08-19,0.009846925289055175
2015-08-20,0.022072533421631624
2015-08-21,0.005724176570631068
2015-08-24,-0.005346629270789882
2015-08-25,-0.013178492214710347
2015-08-26,-0.011948669978359416
2015-08-27,-0.0019562077357584418
2015-08-28,0.009533099553753921
2015-08-31,-0.0013238019877498397
2015-09-01,0.006274280434003243
2015-09-02,-0.00544476283282036
2015-09-03,-0.007770462541390688
2015-09-04,-0.002758721830240063
2015-09-08,-0.00017843224721691975
2015-09-09,-0.016244263518028434
2015-09-10,0.00662316199557389
2015-09-11,-0.00540784136998651
2015-09-14,0.0038060273419799895
2015-09-15,-0.004423492425513098
2015-09-16,0.014871147640206583
2015-09-17,-0.0016975539909206416
2015-09-18,0.018616240802663997
2015-09-21,-0.004393287151619352
2015-09-22,-0.007148509187593022
2015-09-23,0.005866644965277779
2015-09-24,0.01961830480836868
2015-09-25,-0.006760312444125116
2015-09-28,-0.012216404886561949
2015-09-29,-0.0043286434753202485
2015-09-30,-0.010291878127232756
2015-10-01,-0.0011654404555132558
2015-10-02,0.020552885853187375
2015-10-05,0.0008794301481580558
2015-10-06,0.007644383998610005
2015-10-07,0.001918338924141949
2015-10-08,-0.0037424271785247987
2015-10-09,0.010133745218015022
2015-10-12,0.007437494787493337
2015-10-13,0.0007726194481927351
2015-10-14,0.012266191592792408
2015-10-15,0.006609650868141248
2015-10-16,-0.003619874349481522
2015-10-19,-0.008702202577111073
2015-10-20,0.004005753836428427
2015-10-21,-0.008828543645214348
2015-10-22,-0.0008564577088983061
2015-10-23,-0.0028286703470528085
2015-10-26,0.003180564786877005
2015-10-27,-0.00017133776510280807
2015-10-28,0.00882749942302219
2015-10-29,-0.025401431513222827
2015-10-30,-0.0049685768954683684
2015-11-02,-0.004993386922360954
2015-11-03,-0.019017517809174378
2015-11-04,-0.006910744488703768
2015-11-05,-0.0018978541219498712
2015-11-06,-0.01521192362979007
2015-11-09,0.00027588160616076607
2015-11-10,0.00027569330920274027
2015-11-11,-0.0032163206736325334
2015-11-12,-0.003595374314838584
2015-11-13,0.0
2015-11-16,0.0026831071546435936
2015-11-17,-0.013841469664900852
2015-11-18,9.36630119054982e-05
2015-11-19,0.008607738352895966
2015-11-20,-0.001484207408105287
2015-11-23,-0.008918594730767726
2015-11-24,0.007030370881814907
2015-11-25,-0.003537232295828474
2015-11-27,-0.013358289423750613
2015-11-30,0.009089280534049005
2015-12-01,-0.001876524590329165
2015-12-02,-0.009024344064305523
2015-12-03,0.007114399874201149
2015-12-04,0.021475039914016225
2015-12-07,-0.0074688571562355754
2015-12-08,-9.287958349124548e-05
2015-12-09,0.0012077735750619656
2015-12-10,-0.0041759466424943215
2015-12-11,0.0035411880668900775
2015-12-14,-0.011328881944101976
2015-12-15,-0.0016905483613777195
2015-12-16,0.014206393112335736
2015-12-17,-0.025231865651090035
2015-12-18,0.014655406954847683
2015-12-21,0.014725261640587517
2015-12-22,-0.006562506170367022
2015-12-23,-0.0050242130338106206
2015-12-24,0.007293740957305728
2015-12-28,-0.0062197841399697085
2015-12-29,0.006539000467071565
2015-12-30,-0.01614851453741295
2015-12-31,0.00018873054126511413
2016-01-04,0.013958243965158657
2016-01-05,0.0030695273956511393
2016-01-06,0.012518545710656026
2016-01-07,0.01447012217651622
2016-01-08,-0.00893735016714281
2016-01-11,-0.001184230980416534
2016-01-12,-0.00994074273968304
2016-01-13,0.0017502067582830794
2016-01-14,-0.012505724676724173
2016-01-15,0.016388839916025022
2016-01-19,-0.0014658502848717836
2016-01-20,0.015781219182118944
2016-01-21,-0.0072260863304292045
2016-01-22,-0.0017287093588093105
2016-01-25,0.008202698141198006
2016-01-26,0.014011933361215423
2016-01-27,-0.004992400668366814
2016-01-28,-0.0004479885412931317
2016-01-29,0.0007171466884487998
2016-02-01,0.010300967169931452
2016-02-02,-0.0005319403962680269
2016-02-03,0.012419053839795025
2016-02-04,0.014281894383995741
2016-02-05,0.00017283452523075837
2016-02-08,0.03463462937881623
2016-02-09,0.0006677742228144989
2016-02-10,-0.0033369484966521146
2016-02-11,0.044530070659167365
2016-02-12,-0.007051886093404791
2016-02-16,-0.025179526903889582
2016-02-17,0.002649185451773839
2016-02-18,0.012385434978431809
2016-02-19,0.003507094783253839
2016-02-22,-0.016986365409099702
2016-02-23,0.010582925860376236
2016-02-24,0.013417247556746226
2016-02-25,-0.00040364900275247084
2016-02-26,-0.014860202769621855
2016-02-29,0.011559251534285053
2016-03-01,-0.0029175585660977665
2016-03-02,0.00877828686433002
2016-03-03,0.013133550196413157
2016-03-04,0.009941148208443051
2016-03-07,-0.005276063558845023
2016-03-08,-0.0008707850130275085
2016-03-09,-0.004357816422147165
2016-03-10,0.012255311724705065
2016-03-11,-0.010456013229658057
2016-03-14,-0.011360870193487305
2016-03-15,-0.011250401579341096
2016-03-16,-0.0008939983453440936
2016-03-17,0.028634141197204643
2016-03-18,-0.00846180401097274
2016-03-21,-0.007975753398116847
2016-03-22,0.0035374675759947127
2016-03-23,-0.019628265469004536
2016-03-24,-0.0018794858622083188
2016-03-28,-0.0012280988783504032
2016-03-29,0.012869867085555597
2016-03-30,-0.007041074250385471
2016-03-31,0.005949895356224033
2016-04-01,-0.009722897808094988
2016-04-04,-0.0034363863031151576
2016-04-05,0.00853860789331895
2016-04-06,-0.004803015546077316
2016-04-07,0.011206504026073594
2016-04-08,0.00509630244051773
2016-04-11,0.01142853213028161
2016-04-12,0.00214854248993146
2016-04-13,-0.010004744593997916
2016-04-14,-0.01748479946613335
2016-04-15,0.006612224968112201
2016-04-18,0.00040548212626667635
2016-04-19,0.015726349544428198
2016-04-20,0.0001595779504190986
2016-04-21,-0.0033513815316922324
2016-04-22,-0.016253041495696507
2016-04-25,0.008301516763681072
2016-04-26,0.002663594069564512
2016-04-27,0.005635163641245056
2016-04-28,0.01304839054214968
2016-04-29,0.018727736998715994
2016-05-02,0.004266211765677319
2016-05-03,-0.0030895189239633636
2016-05-04,-0.013480981639421241
2016-05-05,-0.0014922047759372559
2016-05-06,0.016910492045891345
2016-05-09,-0.021115359511650778
2016-05-10,-0.001343197854510092
2016-05-11,0.008465820844362648
2016-05-12,-0.003373550007982562
2016-05-13,0.0012595257218273037
2016-05-16,0.0011793379756328548
2016-05-17,0.0021987801979985733
2016-05-18,-0.001958940679871013
2016-05-19,-0.015309728152269275
2016-05-20,-0.0014351194609206752
2016-05-23,-0.0010380459939173248
2016-05-24,-0.017744346259361055
2016-05-25,-0.004394193430533266
2016-05-26,-0.002778932908919063
2016-05-27,-0.005163451261268159
2016-05-31,0.0008238589222051562
2016-06-01,-0.0023872442356748236
2016-06-02,-0.0017327960587778524
2016-06-03,0.025045400508259652
2016-06-06,0.0036287396892122903
2016-06-07,-0.00016065497010864238
2016-06-08,0.012375461356418427
2016-06-09,0.008255200778428451
2016-06-10,0.002519346059834948
2016-06-13,0.008638291023326694
2016-06-14,0.0009342503496310162
2016-06-15,0.00015562635811061654
2016-06-16,0.008010519806092686
2016-06-17,-0.0027775446753712796
2016-06-20,-0.0019342359767892114
2016-06-21,-0.015116279069767424
2016-06-22,-0.001967729240456517
2016-06-23,-0.005362814533221627
2016-06-24,0.0466223050306096
2016-06-27,0.0018939393939394478
2016-06-28,-0.005444197483459368
2016-06-29,0.0065384134924952875
2016-06-30,-0.004154392249093086
2016-07-01,0.013880405354168346
2016-07-05,0.014737842419247915
2016-07-06,0.006266587914337318
2016-07-07,-0.00351677686443419
2016-07-08,-0.002573340241765809
2016-07-11,-0.0011794011607927368
2016-07-12,-0.015424372261300778
2016-07-13,0.0062214593958593856
2016-07-14,-0.008268754010774426
2016-07-15,-0.0036055349298230732
2016-07-18,0.0014323591511966605
2016-07-19,0.0023336160260196692
2016-07-20,-0.009538078236481451
2016-07-21,0.008871664193727868
2016-07-22,-0.005561837214627996
2016-07-25,-0.002871987625976402
2016-07-26,0.0010610947411042737
2016-07-27,0.00446734658302006
2016-07-28,0.00429675361607762
2016-07-29,0.012534677294776086
2016-08-01,0.0017791137242864075
2016-08-02,0.00961965351868077
2016-08-03,-0.006083295719442328
2016-08-04,0.001991057658577766
2016-08-05,-0.016485151316693702
2016-08-08,-0.0022448368341771996
2016-08-09,0.004199771623971893
2016-08-10,0.003958214210698197
2016-08-11,-0.0013390231070021796
2016-08-12,-0.004990652641992499
2016-08-15,0.0033687676564675417
2016-08-16,0.007610199806224793
2016-08-17,-0.0057756748079415
2016-08-18,0.006330528270729108
2016-08-19,-0.007992841287809305
2016-08-22,-0.002014378687711371
2016-08-23,0.002167918456991824
2016-08-24,-0.012084105226687347
2016-08-25,-0.003246790055011828
2016-08-26,0.0010605442314632896
2016-08-29,0.0010594206689840124
2016-08-30,-0.008466303602306047
2016-08-31,-0.003659317630929415
2016-09-01,0.004055342152272656
2016-09-02,0.007544600504840071
2016-09-06,0.02064900486517751
2016-09-07,-0.0037794393757715206
2016-09-08,-0.00557911160275415
2016-09-09,-0.005012023487028561
2016-09-12,-0.006841572628349835
2016-09-13,-0.0015140045420136694
2016-09-14,0.0018953752843062777
2016-09-15,-0.006053726825577033
2016-09-16,-0.005862163054339509
2016-09-19,0.005896730650902571
2016-09-20,0.00015222776693946116
2016-09-21,0.010048012280439389
2016-09-22,0.010174089796977315
2016-09-23,-0.0023874016591325375
2016-09-26,0.0018695782914208703
2016-09-27,-0.010300759319832209
2016-09-28,-0.0049023304022280945
2016-09-29,0.0017431610696185817
2016-09-30,-0.006355377660642536
2016-10-03,-0.003274231834501151
2016-10-04,-0.03262028355376245
2016-10-05,-0.000868749596328322
2016-10-06,-0.012171911901740162
2016-10-07,-0.0007201347246756917
2016-10-11,0.0032828693296416134
2016-10-12,-0.001516380218725022
2016-10-13,0.003117276388912016
2016-10-14,-0.0015139636765437725
2016-10-17,0.001037466166669665
2016-10-18,0.0051020601797675535
2016-10-19,0.005631325595630177
2016-10-20,-0.0018140616640400786
2016-10-21,0.00023708030492497478
2016-10-24,-0.0030808312969798912
2016-10-25,0.007844710312252312
2016-10-26,-0.005582180556375382
2016-10-27,0.0024509609948304423
2016-10-28,0.005994144206637797
2016-10-31,-0.0031360250882006557
2016-11-01,0.011718461985106066
2016-11-02,0.015858227632850497
2016-11-03,-0.003596627690978682
2016-11-04,0.0009216444702315751
2016-11-07,-0.019182075549278865
2016-11-08,-0.00383323494241794
2016-11-09,-0.0006282776918377087
2016-11-10,-0.005579110264141374
2016-11-14,-0.03500596509531806
2016-11-15,0.0022928668032111688
2016-11-16,-0.000490176132301845
2016-11-17,-0.005640039460819257
2016-11-18,-0.006576243321002928
2016-11-21,0.0009101990781443803
2016-11-22,0.0011574276143517803
2016-11-23,-0.018084248071067344
2016-11-25,-0.0091666173054048
2016-11-28,0.010524550100115881
2016-11-29,-0.002267723187669546
2016-11-30,-0.014395130258855082
2016-12-01,-0.0033310764019578443
2016-12-02,0.007027124004040042
2016-12-05,-0.0009360697887760283
2016-12-06,-0.005451468836509821
2016-12-07,0.00633780795545924
2016-12-08,-0.004425490359042605
2016-12-09,-0.008890429116053644
2016-12-12,0.0035362907534950416
2016-12-13,-0.0058444768613020726
2016-12-14,0.003976915233366851
2016-12-15,-0.02884698061780422
2016-12-16,0.0066501149807478566
2016-12-19,0.004580243942773121
2016-12-20,-0.007891275756247262
2016-12-21,-0.0003535346125165262
2016-12-22,-0.0020333540866899202
2016-12-23,0.002746257487458381
2016-12-27,0.004770760930814522
2016-12-28,0.0018464569557534727
2016-12-29,0.014920133083850207
2016-12-30,-0.005534438151975407
2017-01-03,0.009043499490489104
2017-01-04,0.0029300451073148714
2017-01-05,0.013662056776643228
2017-01-06,-0.006611788658687612
2017-01-09,0.009898434460514194
2017-01-10,0.0005914247333123068
2017-01-11,0.009626773251241172
2017-01-12,0.002760161337831857
2017-01-13,-0.003002732098280614
2017-01-17,0.013971346515251781
2017-01-18,-0.0005775174685437312
2017-01-19,-0.008585836700100824
2017-01-20,0.0028312301981352483
2017-01-23,0.008884788456404058
2017-01-24,-0.003868272569444442
2017-01-25,-0.010741138127348893
2017-01-26,-0.006514698496637883
2017-01-27,-0.001176985636034078
2017-01-30,0.00429254750503838
2017-01-31,0.012906490985804764
2017-02-01,-0.0024822108725806036
2017-02-02,0.009207013777967843
2017-02-03,0.0014794517139506969
2017-02-06,0.009437833401723328
2017-02-07,0.003414594448678754
2017-02-08,0.0027548408269131297
2017-02-09,-0.002020038824593895
2017-02-10,-0.0005667162057411135
2017-02-13,-0.008101101589613746
2017-02-14,-0.0004083632718312469
2017-02-15,0.006373009724831569
2017-02-16,0.00673869380300629
2017-02-17,-0.0019355035597278247
2017-02-21,-8.078182604209783e-05
2017-02-22,-0.004444444444444473
2017-02-23,0.014772687639508897
2017-02-24,0.005359201330880969
2017-02-27,0.00039780411352374756
2017-02-28,-0.003817439744652318
2017-03-01,-0.002953817055715846
2017-03-02,-0.013611978275023029
2017-03-03,-0.005195246600556369
2017-03-06,-0.00081599347205219
2017-03-07,-0.0076766226329624265
2017-03-08,-0.0054316317328167996
2017-03-09,-0.005047559442232119
2017-03-10,-0.0014138998733104202
2017-03-13,0.001415901816709697
2017-03-14,-0.00041583498823005716
2017-03-15,-0.0014976693498300886
2017-03-16,0.021998187610305475
2017-03-17,0.002690622770586959
2017-03-20,0.00308987364363289
2017-03-21,0.010132944428815183
2017-03-22,0.002568071025507157
2017-03-23,-0.0019210952695581929
2017-03-24,0.001042526852482295
2017-03-27,0.005768365265058417
2017-03-28,-7.963643778341467e-05
2017-03-29,-0.0015136018004908713
2017-03-30,-0.0067017905301137715
2017-03-31,0.0018474287776104603
2017-04-03,0.0028060609821096705
2017-04-04,0.0033578118067791873
2017-04-05,-0.007649382937002014
2017-04-06,0.003934498408547871
2017-04-07,0.0031992320593356993
2017-04-10,-0.0025512820837225725
2017-04-11,0.01606584284083601
2017-04-12,0.0032253758761320306
2017-04-13,0.008311750317643085
2017-04-17,0.0027218290174579884
2017-04-18,0.0017837185623272855
2017-04-19,-0.007973931367317943
2017-04-20,0.00039019821326169435
2017-04-21,0.0042905061980273995
2017-04-24,-0.009010389440700095
2017-04-25,-0.00799504064258083
2017-04-26,-0.002765486779011339
2017-04-27,0.0012677090697150728
2017-04-28,0.0018992043260244174
2017-05-01,-0.010109728303160925
2017-05-02,0.0014361499143764611
2017-05-03,-0.0069316798192219364
2017-05-04,-0.015966001303167165
2017-05-05,-0.0013860180773542785
2017-05-08,0.0004082298988135058
2017-05-09,-0.008977392933690265
2017-05-10,0.002470559070548717
2017-05-11,0.004435966587652995
2017-05-12,0.002862517493883443
2017-05-15,0.001957286339612674
2017-05-16,0.005209201156796572
2017-05-17,0.018218623481781382
2017-05-18,-0.004612364873260444
2017-05-19,0.0007989135088355415
2017-05-22,0.006386206044405318
2017-05-23,-0.004679862435360449
2017-05-24,-0.001912674785360391
2017-05-25,0.002714807048692869
2017-05-26,0.009396342012268466
2017-05-30,-0.004338908256492857
2017-05-31,0.007844088903865343
2017-06-01,-0.0039308176100628645
2017-06-02,0.007734845168212212
2017-06-05,0.001958019975245584
2017-06-06,0.011803310411634405
2017-06-07,-0.0033220401321233384
2017-06-08,-0.010696788635737198
2017-06-09,-0.006111453835081271
2017-06-12,-0.0018920176697378999
2017-06-13,-0.000236890264272982
2017-06-14,0.005530099328468596
2017-06-15,-0.016184865545233573
2017-06-16,0.001437509102631962
2017-06-19,-0.007815030963417069
2017-06-20,-0.002571894629043392
2017-06-21,0.0019339439275281034
2017-06-22,0.0033777956324667624
2017-06-23,0.0068932155772916115
2017-06-26,-0.00788083324992539
2017-06-27,8.02179106320633e-05
2017-06-28,0.0012836774346900448
2017-06-29,-0.0030449109199719437
2017-06-30,-0.002813052674293548
2017-07-03,-0.018376664508028218
2017-07-05,0.0020527136463461826
2017-07-06,0.0014748662092798348
2017-07-07,-0.0111274555140487
2017-07-10,0.00289591268467726
2017-07-11,0.0012375216815549983
2017-07-12,0.0037079763435454716
2017-07-13,-0.0014776510909514373
2017-07-14,0.008468244959569216
2017-07-17,0.005054682345991157
2017-07-18,0.006732581464206078
2017-07-19,8.055401490958403e-05
2017-07-20,0.002900497742407193
2017-07-21,0.00763174777261888
2017-07-24,-0.00031892242564790507
2017-07-25,-0.0017545842566001335
2017-07-26,-0.0021570274644072684
2017-07-27,0.008486769884657797
2017-07-28,0.0069863837715871124
2017-07-31,-0.0014191491591594163
2017-08-01,0.004737091517173164
2017-08-02,-0.0006285767508711348
2017-08-03,-0.003145148487520233
2017-08-04,-0.00749329518387476
2017-08-07,-7.954991048697568e-05
2017-08-08,-0.0014305570081576402
2017-08-09,0.013212333065401705
2017-08-10,0.008405303355754068
2017-08-11,0.003115992951739477
2017-08-14,-0.002718024487626036
2017-08-15,-0.008176296837901553
2017-08-16,0.0025124231489868087
2017-08-17,0.007439893349801885
2017-08-18,-0.0005442111543074724
2017-08-21,0.003966786847585668
2017-08-22,-0.004415922704188335
2017-08-23,0.002957006381073546
2017-08-24,-0.001862071819847766
2017-08-25,0.004663816556548683
2017-08-28,0.013307505742263137
2017-08-29,0.002596033092175265
2017-08-30,-0.003807783179471058
2017-08-31,0.006192168593466496
2017-09-01,0.006306069849596252
2017-09-05,0.011098490880992795
2017-09-06,-0.003957532072170977
2017-09-07,0.008396394757391734
2017-09-08,0.0006691133970695429
2017-09-11,-0.011144130757800852
2017-09-12,-0.002253944402704766
2017-09-13,-0.0034638370376035565
2017-09-14,0.0009822629090459056
2017-09-15,-0.003245962796336377
2017-09-18,-0.010678563560459264
2017-09-19,-7.662684873954717e-05
2017-09-20,0.004440398901348397
2017-09-21,-0.01631099421803539
2017-09-22,0.0020921069992749786
2017-09-25,0.010438412967070265
2017-09-26,-0.0074992718564046434
2017-09-27,-0.010485717491085178
2017-09-28,0.0016362595807930536
2017-09-29,-0.003111629716063824
2017-10-02,-0.00686699089202103
2017-10-03,-0.0009428390177670387
2017-10-04,0.0017302014721785053
2017-10-05,-0.0029833767005458256
2017-10-06,0.0013386496095701972
2017-10-09,0.008021448126787956
2017-10-10,0.00686528820611132
2017-10-11,-0.003719143691780502
2017-10-12,0.005832944248863159
2017-10-13,0.006340331603099436
2017-10-16,-0.00122933199073183
2017-10-17,-0.013001018614243298
2017-10-18,-0.0024161929742303467
2017-10-19,0.005469177175150497
2017-10-20,-0.007382080829725246
2017-10-23,0.00023479470180065576
2017-10-24,-0.0021131339712415764
2017-10-25,0.0003137446384804399
2017-10-26,-0.00713499718656363
2017-10-27,0.0017373063942554001
2017-10-30,0.004414643741377677
2017-10-31,-0.005572541968437261
2017-11-01,0.005603769207527698
2017-11-02,0.0006279325354803245
2017-11-03,-0.0065887710825977
2017-11-06,0.010185570007155587
2017-11-07,-0.004455270543548773
2017-11-08,0.006202421855158402
2017-11-09,0.0031210986861724965
2017-11-10,-0.010267541554563886
2017-11-13,0.003851009368157632
2017-11-14,0.003288147664073371
2017-11-15,-0.003901677721420249
2017-11-16,0.0007050720047492298
2017-11-17,0.014404277487392703
2017-11-20,-0.016360605373768933
2017-11-21,0.0050996392001434465
2017-11-22,0.008196081648661036
2017-11-24,-0.003793763167144415
2017-11-27,0.005518067867946508
2017-11-28,0.0006955497834191249
2017-11-29,-0.009731965753557725
2017-11-30,-0.00694175538845565
2017-12-01,0.004398443191185875
2017-12-04,-0.0035189238568795744
2017-12-05,-0.009966313078200728
2017-12-06,0.0009512311869142032
2017-12-07,-0.010294583067259166
2017-12-08,-0.0036806668879260096
2017-12-11,-0.0012046258101667817
2017-12-12,-0.004181033509710552
2017-12-13,0.005571275263675846
2017-12-14,0.0067448404122318895
2017-12-15,0.00039878766990586456
2017-12-18,0.006298255629608507
2017-12-19,-0.001188401250219795
2017-12-20,0.004283354186730204
2017-12-21,0.0009478503003936822
2017-12-22,0.006391521560681346
2017-12-26,0.006821350952907368
2017-12-27,0.0022584101465614737
2017-12-28,0.005516686546960026
2017-12-29,0.009427458057607696
2018-01-02,0.005664779964134947
2018-01-03,0.0019030220696665268
2018-01-04,0.002431297189563253
2018-01-05,0.0006821467313995466
2018-01-08,-0.0012876415809394137
2018-01-09,-0.005232841302758584
2018-01-10,0.004345561831495814
2018-01-11,0.0024289897620870526
2018-01-12,0.00969260113945225
2018-01-16,0.001499924976286815
2018-01-17,0.0019469638598204053
2018-01-18,-0.008968609865470878
2018-01-19,0.004449490508342757
2018-01-22,-0.000750807103888973
2018-01-23,0.0036065269139398115
2018-01-24,0.015123211784551671
2018-01-25,0.0047938637679492135
2018-01-26,-0.007927223014231655
2018-01-30,-0.011985758704125549
2018-01-31,0.0026958031452164466
2018-02-01,0.003958214210698197
2018-02-02,-0.007885217043241521
2018-02-05,-0.0005248190728807112
2018-02-06,-0.005176312388644022
2018-02-07,-0.010934318880138072
2018-02-08,0.0040409034208446215
2018-02-09,-0.0028856016080763824
2018-02-12,0.008453260065734547
2018-02-13,0.002945192990387202
2018-02-14,0.02063099534504098
2018-02-15,-0.0025083175315843143
2018-02-16,0.0008135312519776949
2018-02-20,-0.018031261619999017
2018-02-21,0.0009030336602811051
2018-02-22,0.0004511094631109991
2018-02-23,-0.001803715961294583
2018-02-26,0.0018822467187973313
2018-02-27,-0.011422523280690933
2018-02-28,0.0
2018-03-01,-0.00957808862480991
2018-03-02,0.013968801006093878
2018-03-05,-0.00227083495226732
2018-03-06,0.01175935079818946
2018-03-07,-0.005698842025396944
2018-03-08,-0.004600283247313319
2018-03-09,0.0018940828500324525
2018-03-12,-0.0022686024989519993
2018-03-13,0.004926481642962388
2018-03-14,-0.0011313070158988081
2018-03-15,-0.0057384290590751785
2018-03-16,-0.004176792068693147
2018-03-19,0.004194310832913661
2018-03-20,-0.004328731037988809
2018-03-21,0.007322077465257593
2018-03-22,0.00446734658302006
2018-03-23,0.017111468159164644
2018-03-26,0.0037797194110877896
2018-03-27,-0.00967216136281801
2018-03-28,-0.012748898109106954
2018-03-29,-0.001057168400067643
2018-04-02,0.014590207170698477
2018-04-03,-0.006929384492203927
2018-04-04,0.002250900277680712
2018-04-05,-0.00860907289986157
2018-04-06,0.0057388622711769255
2018-04-09,0.003303569587363109
2018-04-10,0.00426547254628451
2018-04-11,0.0108047690014903
2018-04-12,-0.013343144552847352
2018-04-13,0.004781847203614964
2018-04-16,0.0020076971102340746
2018-04-17,-0.00022267074443416135
2018-04-18,0.002969121247755835
2018-04-19,-0.0032562925568003775
2018-04-20,-0.007499329737208016
2018-04-23,-0.01062314033858236
2018-04-24,0.006729697099480125
2018-04-25,-0.007661163478404176
2018-04-26,-0.0037086758438069634
2018-04-27,0.003038820824751154
2018-04-30,-0.003105428693946588
2018-05-01,-0.009420986782980645
2018-05-02,-0.0009204427038226326
2018-05-03,0.006218313939622133
2018-05-04,0.001525902246514832
2018-05-07,-0.0003808943540781762
2018-05-08,-0.00015237858505967594
2018-05-09,-0.0005334993688071998
2018-05-10,0.007244718711396203
2018-05-11,-0.001362847336144557
2018-05-14,-0.0018953752843062777
2018-05-15,-0.020964660528627
2018-05-16,0.0010085551502752033
2018-05-17,-0.0015501473226560147
2018-05-18,0.0015525540100980173
2018-05-21,0.0
2018-05-22,0.0011626104919919555
2018-05-23,-0.001857941034659527
2018-05-24,0.01116877514806447
2018-05-25,-0.00030674415795639565
2018-05-29,-0.00352957683104993
2018-05-30,0.0021560398347582055
2018-05-31,-0.0010757006638973943
2018-06-01,-0.004076553232318814
2018-06-04,-0.0013130006009237638
2018-06-05,0.0034026946849710082
2018-06-06,-0.00030830398000958326
2018-06-07,0.0012335021324896278
2018-06-08,-0.000461981680523027
2018-06-11,0.0006163229667759396
2018-06-12,-0.0029255899273996633
2018-06-13,0.0013898917937285038
2018-06-14,0.005474574332855919
2018-06-15,-0.022546030992379174
2018-06-18,0.0012552766488183043
2018-06-19,-0.0004701266328889231
2018-06-20,-0.00344937637055176
2018-06-21,-0.0031466332234457717
2018-06-22,0.00015788608735545218
2018-06-25,-0.0014202688917867023
2018-06-26,-0.007111251717457745
2018-06-27,-0.003023974877956359
2018-06-28,-0.0039910598699904876
2018-06-29,0.0028049365788109792
2018-07-02,-0.009190441581753306
2018-07-03,0.009517604688728643
2018-07-05,0.004554229269235099
2018-07-06,-0.0023860652855268727
2018-07-09,0.003029519740003872
2018-07-10,-0.003417794166802879
2018-07-11,-0.008773328737928576
2018-07-12,0.0017701569725150357
2018-07-13,-0.004337369007279102
2018-07-16,-0.0012100677876272226
2018-07-17,-0.01001536601129005
2018-07-18,0.0004895958881911966
2018-07-19,-0.0031803182408656205
2018-07-20,0.005808225985058257
2018-07-23,-0.004473363155754417
2018-07-24,-8.167940027570264e-05
2018-07-25,0.006127951507796325
2018-07-26,-0.004953691298520191
2018-07-27,-0.0022036016768054445
2018-07-30,-0.0010632478192137418
2018-07-31,0.001965039095882082
2018-08-01,-0.004739664124574161
2018-08-02,-0.005993963939393998
2018-08-03,0.0029737119267618795
2018-08-06,-0.004612070343548269
2018-08-07,0.0008274036241935345
2018-08-08,0.0024801587802172342
2018-08-09,-0.0005772317218930567
2018-08-10,-0.0006601607492431327
2018-08-13,-0.016348713695773287
2018-08-14,0.0014269714615955387
2018-08-15,-0.012992455993294239
2018-08-16,-0.0011040754378981443
2018-08-17,0.00025510018753704955
2018-08-20,0.008754822633340487
2018-08-21,0.004887029422976141
2018-08-22,0.00310252667946731
2018-08-23,-0.007774010238681517
2018-08-24,0.016259518810551876
2018-08-27,0.002238208623549287
2018-08-28,-0.0013233875814205875
2018-08-29,-0.0024018753978987117
2018-08-30,-0.005645536594541256
2018-08-31,0.0021709090442110224
2018-09-04,-0.0063318314980242985
2018-09-05,0.0018446158566753912
2018-09-06,0.002510670297685369
2018-09-07,-0.003589655848139972
2018-09-10,-0.0005026605212881119
2018-09-11,0.0020117555859702207
2018-09-12,0.007779761224591786
2018-09-13,-0.002241181440447937
2018-09-14,-0.005823627287853572
2018-09-17,0.003933013532949836
2018-09-18,-0.0024171896822345884
2018-09-19,0.004511950303676349
2018-09-20,0.003327233540561192
2018-09-21,-0.008290499423652453
2018-09-24,0.0025916216207941822
2018-09-25,0.0005836330721065153
2018-09-26,-0.0050000000000000044
2018-09-27,-0.009798954080297295
2018-09-28,0.0077814013295471884
2018-10-01,-0.003692844661403738
2018-10-02,0.012888593330627529
2018-10-03,-0.0034098265990434307
2018-10-04,-0.0009180485783387704
2018-10-05,0.003341129437972823
2018-10-08,-0.01398595358035326
2018-10-09,0.002364004306059986
2018-10-10,0.0017689502549060876
2018-10-11,0.028756369097582946
2018-10-12,-0.004413587588118051
2018-10-15,0.00681393070723324
2018-10-16,0.0007338750783967285
2018-10-17,-0.0029333476028844396
2018-10-18,0.00228818251193319
2018-10-19,-0.000978353992560077
2018-10-22,-0.0033461988842417023
2018-10-23,0.009990233974772167
2018-10-24,-0.004540275235196178
2018-10-25,0.0010587446702361447
2018-10-26,0.0027662716472203197
2018-10-29,-0.006490872210953347
2018-10-30,-0.001551673674203724
2018-10-31,-0.0084246090000748
2018-11-01,0.01954957536691082
2018-11-02,-0.00412619383975521
2018-11-05,-0.0008936351971079448
2018-11-06,-0.004878841894434327
2018-11-07,0.0019610248798798136
2018-11-08,-0.0026911816092136664
2018-11-09,-0.013492517516226044
2018-11-12,-0.004227433258230051
2018-11-13,-0.0017481874393484587
2018-11-14,0.0072548979289781546
2018-11-15,0.004056647334235608
2018-11-16,0.006596305803030056
2018-11-19,0.0018839504143370878
2018-11-20,-0.0033521181160790503
2018-11-21,0.005578382959905648
2018-11-23,-0.003915849760908308
2018-11-26,-0.0006552406454750637
2018-11-27,-0.0073758403213805
2018-11-28,0.00842146107446462
2018-11-29,0.0022105380038535127
2018-11-30,-0.003186034222568912
2018-12-03,0.011227728069510334
2018-12-04,0.005835117132195533
2018-12-06,-0.002417210586587615
2018-12-07,0.007026955345888153
2018-12-10,-0.0024864433227795857
2018-12-11,-0.0014472355298531525
2018-12-12,0.0020130444889712162
2018-12-13,-0.0013661790492072168
2018-12-14,-0.004586747723374307
2018-12-17,0.00840745708493329
2018-12-18,0.0014429426988811223
2018-12-19,0.0023215053853804513
2018-12-20,0.00918457010161533
2018-12-21,-0.007755561053464088
2018-12-24,0.010926743211311596
2018-12-26,0.0013411843565089843
2018-12-27,0.006382050084993374
2018-12-28,0.0020355245334273686
2018-12-31,-0.0012500785650582102
2019-01-02,0.0021121419609975156
2019-01-03,0.008430951466139813
2019-01-04,-0.0070445094536923936
2019-01-07,0.0031964588854191955
2019-01-08,-0.002797713335128127
2019-01-09,0.004753816932956623
2019-01-10,-0.003567903111794002
2019-01-11,0.0018681594965994641
2019-01-14,0.0015538808468158471
2019-01-15,-0.0022496505073195117
2019-01-16,0.004198433073444363
2019-01-17,-0.00046452121189100026
2019-01-18,-0.007513517561483329
2019-01-22,0.0009365106736494155
2019-01-23,0.0004678172210039744
2019-01-24,-0.0031174499852775206
2019-01-25,0.014306973010254298
2019-01-28,0.0038538614967715823
2019-01-29,0.004453260633515255
2019-01-30,0.0012995515254869971
2019-01-31,0.007481431082647871
2019-02-01,-0.0021216389038479777
2019-02-04,-0.001974315086746503
2019-02-05,-7.616042952995894e-05
2019-02-06,-0.003576283173412076
2019-02-07,-7.634638101372548e-05
2019-02-08,0.003283890848968518
2019-02-11,-0.0051000619783067025
2019-02-12,0.0016832067114576077
2019-02-13,0.001222195016748806
2019-02-14,-0.0007628928614200614
2019-02-15,0.0063367891650625285
2019-02-19,0.016690691455494733
2019-02-20,0.002387936199154339
2019-02-21,-0.014739855660243828
2019-02-22,0.004306725479316098
2019-02-25,-0.0024826413474535736
2019-02-26,-0.0006034005682129528
2019-02-27,-0.005584502717080109
2019-02-28,-0.003718526618591955
2019-03-01,-0.012492400825778516
2019-03-04,-0.008947836599417225
2019-03-05,-0.0021793654434236753
2019-03-06,0.0022621095273498426
2019-03-07,-0.0008560787337824616
2019-03-08,0.01028193696045121
2019-03-11,-0.006322244542694699
2019-03-12,0.005819366632410894
2019-03-13,0.008639937321609947
2019-03-14,-0.010783920142208414
2019-03-15,0.006494529345526967
2019-03-18,-0.0011522506865400128
2019-03-19,0.0036145128011881855
2019-03-20,-0.0034482758620689724
2019-03-21,0.004306017367118331
2019-03-22,0.004211009955445988
2019-03-25,0.007853041338708122
2019-03-26,-0.005749281674539808
2019-03-27,-0.003347808149277376
2019-03-28,-0.015344663876106557
2019-03-29,0.0024809668558956055
2019-04-01,-0.0035575990610499097
2019-04-02,0.0012418313843676199
2019-04-03,-7.750045421506258e-05
2019-04-04,-0.0006977474199765243
2019-04-05,0.0010861322064099621
2019-04-08,0.005192150530931139
2019-04-09,0.004934102640138827
2019-04-10,0.004296107085490997
2019-04-11,-0.015659613766950464
2019-04-12,0.0015520720455473036
2019-04-15,-0.0029443102663064824
2019-04-16,-0.011035182393037135
2019-04-17,-0.00031433633642674597
2019-04-18,-0.00023575441701295663
2019-04-22,0.001257941312387878
2019-04-23,-0.0032979593026108978
2019-04-24,0.004884543396653118
2019-04-25,0.00023524016317133523
2019-04-26,0.007132760023246698
2019-04-29,-0.004903143208358163
2019-04-30,0.003284900142644487
2019-05-01,-0.0010913816345279326
2019-05-02,-0.009130695348267603
2019-05-03,0.007482082669399093
2019-05-06,0.0019543465411406835
2019-05-07,0.001404422951314821
2019-05-08,-0.0031943713174424904
2019-05-09,0.0032046080254024556
2019-05-10,0.001714025065738145
2019-05-13,0.011200143860110812
2019-05-14,-0.004153545508397416
2019-05-15,0.0012358829972933805
2019-05-16,-0.00871715529004291
2019-05-17,-0.008171206225680905
2019-05-20,0.0012553751164672278
2019-05-21,-0.003212895278095207
2019-05-22,0.001257842441774848
2019-05-23,0.008794027525820924
2019-05-24,-0.0014010342152204203
2019-05-28,-0.005066250974279041
2019-05-29,0.0032118884339502607
2019-05-30,0.005075745840949164
2019-05-31,0.014528842822543409
2019-06-03,0.012942182349370057
2019-06-04,0.0005292759265373981
2019-06-05,0.0037026026323612182
2019-06-06,0.007001375002596122
2019-06-07,0.0026913693567918173
2019-06-10,-0.012302416194977517
2019-06-11,0.0012833647654955094
2019-06-12,0.0041465620467171505
2019-06-13,0.005480836867634897
2019-06-14,0.0006720612655899405
2019-06-17,-0.0010447163939767412
2019-06-18,0.005901265931284261
2019-06-19,-0.0014852220676223604
2019-06-20,0.0359215005987763
2019-06-21,0.0023691052480243613
2019-06-24,0.012963829171500851
2019-06-25,0.00042422086206861387
2019-06-26,-0.002332354775024914
2019-06-27,-0.002266896590549128
2019-06-28,0.0009229812093713985
2019-07-01,-0.0170958192670031
2019-07-02,0.013712471373251489
2019-07-03,0.009326481427904598
2019-07-05,-0.014812725346178723
2019-07-08,0.0002148269768844635
2019-07-09,0.0003579098067287845
2019-07-10,0.00901608270907861
2019-07-11,-0.004113131592249353
2019-07-12,0.00398773438098976
2019-07-15,0.0010639052230836388
2019-07-16,-0.001558787873126799
2019-07-17,0.008586501614755049
2019-07-18,0.00337713824872532
2019-07-19,-0.0007012131106650665
2019-07-22,0.00014039242552454922
2019-07-23,-0.003648405994557402
2019-07-24,0.0019013261661902092
2019-07-25,-0.006255288240531676
2019-07-26,0.003253395223501654
2019-07-29,0.0007754498314680447
2019-07-30,0.007114663116113862
2019-07-31,-0.0025179937811333764
2019-08-01,-0.0036462739365369368
2019-08-02,0.017383313918979404
2019-08-05,0.013143331710626871
2019-08-06,0.0053257196218403635
2019-08-07,0.023702814340790912
2019-08-08,-0.006369068762197561
2019-08-09,-0.0007344432274815071
2019-08-12,0.005813225567360636
2019-08-13,-0.0020594549629248116
2019-08-14,0.009120006448875229
2019-08-15,0.0024407619976820616
2019-08-16,-0.004672266188474938
2019-08-19,-0.007999983858471116
2019-08-20,0.0027992209434382076
2019-08-21,0.0
2019-08-22,-0.0048517392504739965
2019-08-23,0.019568507181138672
2019-08-26,-0.00019646715748000698
2019-08-27,0.009631101815898768
2019-08-28,-0.002076541967472423
2019-08-29,-0.007348191227290024
2019-08-30,-0.004847706789428474
2019-09-03,0.017642057309485315
2019-09-04,0.002846254184988517
2019-09-05,-0.022511786954043878
2019-09-06,-0.006071052589394554
2019-09-09,-0.002655689901521985
2019-09-10,-0.007921650066934682
2019-09-11,0.0027511074626627163
2019-09-12,0.0028773599354687818
2019-09-13,-0.005204461874915967
2019-09-16,0.008182943840697732
2019-09-17,0.001330583482459513
2019-09-18,0.0015945946800830502
2019-09-19,-0.006036468050373167
2019-09-20,0.005939685176889142
2019-09-23,0.010880316998928219
2019-09-24,0.0055129124389627915
2019-09-25,-0.01794922031082391
2019-09-26,0.001927438828339234
2019-09-27,-0.005572155498548947
2019-09-30,-0.022280051336141082
2019-10-01,0.01112099977563119
2019-10-02,0.012820512820512775
2019-10-03,0.004063941096560608
2019-10-04,-0.0005971895883765121
2019-10-07,-0.005643341040734162
2019-10-08,-0.0003338452402357195
2019-10-09,0.005944446102269962
2019-10-10,-0.007502773349037706
2019-10-11,-0.00809479345798525
2019-10-14,0.006070007618794726
2019-10-15,-0.009452286684638267
2019-10-16,0.007038457353749195
2019-10-17,0.0028898177608367437
2019-10-18,-0.0027475021926520737
2019-10-21,-0.0038972765408609167
2019-10-22,-0.00047225663158245723
2019-10-23,0.005534233321464299
2019-10-24,0.006040673771744887
2019-10-25,0.000400277254096304
2019-10-28,-0.006335445148382801
2019-10-29,-0.00201342281879191
2019-10-30,0.004169435892316775
2019-10-31,0.012188637715869088
2019-11-01,-0.002249586052098018
2019-11-04,0.0
2019-11-05,-0.018037102899121304
2019-11-06,0.006347853885599886
2019-11-07,-0.01744732307872776
2019-11-08,-0.0019805371127277205
2019-11-11,-0.0039691019190591925
2019-11-12,-0.00233598379530231
2019-11-13,0.006611098235205004
2019-11-14,0.006909829646058796
2019-11-15,-0.003057480534521595
2019-11-18,0.0024534692742719244
2019-11-19,0.0016316706602941267
2019-11-20,0.0
2019-11-21,-0.0069232830408855195
2019-11-22,0.0
2019-11-25,-0.004442621904492183
2019-11-26,0.0021969472029548243
2019-11-27,-0.00438417879160935
2019-11-29,0.008394076625114488
2019-12-02,-0.0022515876178922367
2019-12-03,0.010873214670608755
2019-12-04,-0.002841260526727396
2019-12-05,0.001967452112661139
2019-12-06,-0.012052304512072065
2019-12-09,0.0001371209961862352
2019-12-10,0.002261307919822597
2019-12-11,0.004649288213888214
2019-12-12,-0.001837534502059257
2019-12-13,0.006068060755679117
2019-12-16,-0.0004065977201573867
2019-12-17,-0.00027120299258476255
2019-12-18,-0.0013563000360183874
2019-12-19,0.003802781256810217
2019-12-20,-0.0023677446323991935
2019-12-23,0.00528924465070113
2019-12-24,0.011197285386804312
2019-12-26,0.00680413141771985
2019-12-27,0.0029815145129650222
2019-12-30,0.0004623802016765488
2019-12-31,0.003301419610432399
2020-01-02,0.0032905561039815456
2020-01-03,0.01620200142464734
2020-01-06,0.010973405974574524
2020-01-07,0.003575595601353454
2020-01-08,-0.009161486173001832
2020-01-09,-0.0036599930350791343
2020-01-10,0.0037378675070167677
2020-01-13,-0.005842680954052937
2020-01-14,-0.0038749676475047234
2020-01-15,0.0062888686581550335
2020-01-16,-0.001997278290509108
2020-01-17,0.006326693885167822
2020-01-21,-0.001539661495306488
2020-01-22,-0.000706743490544226
2020-01-23,0.005979506504111276
2020-01-24,0.004154416529097649
2020-01-27,0.0036280779904294125
2020-01-28,-0.004819950165462217
2020-01-29,0.000382422683483874
2020-01-30,0.008727195022131706
2020-01-31,-0.00037889206563779254
2020-02-03,-0.003601031748229011
2020-02-04,-0.01699209205395924
2020-02-05,0.004772977488090024
2020-02-06,0.004686048612788207
2020-02-07,0.0022362788669072486
2020-02-10,0.003888802550604975
2020-02-11,-0.005778863191787997
2020-02-12,0.001149750163640162
2020-02-13,0.004912562876061788
2020-02-14,0.004825075045227001
2020-02-18,0.0109307192530812
2020-02-19,0.004687499999999956
2020-02-20,0.0056609490425738596
2020-02-21,0.017320302129691267
2020-02-24,0.01690383633759951
2020-02-25,-0.015247548210802098
2020-02-26,-0.004189704482223999
2020-02-27,0.0
2020-02-28,-0.046280502691501524
2020-03-02,0.01802958486181372
2020-03-03,0.03127546645147916
2020-03-04,-0.0006089763198755538
2020-03-05,0.015416518922981348
2020-03-06,0.0026404370796919707
2020-03-09,0.0022144787309947844
2020-03-10,-0.009196789736675148
2020-03-11,-0.010668405420007354
2020-03-12,-0.031741181193497225
2020-03-13,-0.04630975611591981
2020-03-16,-0.019660835071461547
2020-03-17,0.026246718728858642
2020-03-18,-0.031215145139910194
2020-03-19,0.0008799341466505517
2020-03-20,0.003652119912907814
2020-03-23,0.055929919137466255
2020-03-24,0.059476675923340716
2020-03-25,-0.016805145864542737
2020-03-26,0.010904812978834055
2020-03-27,-0.01587779623023844
2020-03-30,-0.0011700378012791113
2020-03-31,-0.023797765466052723
2020-04-01,-0.0032841184552284686
2020-04-02,0.03009758045216593
2020-04-03,0.004920957273962578
2020-04-06,0.026504284827250757
2020-04-07,-0.007274866530635027
2020-04-08,0.0003603889766581325
2020-04-09,0.04251226475316172
2020-04-13,0.004953402775092375
2020-04-14,0.006820209772313124
2020-04-15,-0.016792850697309403
2020-04-16,-0.0039369655801569925
2020-04-17,-0.018135359683463026
2020-04-20,0.007340767684405947
2020-04-21,-0.013751777591560432
2020-04-22,0.030091765861830932
2020-04-23,0.002661015668526945
2020-04-24,-0.005653982895085452
2020-04-27,-0.006730476116006634
2020-04-28,-0.0008178190280367925
2020-04-29,-0.004150818816683666
2020-04-30,-0.011271617334156159
2020-05-01,0.006115692392080874
2020-05-04,0.007317807267077203
2020-05-05,-0.0014646434848216705
2020-05-06,-0.01185172081250807
2020-05-07,0.022325198163132498
2020-05-08,-0.006911385803573311
2020-05-11,-0.008538496624058811
2020-05-12,0.005367766957965925
2020-05-13,0.005573808885191767
2020-05-14,0.01411981494086767
2020-05-15,0.00880274382546209
2020-05-18,-0.01231890913949063
2020-05-19,0.007160123567464316
2020-05-20,0.0036693180789062474
2020-05-21,-0.017194091172006765
2020-05-22,0.008195277876162477
2020-05-26,-0.017179711274783238
2020-05-27,0.003226184797320286
2020-05-28,0.0017540781818112805
2020-05-29,0.013774572411924924
2020-06-01,0.0005181785948595863
2020-06-02,-0.007250602659809369
2020-06-03,-0.015882160398357326
2020-06-04,0.012427833065796756
2020-06-05,-0.02484151063802742
2020-06-08,0.013184642823070858
2020-06-09,0.009656657759072873
2020-06-10,-0.0008164124241055726
2020-06-11,0.010914580423122988
2020-06-12,-0.0015588632632073107
2020-06-15,-0.005204417825639296
2020-06-16,0.005405991102626295
2020-06-17,-0.00023128146375406278
2020-06-18,-0.00254447285912085
2020-06-19,0.012233287910835555
2020-06-22,0.006185879263869598
2020-06-23,0.00876645121085673
2020-06-24,-0.0035550628320105693
2020-06-25,-0.002095408959039924
2020-06-26,0.005902062628770022
2020-06-29,0.0012976298043019252
2020-06-30,0.010254648789249421
2020-07-01,-0.01104297201791693
2020-07-02,0.0060907112144839015
2020-07-06,0.002522421524663754
2020-07-07,0.008778278541724971
2020-07-08,0.006263190962168652
2020-07-09,-0.008978269803428862
2020-07-10,-0.0005558025940077815
2020-07-13,0.007118256687629998
2020-07-14,-0.00022088592714675226
2020-07-15,0.0004418694570380577
2020-07-16,-0.007011191934976124
2020-07-17,0.005337242406658893
2020-07-20,0.004202828834110051
2020-07-21,0.014593314413633873
2020-07-22,0.011778088842989476
2020-07-23,0.0134112978528107
2020-07-24,0.004340730161538575
2020-07-27,0.017762056767294032
2020-07-28,0.007094744263011377
2020-07-29,0.004525144777641543
2020-07-30,-0.005733274211351391
2020-07-31,0.010554496980200723
2020-08-03,0.0016302991095733521
2020-08-04,0.01790434952791209
2020-08-05,0.014941047943036967
2020-08-06,0.010043830761298445
2020-08-07,-0.020180367737783422
2020-08-10,0.007114098304467076
2020-08-11,-0.045346792986082685
2020-08-12,0.0011901318727005616
2020-08-13,0.011266694135483313
2020-08-14,-0.010067946881726408
2020-08-17,0.0247805885389778
2020-08-18,0.007254420359729119
2020-08-19,-0.020356143215570333
2020-08-20,-0.012712463860966805
2020-08-21,0.00041365536126503066
2020-08-24,-0.003566641425172379
2020-08-25,-0.008248120945422155
2020-08-26,0.015116592533547024
2020-08-27,-0.00984179732390078
2020-08-28,0.022377185962904944
2020-08-31,0.0015270284217046015
2020-09-01,0.00030492762420331054
2020-09-02,-0.017173014732414726
2020-09-03,-0.0035153271000319952
2020-09-04,-0.0019194600636732728
2020-09-08,0.004729962820551936
2020-09-09,0.006052742458290128
2020-09-10,0.004885072370303334
2020-09-11,-0.008392131180801399
2020-09-14,0.007895513661001718
2020-09-15,0.0016384584927495727
2020-09-16,0.0019935093014418204
2020-09-17,-0.010305046258060946
2020-09-18,0.006237100817493513
2020-09-21,-0.026074496721810725
2020-09-22,-0.0013675445259374586
2020-09-23,-0.02038341497393703
2020-09-24,0.004516384915210114
2020-09-25,-0.005673659144257326
2020-09-28,0.00812838351356171
2020-09-29,0.01148013639440748
2020-09-30,-0.003589742201786761
2020-10-01,0.011072860616721858
2020-10-02,-0.004296831449006722
2020-10-05,0.006473028704447437
2020-10-06,-0.005960797079248459
2020-10-07,-0.009205197109429464
2020-10-08,0.0026544914338537673
2020-10-09,0.01636133898840919
2020-10-12,0.0015629070070330986
2020-10-13,-0.01768530559167747
2020-10-14,0.00677789188674871
2020-10-15,0.0009992648687517924
2020-10-16,-0.001260982768664043
2020-10-19,0.0029461150263490055
2020-10-20,0.002098195524955271
2020-10-21,0.007432972670857296
2020-10-22,-0.012210329573991374
2020-10-23,0.0004734229791283351
2020-10-26,0.0003680079768006994
2020-10-27,0.00320602187039154
2020-10-28,-0.017078843683110856
2020-10-29,-0.005649704648652665
2020-10-30,0.006325069137299355
2020-11-02,0.0069244699216712835
2020-11-03,0.009574680148212389
2020-11-04,-0.007283219499115923
2020-11-05,0.02676030502244031
2020-11-06,0.0025702975759509528
2020-11-09,-0.04978726104970077
2020-11-10,0.01197931892246662
2020-11-11,-0.007838366775525851
2020-11-12,0.00639545586410506
2020-11-13,0.006995608115309748
2020-11-16,0.0008485430862188448
2020-11-17,-0.0014836267449171991
2020-11-18,-0.005837092066861227
2020-11-19,-0.006618641267180481
2020-11-20,0.006179141449066616
2020-11-23,-0.018583748377398845
2020-11-24,-0.0179562515634073
2020-11-25,0.0004986160900950498
2020-11-27,-0.013180443817571552
2020-11-30,-0.0034794731226440723
2020-12-01,0.02162528888324866
2020-12-02,0.006394341955818117
2020-12-03,0.006079913432174289
2020-12-04,-0.0004899958569996032
2020-12-07,0.014107535306737917
2020-12-08,0.004834031455560828
2020-12-09,-0.019350049335771335
2020-12-10,-0.000545077953399975
2020-12-11,0.0033813663420270146
2020-12-14,-0.006033317404964933
2020-12-15,0.012905396339692787
2020-12-16,0.0020514639408535373
2020-12-17,0.016755549806049652
2020-12-18,-0.0007948283376483234
2020-12-21,-0.0034469958998304406
2020-12-22,-0.006704968025398439
2020-12-23,0.00433942767163864
2020-12-24,0.0027738162786727916
2020-12-28,-0.0014362855508920358
2020-12-29,0.0013317707569933113
2020-12-30,0.006011623728074289
2020-12-31,0.0011105106218600724
2021-01-04,0.027256867704499754
2021-01-05,0.004113745153939696
2021-01-06,-0.023454666821867143
2021-01-07,0.002831834047367865
2021-01-08,-0.040893202554750485
2021-01-11,0.008451011507727868
2021-01-12,-0.003622378492815659
2021-01-13,0.005806039953402564
2021-01-14,-0.0017802798884744009
2021-01-15,-0.011349510590620282
2021-01-19,0.0055758765099303
2021-01-20,0.01435173928462219
2021-01-21,-0.0003215475524342981
2021-01-22,-0.005146677427195323
2021-01-25,-0.00043106470812126485
2021-01-26,-0.002264312462616047
2021-01-27,-0.0031339098237614937
2021-01-28,-0.0037942435402282815
2021-01-29,0.005114546106532281
2021-02-01,0.0073079627798224855
2021-02-02,-0.016283344815692047
2021-02-03,0.0009286813285305229
2021-02-04,-0.023632751834819055
2021-02-05,0.012298060092657215
2021-02-08,0.011596443600907724
2021-02-09,0.0018560098088049592
2021-02-10,0.002887771272711781
2021-02-11,-0.008529800815017863
2021-02-12,-0.0018083449964251264
2021-02-16,-0.013394831324706091
2021-02-17,-0.014522577506703604
2021-02-18,0.0012986555585965398
2021-02-19,0.0013533463296615533
2021-02-22,0.01740055270532359
2021-02-23,-0.0012729987380144525
2021-02-24,-0.004433606679094204
2021-02-25,-0.012246715487089666
2021-02-26,-0.026093354480996478
2021-03-01,-0.003240539126816877
2021-03-02,0.006153831980225011
2021-03-03,-0.010270571235681092
2021-03-04,-0.00880318149968351
2021-03-05,-0.0012939367339462882
2021-03-08,-0.011955270216799208
2021-03-09,0.02318652056161219
2021-03-10,0.002854494048556644
2021-03-11,0.00046473937155089295
2021-03-12,-0.0016257613358544587
2021-03-15,0.005466719635977002
2021-03-16,0.0009832559129330232
2021-03-17,-0.0021957279622206727
2021-03-18,0.003127115005246095
2021-03-19,0.0053112074249646035
2021-03-22,-0.002067288121894273
2021-03-23,-0.00753832275760602
2021-03-24,0.00475449265051342
2021-03-25,-0.004616538685031757
2021-03-26,0.004232086877204555
2021-03-29,-0.011603727140356623
2021-03-30,-0.016470972241106496
2021-03-31,0.017756413077116395
2021-04-01,0.007410404253727965
2021-04-05,0.0002896032435564244
2021-04-06,0.008396062536189852
2021-04-07,-0.0008039186988587632
2021-04-08,0.009597191814547434
2021-04-09,-0.007684426015928891
2021-04-12,-0.006940915113484825
2021-04-13,0.008664510410739235
2021-04-14,-0.006471152831168725
2021-04-15,0.017580263744765956
2021-04-16,0.007703622633885132
2021-04-19,-0.005396276327114924
2021-04-20,0.004464804060731575
2021-04-21,0.00843976795583301
2021-04-22,-0.0061932139451247314
2021-04-23,-0.0023579335768069143
2021-04-26,0.0012380141653769439
2021-04-27,-0.0006744330062985471
2021-04-28,-0.0026996900045697103
2021-04-29,-0.0028761424127984325
2021-04-30,-0.00045242167799219857
2021-05-03,0.013636606642951188
2021-05-04,-0.008708259112053973
2021-05-05,0.004673908395987247
2021-05-06,0.017599924244015464
2021-05-07,0.008592660746867153
2021-05-10,0.0034951802192093595
2021-05-11,-0.0008707350127551416
2021-05-12,-0.00724442978989015
2021-05-13,0.0006584402821590007
2021-05-14,0.007731097274066512
2021-05-17,0.016105324115969877
2021-05-18,0.0001606687165327525
2021-05-19,0.007227754388629659
2021-05-20,0.0002657736602469374
2021-05-21,-0.00271022293756773
2021-05-24,0.00420952982341638
2021-05-25,0.007163323875032379
2021-05-26,0.0016859350315305832
2021-05-27,-0.0029454044666445967
2021-05-28,0.0035870913136444305
2021-06-01,0.00021026250410649538
2021-06-02,0.0024173501113669005
2021-06-03,-0.019030169765727356
2021-06-04,0.009940197809753748
2021-06-07,0.0037040955757943195
2021-06-08,-0.002425188495272401
2021-06-09,0.0005284853745930462
2021-06-10,0.0005282062253282316
2021-06-11,-0.00886914116295856
2021-06-14,-0.007137543538833557
2021-06-15,-0.005096566523605128
2021-06-16,0.0026961445133459883
2021-06-17,-0.04608763171383434
2021-06-18,-0.0033262060275397465
2021-06-21,0.007862449359187895
2021-06-22,-0.0030867661069026164
2021-06-23,0.003377807709884495
2021-06-24,-0.0037592285578361695
2021-06-25,0.0005631899153806241
2021-06-28,0.0016886187331002223
2021-06-29,-0.009440282641204889
2021-06-30,0.0045382345010247516
2021-07-01,0.0028800403463464797
2021-07-02,0.0037727074045654785
2021-07-06,0.006114677753476183
2021-07-07,0.004460551993309192
2021-07-08,-0.0010546902104149325
2021-07-09,0.005779075658564725
2021-07-12,-0.0024861878453038555
2021-07-13,0.002160079985634278
2021-07-14,0.00823478734001215
2021-07-15,0.0022474239303842403
2021-07-16,-0.007602288464482521
2021-07-19,-0.003196499767497918
2021-07-20,0.001216383757163264
2021-07-21,-0.004417692800345763
2021-07-22,0.0011647765031341795
2021-07-23,-0.0019944463079986097
2021-07-26,-0.0014988748782024386
2021-07-27,0.0004447928225070896
2021-07-28,0.0
2021-07-29,0.01761597731140596
2021-07-30,-0.010157260857305395
2021-08-02,0.00303431538898824
2021-08-03,-0.00440019806799774
2021-08-04,0.0002209957568410914
2021-08-05,-0.0029826149760081577
2021-08-06,-0.024984752199831872
2021-08-09,-0.020795440673828103
2021-08-10,0.0031333551918095726
2021-08-11,0.012494201166051155
2021-08-12,-0.0007998311211925291
2021-08-13,0.014979960647155455
2021-08-16,0.006590848109512271
2021-08-17,-0.001063307621077203
2021-08-18,-0.0019047755821078871
2021-08-19,-0.0007858242216253197
2021-08-20,0.0004494151500220589
2021-08-23,0.012464879939289686
2021-08-24,0.0013309807448156352
2021-08-25,-0.009636699517796443
2021-08-26,0.002236886315413855
2021-08-27,0.01361456594065169
2021-08-30,-0.004183626383395644
2021-08-31,0.0033167495854062867
2021-09-01,-0.0010468454071971278
2021-09-02,-0.002426796356136074
2021-09-03,0.012274049782443841
2021-09-07,-0.0191162813552318
2021-09-08,-0.0028955249019967377
2021-09-09,0.0037415945858505495
2021-09-10,-0.0043396287538539635
2021-09-13,0.0013410954664752062
2021-09-14,0.007087026323590928
2021-09-15,-0.006815496808666444
2021-09-16,-0.021089069578919428
2021-09-17,-0.0029636106487113123
2021-09-20,0.0070881583634456735
2021-09-21,0.00805991076076995
2021-09-22,0.000394116650830556
2021-09-23,-0.01632239590082285
2021-09-24,0.0011443611923540598
2021-09-27,0.00017148587557769268
2021-09-28,-0.00811425781249997
2021-09-29,-0.008238304197409896
2021-09-30,0.019634068445033348
2021-10-01,0.0009684675694106026
2021-10-04,0.0052361702742600436
2021-10-05,-0.003736822425772557
2021-10-06,0.0005114937636678807
2021-10-07,-0.0014768392990273105
2021-10-08,-0.0009101630147998474
2021-10-11,-0.0009679856487631033
2021-10-12,0.002108784505683081
2021-10-13,0.020133026992374514
2021-10-14,0.0016725205339054305
2021-10-15,-0.0164189908174478
2021-10-18,-0.0013580253565299572
2021-10-19,0.002776463173266297
2021-10-20,0.00813698638830096
2021-10-21,-0.0016254831308486484
2021-10-22,0.008028323164233742
2021-10-25,0.005847953216374213
2021-10-26,-0.007364368121885345
2021-10-27,0.0029006935816493495
2021-10-28,0.002057929318445062
2021-10-29,-0.01032414289408945
2021-11-01,0.0067863015064146825
2021-11-02,-0.0035652746371263033
2021-11-03,-0.014032524331145213
2021-11-04,0.0166704608874213
2021-11-05,0.013050766544373982
2021-11-08,0.006055934734722435
2021-11-09,0.001532191485392076
2021-11-10,0.009507171280887183
2021-11-11,0.008443372911926206
2021-11-12,0.002522581239459143
2021-11-15,-0.0009636751456705284
2021-11-16,-0.006698462120752757
2021-11-17,0.008685787547471513
2021-11-18,-0.004653126918264139
2021-11-19,-0.005266012266590514
2021-11-22,-0.024416568908864678
2021-11-23,-0.012458471760797396
2021-11-24,0.0003364034684258943
2021-11-25,0.004091726320285094
2021-11-26,-0.0034051443021123617
2021-11-29,-0.0016803898044864818
2021-11-30,-0.004881374069370614
2021-12-01,0.004510599971877527
2021-12-02,-0.011731042153381721
2021-12-03,0.01209748930472121
2021-12-06,-0.002525252525252486
2021-12-07,0.002869184577179995
2021-12-08,0.00044881007465624734
2021-12-09,-0.004934422287571905
2021-12-10,0.004677137914072427
2021-12-13,0.0019070191079164633
2021-12-14,-0.008901093869696508
2021-12-15,-0.004405811523136682
2021-12-16,0.01928968595877656
2021-12-17,0.004007610675737183
2021-12-20,-0.005599344374567328
2021-12-21,-0.0032334988658628827
2021-12-22,0.0076625935369984965
2021-12-23,0.005328583323728875
2021-12-27,-0.0017115590048089047
2021-12-28,0.0011614266989066202
2021-12-29,-0.0028173548356557054
2021-12-30,0.004210279590453503
2021-12-31,0.008164643474810607
2022-01-03,-0.015376183631156004
2022-01-04,0.008113802038371976
2022-01-05,0.0058434264531077584
2022-01-06,-0.01967555896877271
2022-01-07,0.004640268940963033
2022-01-10,0.0007790898241861743
2022-01-11,0.011232179102341977
2022-01-12,0.004728898988996644
2022-01-13,-0.003283712872338862
2022-01-14,-0.0025806892696492723
2022-01-18,-0.0023121118479906277
2022-01-19,0.016994937884445838
2022-01-20,-0.0003255252530436348
2022-01-21,-0.005807300500339174
2022-01-24,0.005404466688426757
2022-01-25,0.005972742733147518
2022-01-26,-0.012306324477091457
2022-01-27,-0.020001079347303108
2022-01-28,-0.004684115421483281
2022-01-31,0.005658566557111833
2022-02-01,0.0029526734418523493
2022-02-02,0.004943566129181232
2022-02-03,-0.0034269021330998184
2022-02-04,0.001996658672178242
2022-02-07,0.007749363549869104
2022-02-08,0.003295616873810525
2022-02-09,0.004708187726313318
2022-02-10,0.0005448997529460264
2022-02-11,0.0025052269788561343
2022-02-14,0.014776157350273156
2022-02-15,-0.007066355017063652
2022-02-16,0.008302729101975048
2022-02-17,0.016308416637958123
2022-02-18,-0.0011048432892540871
2022-02-22,0.003950279203856821
2022-02-23,0.0016263446963136197
2022-02-24,0.008328108537978274
2022-02-25,-0.020050894018732057
2022-02-28,0.006838072840743337
2022-03-01,0.022638727728386154
2022-03-02,-0.011068780750497331
2022-03-03,0.007027955556467846
2022-03-04,0.015870528734703626
2022-03-07,0.014655767740029635
2022-03-08,0.023170645772699228
2022-03-09,-0.026567301514872077
2022-03-10,0.0061432856749545905
2022-03-11,-0.007707334268670096
2022-03-14,-0.011650767213810864
2022-03-15,-0.015870573572873248
2022-03-16,-0.010630023334197602
2022-03-17,0.01787210460478894
2022-03-18,-0.007157213628957826
2022-03-21,0.0002074600270678406
2022-03-22,-0.004096248322134399
2022-03-23,0.00827824481609496
2022-03-24,0.012909222511187979
2022-03-25,-0.003976308551636443
2022-03-28,-0.007267925523241181
2022-03-29,-0.014229725682276095
2022-03-30,0.01124476987447709
2022-03-31,0.008119964402314439
2022-04-01,-0.015442220572518206
2022-04-04,0.0052628709887061476
2022-04-05,-0.003265564439800861
2022-04-06,-0.0023402152700950918
2022-04-07,0.008027535559882004
2022-04-08,0.00403347117637054
2022-04-11,0.0013906434261119482
2022-04-12,0.014298166980229121
2022-04-13,0.00451296816806579
2022-04-14,-0.005098422809660552
2022-04-18,0.006088588894085367
2022-04-19,-0.01371731953567601
2022-04-20,-0.001738458060354664
2022-04-21,-0.0037904134758919295
2022-04-22,-0.007146909475848284
2022-04-25,-0.019575374846258375
2022-04-26,0.0043313297346705415
2022-04-27,-0.00815188797779498
2022-04-28,0.0014846634082219534
2022-04-29,0.010907025037761198
2022-05-02,-0.024878226986457253
2022-05-03,0.00375980224321415
2022-05-04,-0.0009632110344034439
2022-05-05,0.003749330476700674
2022-05-06,0.003842023037286646
2022-05-09,-0.01281095907477825
2022-05-10,-0.009261726023364947
2022-05-11,0.006902522421520896
2022-05-12,-0.015545680199365974
2022-05-13,-0.008992227204183023
2022-05-16,0.0033750002785990496
2022-05-17,0.0025916466346154188
2022-05-18,-0.001264947101296654
2022-05-19,0.013932444747874362
2022-05-20,0.00032592747782111964
2022-05-23,0.003257682615340096
2022-05-24,0.009362445232526051
2022-05-25,-0.010133518128498498
2022-05-26,0.0006500234394577475
2022-05-27,0.0021110882118231533
2022-05-31,-0.004645436952099624
2022-06-01,0.00032566216538310044
2022-06-02,0.012586095891780724
2022-06-03,-0.011304567686009959
2022-06-06,-0.0033597448575715116
2022-06-07,0.004512858334319025
2022-06-08,0.002381609967016196
2022-06-09,-0.0016739432718125835
2022-06-10,0.012278207795517693
2022-06-13,-0.023243387656959658
2022-06-14,-0.010120350109409149
2022-06-15,0.0032053323172838155
2022-06-16,0.01674648902443132
2022-06-17,-0.005472165494464609
2022-06-21,-0.0005447810052845448
2022-06-22,-0.00016348346331818142
2022-06-23,-0.004688490120111077
2022-06-24,0.0004382148488373261
2022-06-27,-0.0030659598061524296
2022-06-28,-0.0018672219059124862
2022-06-29,-0.0020908109095598704
2022-06-30,-0.005293034043329481
2022-07-01,-0.0028822965701698067
2022-07-05,-0.020623700640629905
2022-07-06,-0.015268488857152263
2022-07-07,0.0017292062699769684
2022-07-08,0.00155357105353926
2022-07-11,-0.006089840132491808
2022-07-12,-0.0038728041455924345
2022-07-13,0.006325017138577804
2022-07-14,-0.017126024684642305
2022-07-15,-0.0012320185309108167
2022-07-18,0.0039943178220718245
