Date,NG=F
2012-03-30,
2012-04-02,0.012229550223223029
2012-04-03,0.016263980779384957
2012-04-04,-0.021033380453797657
2012-04-05,-0.024287737033553802
2012-04-09,0.008616623264745549
2012-04-10,-0.036070341511116544
2012-04-11,-0.02314127704322466
2012-04-12,-0.000503995734422169
2012-04-13,-0.0010086199796688344
2012-04-16,0.0176678883262269
2012-04-17,-0.03224209135665246
2012-04-18,0.0
2012-04-19,-0.02255255260025968
2012-04-20,0.010487729788101863
2012-04-23,0.04151526819181961
2012-04-24,-0.015944168473912
2012-04-25,0.047088634550255914
2012-04-26,-0.015473918587898039
2012-04-27,0.0736739166914433
2012-04-30,0.045288184898506945
2012-05-01,0.03763674504916281
2012-05-02,-0.04976804215715014
2012-05-03,0.03861513199214328
2012-05-04,-0.02606832159733119
2012-05-07,0.025010934928258344
2012-05-08,0.024400651813542895
2012-05-09,0.030087768528526793
2012-05-10,0.008924979777944708
2012-05-11,0.008846029146695411
2012-05-14,-0.031088109488954685
2012-05-15,0.028383383745148816
2012-05-16,0.047200012207031294
2012-05-17,-0.009167276221672238
2012-05-18,0.057054740223483114
2012-05-21,-0.048504788630895024
2012-05-22,0.03756230387467219
2012-05-23,0.011082368378104501
2012-05-24,-0.03288268708280018
2012-05-25,-0.029845105389205484
2012-05-29,-0.05412779328292816
2012-05-30,-0.0045285790173581475
2012-05-31,0.0016542384325821669
2012-06-01,-0.03963664692510882
2012-06-04,0.038263107307529465
2012-06-05,0.012836495991211061
2012-06-06,-0.010220807176496427
2012-06-07,-0.06071874190622595
2012-06-08,0.010993885727040631
2012-06-11,-0.03523274848706859
2012-06-12,0.0063120729453380875
2012-06-13,-0.021057422663244396
2012-06-14,0.14187640773353505
2012-06-15,-0.01122239647855261
2012-06-18,0.06809889838439753
2012-06-19,-0.03415556527326158
2012-06-20,-0.0110020100231355
2012-06-21,0.025824417264536548
2012-06-22,0.01665375001858327
2012-06-25,0.02628571646554123
2012-06-26,0.027097236105635192
2012-06-27,0.002529804692356974
2012-06-28,-0.01874551085049514
2012-06-29,0.03747244763133928
2012-07-02,0.0
2012-07-03,0.02655809165168521
2012-07-05,0.01586754223335629
2012-07-06,-0.05738536984227527
2012-07-09,0.03854462292246885
2012-07-10,-0.05064166273437254
2012-07-11,0.04238214743972257
2012-07-12,0.007360724645420147
2012-07-13,0.0
2012-07-16,-0.02540012261052571
2012-07-17,-0.0017851175400991348
2012-07-18,0.06330473731576491
2012-07-19,0.00874538259485047
2012-07-20,0.02734245254564094
2012-07-23,0.011684522007133102
2012-07-24,0.022457469018206444
2012-07-25,-0.03671167294208
2012-07-26,0.01140067967158509
2012-07-27,-0.030595822230808478
2012-07-30,0.06777408532612861
2012-07-31,-0.0015556552716582406
2012-08-01,-0.011841728108918037
2012-08-02,-0.0791548177921162
2012-08-03,-0.014726021133683598
2012-08-06,0.010775077477748418
2012-08-07,0.01925721954087889
2012-08-08,-0.010458805347558386
2012-08-09,0.0040913212225694995
2012-08-10,-0.059422735580027086
2012-08-13,-0.014801404207976043
2012-08-14,0.03847563779807128
2012-08-15,-0.03034587181695647
2012-08-16,-0.008733599069993936
2012-08-17,-0.0018354904788363546
2012-08-20,0.0209635600145317
2012-08-21,-0.00036020443534134916
2012-08-22,0.018378334444807853
2012-08-23,-0.008492544104273914
2012-08-24,-0.03568884418895124
2012-08-27,-0.018134636617689215
2012-08-28,-0.014700351534834177
2012-08-29,0.007651101874139643
2012-08-30,0.04328012181976182
2012-08-31,0.018558995629599728
2012-09-04,0.019649898631644458
2012-09-05,-0.020672744697317058
2012-09-06,-0.006797872231529389
2012-09-07,-0.0338617076060681
2012-09-10,0.048471334165338886
2012-09-11,0.06401140271602168
2012-09-12,0.023729899170937596
2012-09-13,-0.008488417628403688
2012-09-14,-0.03095155235462488
2012-09-17,-0.026503590415200673
2012-09-18,-0.03211169540075165
2012-09-19,-0.003966793356091847
2012-09-20,0.012671921197914271
2012-09-21,0.03146230292747676
2012-09-24,-0.016637815401542633
2012-09-25,0.030666244230723727
2012-09-26,0.03385772102335727
2012-09-27,0.09063841523493932
2012-09-28,0.00697603954696846
2012-10-01,0.04819279790599551
2012-10-02,0.014655137803882612
2012-10-03,-0.038515979008090895
2012-10-04,0.003240034770488176
2012-10-05,-0.002935992589563896
2012-10-08,0.002061309802626532
2012-10-09,0.018806902466346642
2012-10-10,0.0023074407226908455
2012-10-11,0.03712235696703026
2012-10-12,0.0019422778314652778
2012-10-15,-0.03461644915180828
2012-10-16,-0.014056231766381933
2012-10-17,0.009601394245753347
2012-10-18,0.03371753994627702
2012-10-19,0.008363593727816365
2012-10-22,-0.045617969470030384
2012-10-23,0.02404408616580289
2012-10-24,-0.02404527187642158
2012-10-25,-0.004637690493850544
2012-10-26,-0.009900966726930749
2012-10-31,0.08588229667769309
2012-11-01,0.0018959831118017245
2012-11-02,-0.03919977982214318
2012-11-05,0.0
2012-11-06,0.01772656272850681
2012-11-07,-0.010782425552037567
2012-11-08,0.008384564229750646
2012-11-09,-0.029102000528776317
2012-11-12,0.01912643787058932
2012-11-13,0.04733897813260812
2012-11-14,0.005616450384227534
2012-11-15,-0.015159553708318785
2012-11-16,0.023494434667902242
2012-11-19,-0.01873347268553427
2012-11-20,0.030384488573570234
2012-11-21,0.01852820951567624
2012-11-23,-0.0005124502691415955
2012-11-26,-0.04383491484526947
2012-11-27,0.010455773225964471
2012-11-28,-0.019368520347371243
2012-11-29,-0.012987038957439911
2012-11-30,-0.023848654918582457
2012-12-03,0.008424591539976989
2012-12-04,-0.014480658484082753
2012-12-05,0.04549308047176015
2012-12-06,-0.009189231857232416
2012-12-07,-0.0313692783929157
2012-12-10,-0.02562660576686926
2012-12-11,-0.013872860331090364
2012-12-12,-0.008792488836357304
2012-12-13,-0.010348931444858933
2012-12-14,-0.009859573802733723
2012-12-17,0.013277051966402942
2012-12-18,0.017867761186378894
2012-12-19,-0.02867175251119003
2012-12-20,0.04277107313281814
2012-12-21,-0.003177330538239209
2012-12-24,-0.03042596923440022
2012-12-26,0.013747759837955398
2012-12-27,-0.011202791521717104
2012-12-28,0.034287419915812745
2012-12-31,-0.03401557425164636
2013-01-02,-0.03521337750895348
2013-01-03,-0.010825884750097381
2013-01-04,0.027829889906976435
2013-01-07,-0.006388776642841543
2013-01-08,-0.01469690655181699
2013-01-09,-0.0326289686729242
2013-01-10,0.025698735715180776
2013-01-11,0.0419667463958886
2013-01-14,0.013826271463674322
2013-01-15,0.024310708401487746
2013-01-16,-0.005788706618858774
2013-01-17,0.017176132821431045
2013-01-18,0.020606762326151884
2013-01-22,-0.0022433811097603007
2013-01-23,-0.0011242796013276601
2013-01-24,-0.03038823991269346
2013-01-25,-0.0005804101574337084
2013-01-28,-0.045005798818886555
2013-01-29,-0.019154747066813638
2013-01-30,0.033787961931367905
2013-01-31,0.001199384844328133
2013-02-01,-0.011380613520482918
2013-02-04,0.004241120406939469
2013-02-05,0.025339327528722144
2013-02-06,0.005589895204545892
2013-02-07,-0.03891161429816736
2013-02-08,-0.003957385419916748
2013-02-11,0.002139354927653603
2013-02-12,-0.014943587721857776
2013-02-13,0.023529403949126948
2013-02-14,-0.04325465448092436
2013-02-15,-0.003161552363441844
2013-02-19,0.03774181847356006
2013-02-20,0.002139354927653603
2013-02-21,-0.010064041454439066
2013-02-22,0.013863166100257507
2013-02-25,0.037374703461901415
2013-02-26,0.003807853343104739
2013-02-27,0.0020425939273180926
2013-02-28,0.015142704002710339
2013-03-01,-0.008605843621489084
2013-03-04,0.021122671391806458
2013-03-05,0.0
2013-03-06,-0.016718621288002278
2013-03-07,0.032276653496387864
2013-03-08,0.013121142130153585
2013-03-11,0.005511154921556738
2013-03-12,-0.0010961766453675414
2013-03-13,0.009602218385140304
2013-03-14,0.035869556273878
2013-03-15,0.015739753989805427
2013-03-18,0.0025826421790915433
2013-03-19,0.022411162362439452
2013-03-20,-0.002267589496919964
2013-03-21,-0.006313155335000986
2013-03-22,-0.0020330107038128986
2013-03-25,-0.015788142479475464
2013-03-26,0.028719291270703273
2013-03-27,0.02313877454171731
2013-03-28,-0.010816045641335426
2013-04-01,-0.0022366553145299894
2013-04-02,-0.01145697806370849
2013-04-03,-0.01738473266934537
2013-04-04,0.012051264150295005
2013-04-05,0.0450975353668317
2013-04-08,-0.01042429606119788
2013-04-09,-0.015923464945224453
2013-04-10,0.016928015042270816
2013-04-11,0.013219069844211395
2013-04-12,0.02005319747026313
2013-04-15,-0.020132647013115568
2013-04-16,0.005559526957262584
2013-04-17,0.01298086048936331
2013-04-18,0.04437583954283375
2013-04-19,0.0015905406603085037
2013-04-22,-0.031987249149362795
2013-04-23,-0.006796409875657994
2013-04-24,-0.016989152460752055
2013-04-25,0.00024002101471554127
2013-04-26,-0.003839643558773087
2013-04-29,0.05805834115808817
2013-04-30,-0.011156707878192007
2013-05-01,-0.0039142808613723545
2013-05-02,-0.06957931192599875
2013-05-03,0.003975104006770813
2013-05-06,-0.007423839097367657
2013-05-07,-0.022687628162612605
2013-05-08,0.014795879640464804
2013-05-09,0.0012569418135790489
2013-05-10,-0.018327881870329188
2013-05-13,0.003836282904430721
2013-05-14,0.025222985154935262
2013-05-15,0.01143141200198139
2013-05-16,-0.033906693867862714
2013-05-17,0.03128176729048615
2013-05-20,0.00863139968703952
2013-05-21,0.024938815615821674
2013-05-22,-0.0014313077498211424
2013-05-23,0.017916934645512583
2013-05-24,-0.0056325198229849605
2013-05-28,-0.01486905885039369
2013-05-29,-0.006229042697376785
2013-05-30,-0.03013500653984269
2013-05-31,-0.009694207856446924
2013-06-03,0.00175702046671522
2013-06-04,0.0017539387604157408
2013-06-05,0.0007503804529678249
2013-06-06,-0.04348913470322213
2013-06-07,0.0002613446471786407
2013-06-10,-0.007314554818708463
2013-06-11,-0.019999993725826948
2013-06-12,0.014232001509899117
2013-06-13,0.009796118972198009
2013-06-14,-0.021237507481836615
2013-06-17,0.038039099496932405
2013-06-18,0.0077419281005859375
2013-06-19,0.014852775457869116
2013-06-20,-0.021700722781884618
2013-06-21,-0.027340774428049053
2013-06-24,-0.008485766960532937
2013-06-25,-0.0246055109952793
2013-06-26,0.016451862230804304
2013-06-27,-0.03371998905345508
2013-06-28,-0.004745940777277857
2013-07-01,0.003366015515331444
2013-07-02,0.021526458830802397
2013-07-03,0.009852220284409796
2013-07-05,-0.01978318511968291
2013-07-08,0.03428250774942754
2013-07-09,-0.022453855552243662
2013-07-10,0.006289308586132858
2013-07-11,-0.0182065623546529
2013-07-12,0.008580165527035
2013-07-15,0.008232703334274394
2013-07-16,0.0008165544258542656
2013-07-17,-0.013054146499104968
2013-07-18,0.050427139800208076
2013-07-19,-0.006033578617181012
2013-07-22,-0.029559247173679637
2013-07-23,0.01794941091094704
2013-07-24,-0.012022462176609405
2013-07-25,-0.014602461191541072
2013-07-26,-0.02442370618666112
2013-07-29,-0.027004206562097344
2013-07-30,-0.007805778538303221
2013-07-31,0.00407930585735139
2013-08-01,-0.01712130399322742
2013-08-02,-0.011809920071000457
2013-08-05,-0.008365664446674081
2013-08-06,-0.00030127373275923297
2013-08-07,-0.021398462178644162
2013-08-08,0.015398815102976249
2013-08-09,-0.020321478209683996
2013-08-12,0.02476777809091235
2013-08-13,-0.00755282700333193
2013-08-14,0.017351573914583973
2013-08-15,0.023040066591692998
2013-08-16,-0.014916607538532078
2013-08-19,0.028206659070496132
2013-08-20,-0.005486587664265796
2013-08-21,0.004645770150506268
2013-08-22,0.024566484742727157
2013-08-23,-0.016925297575972498
2013-08-26,0.008034466912802296
2013-08-27,0.005977770674311156
2013-08-28,0.009054913858299374
2013-08-29,0.014582177789925321
2013-08-30,-0.01022662812606423
2013-09-03,0.023736329963848446
2013-09-04,0.004637261013982652
2013-09-05,-0.0293239308937
2013-09-06,-0.01258743376048388
2013-09-09,0.02124647260384771
2013-09-10,-0.005825217291583473
2013-09-11,-0.004743358772186901
2013-09-12,0.019904710100512757
2013-09-13,0.010720185324242015
2013-09-16,0.01658957561623131
2013-09-17,0.001872651053927532
2013-09-18,-0.008544680216057365
2013-09-19,0.0018852597282386085
2013-09-20,-0.0088709656227971
2013-09-23,-0.023053983539871092
2013-09-24,-0.030538560564706607
2013-09-25,0.000286348078825549
2013-09-26,0.0014313987914846837
2013-09-27,0.026014889233846983
2013-09-30,-0.00808025744689389
2013-10-01,0.013764052130089022
2013-10-02,-0.01856467521859817
2013-10-03,-0.012140028843128037
2013-10-04,0.0020005628286432486
2013-10-07,0.0350826882680515
2013-10-08,0.02397358303710595
2013-10-09,-0.009956990983081337
2013-10-10,0.011959812437997597
2013-10-11,0.014235823956795457
2013-10-14,0.01165251856141647
2013-10-15,-0.007853395789016004
2013-10-16,-0.00554087299700079
2013-10-17,-0.003183890621730412
2013-10-18,0.001863180606676007
2013-10-21,-0.025504770905331986
2013-10-22,-0.02371861875562531
2013-10-23,0.010611523999349393
2013-10-24,0.002763191649407304
2013-10-25,0.02149354361296063
2013-10-28,-0.03722687100217159
2013-10-29,-0.020173725577877777
2013-10-30,0.03517297891846605
2013-10-31,-0.010773424626137285
2013-11-01,-0.018989130549848077
2013-11-04,-0.01935669740386392
2013-11-05,0.006095833751171398
2013-11-06,0.009232494429218585
2013-11-07,0.006003472677795774
2013-11-08,0.011366854574018648
2013-11-11,0.004214629508650036
2013-11-12,0.01203139974124845
2013-11-13,-0.014100115234544686
2013-11-14,0.01093663334244388
2013-11-15,0.01525660650934979
2013-11-18,-0.011748628914062809
2013-11-19,-0.016864834664597095
2013-11-20,0.03318336071638206
2013-11-21,0.007621088116690045
2013-11-22,0.017828197319136985
2013-11-25,0.005573287551227768
2013-11-26,0.007653746003232431
2013-11-27,0.020167601138838975
2013-11-29,0.015147629152171493
2013-12-02,0.008598866950976003
2013-12-03,-0.003008988404534896
2013-12-04,-0.004024152952951332
2013-12-05,0.04343432567640426
2013-12-06,-0.004356274447713582
2013-12-09,0.028682555907536322
2013-12-10,0.0011815015571010612
2013-12-11,0.02360158246463695
2013-12-12,0.01660134389580259
2013-12-13,-0.013154930549299282
2013-12-16,-0.016547926793931134
2013-12-17,0.0018696831512217127
2013-12-18,-0.00839753913329111
2013-12-19,0.04916492923774585
2013-12-20,-0.009416999223161748
2013-12-23,0.010185513174109984
2013-12-24,-0.01053101797525513
2013-12-26,0.0038496826970411124
2013-12-27,-0.005865107686350179
2013-12-30,0.0045382302319514345
2013-12-31,-0.04449966674177719
2014-01-02,0.021513021205275207
2014-01-03,-0.003934320290220672
2014-01-06,0.0004647611349344327
2014-01-07,-0.00162574220652012
2014-01-08,-0.0193067481722905
2014-01-09,-0.050047429235885454
2014-01-10,0.0119849831422294
2014-01-13,0.054527558846682256
2014-01-14,0.022227371656728945
2014-01-15,-0.010070988600546782
2014-01-16,0.01317922837711527
2014-01-17,-0.012779497090226855
2014-01-21,0.024271847870656504
2014-01-22,0.05822610775313941
2014-01-23,0.008743844794136368
2014-01-24,0.09556028315457321
2014-01-27,-0.06464685985901741
2014-01-28,0.038374224389506884
2014-01-29,0.1041128886630236
2014-01-30,-0.09825445169563363
2014-01-31,-0.013570208440921494
2014-02-03,-0.007687564476238307
2014-02-04,0.09582054436038745
2014-02-05,-0.06418600747751635
2014-02-06,-0.01968190317741325
2014-02-07,-0.03163661122842665
2014-02-10,-0.04104714037017143
2014-02-11,0.05350510717693546
2014-02-12,-0.00041456365889891433
2014-02-13,0.08316051859551177
2014-02-14,-0.0017231140031542802
2014-02-18,0.0646336552822333
2014-02-19,0.10772834387526253
2014-02-20,-0.013823391742846303
2014-02-21,0.011708459377233638
2014-02-24,-0.11246944278374027
2014-02-25,-0.06409549423491201
2014-02-26,-0.04729202634918195
2014-02-27,-0.07085476031296623
2014-02-28,0.02172468326164223
2014-03-03,-0.02538513728957459
2014-03-04,0.03895808323355876
2014-03-05,-0.030854951586773538
2014-03-06,0.030731908704497934
2014-03-07,-0.009438040986924245
2014-03-10,0.007145948928654944
2014-03-11,-0.009890346933632554
2014-03-12,-0.024972909333116577
2014-03-13,-0.02383070814463395
2014-03-14,0.009582544996272313
2014-03-17,0.02508465071491095
2014-03-18,-0.01763666835879396
2014-03-19,0.006283742302894524
2014-03-20,-0.025646798098181267
2014-03-21,-0.01281752263612257
2014-03-24,-0.008578756678953692
2014-03-25,0.03157150405099696
2014-03-26,-0.0020403139839338946
2014-03-27,0.04134488011531601
2014-03-28,-0.021596853124484783
2014-03-31,-0.025418130889829138
2014-04-01,-0.0217341098728423
2014-04-02,0.02057993925121404
2014-04-03,0.02428963116251137
2014-04-04,-0.006935047415430495
2014-04-07,0.008335143359438524
2014-04-08,0.012958018300490926
2014-04-09,0.011468911930993864
2014-04-10,0.01504584488817784
2014-04-11,-0.007518866309719985
2014-04-14,-0.012987000923330161
2014-04-15,0.0015350810461096653
2014-04-16,-0.008101533427726237
2014-04-17,0.04657835670975641
2014-04-21,-0.009280773496021855
2014-04-22,0.008941838760008203
2014-04-23,-0.0018990978731693309
2014-04-24,-0.005285432403090873
2014-04-25,-0.012327330218605215
2014-04-28,0.03184855725201419
2014-04-29,0.007507773589168654
2014-04-30,-0.003311901158987718
2014-05-01,-0.019937734872007118
2014-05-02,-0.00953593507173267
2014-05-05,0.0029953822083621517
2014-05-06,0.02367738468663161
2014-05-07,-0.0122942316910023
2014-05-08,-0.03544298576530358
2014-05-09,-0.008967604797532447
2014-05-12,-0.021408103979332793
2014-05-13,-0.017140327776613895
2014-05-14,0.0020652367532705274
2014-05-15,0.023356940066036502
2014-05-16,-0.012530713264758742
2014-05-19,0.012916311352938248
2014-05-20,0.01834457705448811
2014-05-21,-0.01735500777479204
2014-05-22,-0.025486215589877848
2014-05-23,0.010552879477144117
2014-05-27,0.0227014528648386
2014-05-28,0.025305181065807814
2014-05-29,-0.012989812367312226
2014-05-30,-0.0037289314120111383
2014-06-02,0.015411751317338851
2014-06-03,0.003686079446322932
2014-06-04,0.00237625386071727
2014-06-05,0.013146626916533455
2014-06-06,0.0019144488651254843
2014-06-09,-0.013800436665395766
2014-06-10,-0.024757754917197117
2014-06-11,-0.00485658096826147
2014-06-12,0.056344319592602554
2014-06-13,-0.0048299537842465545
2014-06-16,-0.006752493333184395
2014-06-17,0.00042496961391291777
2014-06-18,-0.010618005852672252
2014-06-19,-0.016097834418268397
2014-06-20,-0.011561948520520171
2014-06-23,-0.018759663555666495
2014-06-24,0.02001793662720619
2014-06-25,0.003969156888788294
2014-06-26,-0.03360419038590301
2014-06-27,0.0020454146201953627
2014-06-30,0.011794068206208763
2014-07-01,-0.0013449993292640183
2014-07-02,-0.02199776683936272
2014-07-03,0.011246331106232743
2014-07-07,-0.04108039651724904
2014-07-08,-0.004970392644089716
2014-07-09,-0.00808751663230467
2014-07-10,-0.011990453194260065
2014-07-11,0.006310685342326261
2014-07-14,0.00024117885741259393
2014-07-15,-0.01205684009534902
2014-07-16,0.005369742570791258
2014-07-17,-0.04005825771642102
2014-07-18,-0.0007587306483888279
2014-07-21,-0.025816248730139213
2014-07-22,-0.02000517100106558
2014-07-23,-0.0026511108870757027
2014-07-24,0.022594310960181607
2014-07-25,-0.017156222182819647
2014-07-28,-0.008992309124672082
2014-07-29,0.016279719525069236
2014-07-30,-0.005777330325552943
2014-07-31,0.014527223075341489
2014-08-01,-0.011194996599074969
2014-08-04,0.009478676258400487
2014-08-05,0.016431914956331672
2014-08-06,0.009237878538431055
2014-08-07,-0.014492794036541023
2014-08-08,0.022187814054664967
2014-08-11,0.0007571986526280217
2014-08-12,0.0022698772099190023
2014-08-13,-0.03598386720936986
2014-08-14,0.01957708366226618
2014-08-15,-0.03328209917737035
2014-08-18,0.0042372966970185555
2014-08-19,0.022415621547229758
2014-08-20,-0.013928330651201248
2014-08-21,0.017263925067091623
2014-08-22,-0.01259964658383994
2014-08-25,0.02526044902042557
2014-08-26,-0.006604018960847613
2014-08-27,0.011761698710729185
2014-08-28,0.021986386461873675
2014-08-29,0.005192855508088012
2014-09-02,-0.043050418167999926
2014-09-03,-0.01105404115496833
2014-09-04,-0.007278367241100203
2014-09-05,-0.006808070921504927
2014-09-08,0.021882400491042953
2014-09-09,0.02786378794475408
2014-09-10,-0.00753011336193099
2014-09-11,-0.0331310172200443
2014-09-12,0.008893580621776698
2014-09-15,0.019185864554143395
2014-09-16,0.016280816935712927
2014-09-17,0.004505663679760241
2014-09-18,-0.02566656499368858
2014-09-19,-0.018670125585611763
2014-09-22,0.003388066668223999
2014-09-23,-0.008831148242483322
2014-09-24,0.024895185794051145
2014-09-25,0.015341330241552598
2014-09-26,0.00327373749375659
2014-09-29,0.04267064238427709
2014-09-30,-0.007944148752079161
2014-10-01,-0.023780648880404542
2014-10-02,-0.022619897350217077
2014-10-03,0.027212643606722597
2014-10-06,-0.03490963882802656
2014-10-07,0.015135971069758725
2014-10-08,-0.025777103272721313
2014-10-09,-0.002594031235740535
2014-10-10,0.0036410764267025275
2014-10-13,0.014770645835098017
2014-10-14,-0.025536237859434596
2014-10-15,-0.0041928806312644396
2014-10-16,-0.0010526180399421659
2014-10-17,-0.007903048303377735
2014-10-20,-0.02549122551896743
2014-10-21,0.011171631749714361
2014-10-22,-0.014012408045660285
2014-10-23,-0.010112036535188107
2014-10-24,0.000276070548466123
2014-10-27,-0.017112834507428065
2014-10-28,0.024712108402852095
2014-10-29,0.02164976643276728
2014-10-30,0.026555788381762868
2014-10-31,0.012019860199614874
2014-11-03,0.04466824204737363
2014-11-04,0.020514133224719178
2014-11-05,0.01574220814743632
2014-11-06,0.050071542631961785
2014-11-07,0.0018166153936769458
2014-11-10,-0.03558478206478499
2014-11-11,-0.0018801167539392871
2014-11-12,-0.01459860406967639
2014-11-13,-0.04970130168000497
2014-11-14,0.010812165666201912
2014-11-17,0.07985077131969187
2014-11-18,-0.02234510948635704
2014-11-19,0.029924565574266815
2014-11-20,0.0269961188660941
2014-11-21,-0.0496770009714137
2014-11-24,-0.02695728473305059
2014-11-25,0.03155867049851824
2014-11-26,0.01704809741197244
2014-11-28,-0.06130888569342907
2014-12-01,-0.019814054495910893
2014-12-02,-0.03319188869880452
2014-12-03,-0.01781104915619891
2014-12-04,-0.04099872131199522
2014-12-05,0.041929328393340404
2014-12-08,-0.05444503279164714
2014-12-09,0.01585533278027329
2014-12-10,0.014786456727745367
2014-12-11,-0.019427961403468363
2014-12-12,0.0443038003750269
2014-12-15,-0.020026343524790158
2014-12-16,-0.026888986376163992
2014-12-17,0.022934497278049193
2014-12-18,-0.016207440398734785
2014-12-19,-0.04887423812595926
2014-12-22,-0.09237873397118579
2014-12-23,0.008587770340426015
2014-12-24,-0.044465478478494025
2014-12-26,-0.007590759777070022
2014-12-29,0.060525415246356795
2014-12-30,-0.029789838015167325
2014-12-31,-0.06625732237450377
2015-01-02,0.039460049991153046
2015-01-05,-0.040293057160516565
2015-01-06,0.019430948948972793
2015-01-07,-0.02280459941742441
2015-01-08,0.019505396472816905
2015-01-09,0.0064913061525839755
2015-01-12,-0.05125594630159869
2015-01-13,0.052951698700341554
2015-01-14,0.09853889029804908
2015-01-15,-0.02319828232431942
2015-01-16,-0.009816307468465624
2015-01-20,-0.09465941636323005
2015-01-21,0.05051214515656999
2015-01-22,-0.046738379298789656
2015-01-23,0.05326279395286382
2015-01-26,-0.035164104798137696
2015-01-27,0.03471013647208365
2015-01-28,-0.03857766239416727
2015-01-29,-0.05129094179916205
2015-01-30,-0.0102979460490078
2015-02-02,-0.004087669285166018
2015-02-03,0.02761189548548204
2015-02-04,-0.033405958369552735
2015-02-05,-0.02329077295896187
2015-02-06,-0.008076888160591378
2015-02-09,0.0069794057747400995
2015-02-10,0.030804838547833446
2015-02-11,0.04482625457866973
2015-02-12,-0.030032132381045407
2015-02-13,0.0335421451186102
2015-02-17,-0.016048444888404068
2015-02-18,0.026096420826497546
2015-02-19,0.0010597035979644787
2015-02-20,0.04128435427350574
2015-02-23,-0.02439851823377004
2015-02-24,0.00798888583492996
2015-02-25,-0.0027566840592283537
2015-02-26,-0.06807188081114379
2015-02-27,0.013718924918745712
2015-03-02,-0.013167525156692061
2015-03-03,0.005189006375974081
2015-03-04,0.02101775901999403
2015-03-05,0.02600217598924326
2015-03-06,-0.0007040103497659711
2015-03-09,-0.05671011416294558
2015-03-10,0.02016435391146243
2015-03-11,0.03367487753340459
2015-03-12,-0.031869659326514976
2015-03-13,-0.0025603400019896805
2015-03-16,-0.004033706634287815
2015-03-17,0.05117817925811097
2015-03-18,0.022767095196571274
2015-03-19,-0.036643873197898524
2015-03-20,-0.009598276131096095
2015-03-23,-0.01902368020212697
2015-03-24,0.019392598799986116
2015-03-25,-0.02261305221050225
2015-03-26,-0.018729385724129632
2015-03-27,-0.030688629967574377
2015-03-30,0.020849475299604237
2015-03-31,-0.0015128397960637585
2015-04-01,-0.013257607742390154
2015-04-02,0.04145874827775775
2015-04-06,-0.023221512122130084
2015-04-07,0.01132074351326029
2015-04-08,-0.022761234029625266
2015-04-09,-0.03474602640246838
2015-04-10,-0.006724761701678572
2015-04-13,0.0
2015-04-14,0.007566728007309509
2015-04-15,0.03162052356155143
2015-04-16,0.028352537600484062
2015-04-17,-0.01862889419971303
2015-04-20,-0.0372057886291719
2015-04-21,0.01537856235289814
2015-04-22,0.01203879547047304
2015-04-23,-0.02877975795115917
2015-04-24,0.0
2015-04-27,-0.01619908771684575
2015-04-28,0.01084335353635546
2015-04-29,0.03535955028401361
2015-04-30,0.05564082267768766
2015-05-01,0.009087639413339677
2015-05-04,0.016210401989523948
2015-05-05,-0.014533898032915826
2015-05-06,-0.0014388304110617423
2015-05-07,-0.015129702797845757
2015-05-08,0.053401663715212155
2015-05-11,-0.02708335609899537
2015-05-12,0.03390436368958283
2015-05-13,0.013116971838873726
2015-05-14,0.024872216574729933
2015-05-15,0.002659619579682637
2015-05-18,-0.0019894038120569224
2015-05-19,-0.020598018749522273
2015-05-20,-0.01119402743657627
2015-05-21,0.011663780561336212
2015-05-22,-0.02102400824254047
2015-05-26,-0.02251474032938927
2015-05-27,-0.0024804994387616075
2015-05-28,-0.038721124461610246
2015-05-29,-0.023651192749255978
2015-06-01,0.0026494964377539176
2015-06-02,0.018497556096995105
2015-06-03,-0.023721235124907314
2015-06-04,-0.003037257111078384
2015-06-05,-0.013709068676718728
2015-06-08,0.0444015495551191
2015-06-09,0.05212570661804139
2015-06-10,0.015811692546587874
2015-06-11,-0.022829465237276803
2015-06-12,-0.02654868899744267
2015-06-15,0.050545432350852515
2015-06-16,0.0017307423144872214
2015-06-17,-0.01347616918195238
2015-06-18,-0.02732051423588555
2015-06-19,0.014043944914918782
2015-06-22,-0.029474412335452227
2015-06-23,-0.0025612767580796003
2015-06-24,0.012105646190861075
2015-06-25,0.032982906710415705
2015-06-26,-0.027017510632214137
2015-06-29,0.011539871917721989
2015-06-30,0.009625650540589614
2015-07-01,-0.017302268537612853
2015-07-02,0.014013666704704164
2015-07-06,-0.02338766269195358
2015-07-07,-0.014513774036286287
2015-07-08,-0.011413894114414624
2015-07-09,0.015270066542315996
2015-07-10,0.016140832434161867
2015-07-13,0.03393505477860548
2015-07-14,-0.00837994663386521
2015-07-15,0.027464813740096794
2015-07-16,-0.021932793576980525
2015-07-17,0.005606094426452213
2015-07-20,-0.016376283348280896
2015-07-21,0.020899757780908246
2015-07-22,0.005204755400073369
2015-07-23,-0.02795998880412054
2015-07-24,-0.014204531985003821
2015-07-27,0.004683001202055559
2015-07-28,0.011473669579037837
2015-07-29,0.023041409612401198
2015-07-30,-0.0408870526233438
2015-07-31,-0.01878605833520608
2015-08-03,0.011781968147068111
2015-08-04,0.023289713201006368
2015-08-05,-0.004978641103989934
2015-08-06,0.005360924218767993
2015-08-07,-0.005332337959060629
2015-08-10,0.015725485641501447
2015-08-11,0.0007037626512009787
2015-08-12,0.030590678655443515
2015-08-13,-0.04913000808150325
2015-08-14,0.005023386322369872
2015-08-17,-0.026062188347094395
2015-08-18,-0.00879762832937192
2015-08-19,0.0044379008654842345
2015-08-20,0.014359364205436709
2015-08-21,-0.028675133540360886
2015-08-24,-0.00971600214469781
2015-08-25,0.013207489114167803
2015-08-26,0.002979566328582983
2015-08-27,-0.02042334391387679
2015-08-28,0.029188742377248333
2015-08-31,-0.009576435989000265
2015-09-01,0.0048345154219766595
2015-09-02,-0.019985160163554228
2015-09-03,0.0290785130928084
2015-09-04,-0.02568804979545003
2015-09-08,0.020715656252309644
2015-09-09,-0.02177122303626655
2015-09-10,0.01207094099342565
2015-09-11,0.0037271674007612887
2015-09-14,0.02413658258981366
2015-09-15,-0.010877437458343575
2015-09-16,-0.024926628166027198
2015-09-17,-0.0030075696103801786
2015-09-18,-0.01772244804461698
2015-09-21,-0.012284093902323656
2015-09-22,0.0015545855315781676
2015-09-23,-0.0031043450931892425
2015-09-24,0.008563672377421172
2015-09-25,-0.010420759549487402
2015-09-28,-0.0003899873491228778
2015-09-29,0.008973859630338588
2015-09-30,-0.023975265685518
2015-10-01,-0.036053821012064224
2015-10-02,0.007398227216327546
2015-10-05,-0.0004079671688568265
2015-10-06,0.008163257362146403
2015-10-07,0.0016194123300630192
2015-10-08,0.009700860812504208
2015-10-09,0.0016013559126617505
2015-10-12,0.013189444899248226
2015-10-13,-0.014595730981463495
2015-10-14,0.00800639778814749
2015-10-15,-0.02581406739746983
2015-10-16,-0.009376274465361156
2015-10-19,0.004938207890987645
2015-10-20,0.013923079251236814
2015-10-21,-0.029079169891239376
2015-10-22,-0.007487573026845773
2015-10-23,-0.04191110983652535
2015-10-26,-0.09798774094642992
2015-10-27,0.014548967440602079
2015-10-28,-0.028202684055267713
2015-10-29,0.11018198620385578
2015-10-30,0.028356282926482956
2015-11-02,-0.028005193641897574
2015-11-03,-0.001329796509323744
2015-11-04,0.0039947016683057335
2015-11-05,0.04509283568006639
2015-11-06,0.002961069898293811
2015-11-09,-0.029945211994938048
2015-11-10,0.008695644061371466
2015-11-11,-0.02456893251674963
2015-11-12,-0.001325683148768797
2015-11-13,0.0446902969018137
2015-11-16,0.01016515409049945
2015-11-17,-0.00586999539657207
2015-11-18,-0.010122381832725846
2015-11-19,-0.03025132692085164
2015-11-20,-0.05755713560821263
2015-11-23,0.030303057248691756
2015-11-24,-0.0045248824844553726
2015-11-25,0.0027272917416465425
2015-11-27,0.0027197657748307957
2015-11-30,0.010397831382439549
2015-12-01,-0.0017896862144664016
2015-12-02,-0.029583140439767175
2015-12-03,0.007390315338034359
2015-12-04,0.0022925788418322046
2015-12-07,-0.05443741561689608
2015-12-08,0.0014513890218563752
2015-12-09,-0.003864684667231555
2015-12-10,-0.022793370761118315
2015-12-11,-0.012406994573640806
2015-12-14,-0.048241183754230144
2015-12-15,-0.038014796553680785
2015-12-16,-0.01756315278862075
2015-12-17,-0.019553054395133218
2015-12-18,0.006837586750230384
2015-12-21,0.08149408979623773
2015-12-22,-0.012035584378155995
2015-12-23,0.050317811458891804
2015-12-24,0.023197177451109496
2015-12-28,0.09807781046910202
2015-12-29,0.06463198304017714
2015-12-30,-0.06661045268471666
2015-12-31,0.05555551367735467
2016-01-04,-0.0012836040647667968
2016-01-05,-0.003856067915990913
2016-01-06,-0.024946273784303696
2016-01-07,0.05072783924508695
2016-01-08,0.03778333976589732
2016-01-11,-0.030744327986050535
2016-01-12,-0.05801333233561057
2016-01-13,0.005316829457508554
2016-01-14,-0.05729401118602351
2016-01-15,-0.01823283564521727
2016-01-19,-0.004285630920302541
2016-01-20,0.012912457854871384
2016-01-21,0.009442861491189891
2016-01-22,0.0004676929445275313
2016-01-25,0.008882680667562814
2016-01-26,0.010194659158654362
2016-01-27,0.004128359746939481
2016-01-28,-0.003197793435396279
2016-01-29,0.053162318805424436
2016-02-01,-0.06353356861863835
2016-02-02,-0.05901480388852709
2016-02-03,0.006419758435484146
2016-02-04,-0.03238474018225568
2016-02-05,0.046146024729882384
2016-02-08,0.037324354094241174
2016-02-09,-0.019626193109458345
2016-02-10,-0.02478553124271987
2016-02-11,-0.02541546709648823
2016-02-12,-0.01404212523982351
2016-02-16,-0.03204474314005401
2016-02-17,0.020493974982085827
2016-02-18,-0.046343991719926536
2016-02-19,-0.025917914748879722
2016-02-22,0.009423481018266733
2016-02-23,-0.021416823042940014
2016-02-24,-0.0022446400805860023
2016-02-25,-0.037682807412296904
2016-02-26,0.04675630889573035
2016-02-29,-0.044667807108853874
2016-03-01,0.01811807056799908
2016-03-02,-0.036739386386942297
2016-03-03,-0.023241904495596932
2016-03-04,0.016473428584873773
2016-03-07,0.014405791424816572
2016-03-08,0.013017724516228846
2016-03-09,0.023364463530000323
2016-03-10,0.020547953128158714
2016-03-11,0.019015681955480312
2016-03-14,-0.001646553752396973
2016-03-15,0.01759205362281535
2016-03-16,0.009184267748064245
2016-03-17,0.036402547045549793
2016-03-18,-0.014979361583759343
2016-03-21,-0.04142632324971929
2016-03-22,0.01914665579784014
2016-03-23,-0.03703703940695591
2016-03-24,0.006688943431604866
2016-03-28,0.02325584465458541
2016-03-29,0.02976187558008081
2016-03-30,0.048870233578168554
2016-03-31,-0.018537103770967178
2016-04-01,-0.0015314042848286746
2016-04-04,0.02147242124126736
2016-04-05,-0.02202203653496182
2016-04-06,-0.022006132506555254
2016-04-07,0.05599156115511361
2016-04-08,-0.013875064168036633
2016-04-11,-0.039196014216456465
2016-04-12,0.048117160289987915
2016-04-13,0.015968096642807073
2016-04-14,-0.03241649523988421
2016-04-15,-0.03451780569224938
2016-04-18,0.019979026184177018
2016-04-19,0.07628865852684386
2016-04-20,-0.009099642178026945
2016-04-21,-0.00048329024552273836
2016-04-22,0.034816259178048536
2016-04-25,-0.03598137260243117
2016-04-26,-0.015026611466350759
2016-04-27,-0.018208690403863304
2016-04-28,0.04160404195378198
2016-04-29,0.04812314789615679
2016-05-02,-0.06244257100615491
2016-05-03,0.021547457964131933
2016-05-04,0.026366283634907228
2016-05-05,-0.03035967129194228
2016-05-06,0.012042435291921949
2016-05-09,-0.0014279014184032102
2016-05-10,0.028598637445807373
2016-05-11,0.006950929081189328
2016-05-12,-0.008283536621827237
2016-05-13,-0.02737819769934391
2016-05-16,-0.031965607664247275
2016-05-17,0.009364244945767153
2016-05-18,-0.022949300547675855
2016-05-19,0.01899055881456513
2016-05-20,0.011280039980421375
2016-05-23,-0.0033947475069823208
2016-05-24,-0.03649637238312409
2016-05-25,0.006060588181037385
2016-05-26,-0.014558195228791648
2016-05-27,0.10494133725005339
2016-05-31,0.0548640854657545
2016-06-01,0.04064682290585542
2016-06-02,0.01007976858678572
2016-06-03,-0.0029105902560060404
2016-06-06,0.02835699672527414
2016-06-07,0.003244078160298036
2016-06-08,-0.0024252392955453894
2016-06-09,0.060372841070441385
2016-06-10,-0.023309173220520174
2016-06-13,0.011345870083701248
2016-06-14,0.007350117263202005
2016-06-15,-0.00345624524810928
2016-06-16,-0.005780387182580449
2016-06-17,0.016666660505979758
2016-06-20,0.04727414292698939
2016-06-21,0.007644670042831203
2016-06-22,-0.03287566668702302
2016-06-23,0.007844567832711924
2016-06-24,-0.013343222372959485
2016-06-27,0.020285552380124194
2016-06-28,0.07400587970396066
2016-06-29,-0.018512217419431543
2016-06-30,0.021306360638132293
2016-07-01,0.021545815056818185
2016-07-05,-0.07465686322244525
2016-07-06,0.007959506104343594
2016-07-07,-0.0032304604807514847
2016-07-08,0.008642480473629588
2016-07-11,-0.03534459526979583
2016-07-12,0.011843103627641627
2016-07-13,0.001097301030144493
2016-07-14,-0.0036536318980887605
2016-07-15,0.010634412867364107
2016-07-18,-0.012336777137977095
2016-07-19,0.0022042770823418323
2016-07-20,-0.02565980027549264
2016-07-21,0.012791542509010378
2016-07-22,0.031575052346696
2016-07-25,-0.010803014737307715
2016-07-26,-0.012741203530400091
2016-07-27,-0.014749249051776325
2016-07-28,0.07522454355154462
2016-07-29,0.001044212000844702
2016-08-01,-0.03650904788582565
2016-08-02,-0.013713413803119745
2016-08-03,0.03878519759997223
2016-08-04,-0.0017611398541222956
2016-08-05,-0.021877217296905505
2016-08-08,-0.008658068976419742
2016-08-09,-0.04839879968214322
2016-08-10,-0.020650057598828653
2016-08-11,-0.003904720827309638
2016-08-12,0.013720049309932092
2016-08-15,0.0015467705161218426
2016-08-16,0.010424783676556304
2016-08-17,0.000764178434389029
2016-08-18,0.02100040765116984
2016-08-19,-0.033657409624067935
2016-08-22,0.03676462311320394
2016-08-23,0.03060844352443004
2016-08-24,0.012676597924799804
2016-08-25,0.01788267247784936
2016-08-26,0.00878429225326438
2016-08-29,-0.006269636211122642
2016-08-30,-0.009113222420639722
2016-08-31,0.021223977100345737
2016-09-01,-0.032906139885222174
2016-09-02,0.0
2016-09-06,-0.02686248072989561
2016-09-07,-0.015090132226224018
2016-09-08,0.04857992162835956
2016-09-09,-0.003207435125038516
2016-09-12,0.04218807058076646
2016-09-13,-0.002058333461471551
2016-09-14,-0.006875208483078987
2016-09-15,0.013153377505829456
2016-09-16,0.0071745500918485305
2016-09-19,-0.004748961730744239
2016-09-20,0.03851394529276897
2016-09-21,0.0032819135833961344
2016-09-22,-0.02191688386519186
2016-09-23,-0.011705714287309044
2016-09-26,0.014213217054989125
2016-09-27,-0.0003336428187360463
2016-09-28,-0.014686297735938547
2016-09-29,0.0023713442180461897
2016-09-30,-0.017911527453265852
2016-10-03,0.0058500340521798755
2016-10-04,0.014026646599158754
2016-10-05,0.02597837485562371
2016-10-06,0.0026307582087414794
2016-10-07,0.04722861667258238
2016-10-11,0.01378011565204873
2016-10-12,-0.008341041243247194
2016-10-13,0.04080998143454595
2016-10-14,-0.01676144655349221
2016-10-17,-0.012481012700488403
2016-10-18,0.005856983246464331
2016-10-19,-0.028501359124723957
2016-10-20,-0.009148278602858162
2016-10-21,-0.04711875211064198
2016-10-24,-0.05412627438035067
2016-10-25,-0.020134284144238568
2016-10-26,-0.015501075676929599
2016-10-27,0.01208348334527054
2016-10-28,0.12337195645393217
2016-10-31,-0.02544283275362924
2016-11-01,-0.04097821267063173
2016-11-02,-0.03790485767593643
2016-11-03,-0.008237822869516132
2016-11-04,-0.000722316150779001
2016-11-07,0.017708719011508167
2016-11-08,-0.0649858269636513
2016-11-09,0.021648371609190642
2016-11-10,-0.0215613704476898
2016-11-14,0.04445292718595062
2016-11-15,-0.014550731465406086
2016-11-16,0.020302630525145915
2016-11-17,-0.022069418106839267
2016-11-18,0.051794251916081
2016-11-21,0.03763634012461492
2016-11-22,0.010847479434781482
2016-11-23,0.014755167234796529
2016-11-25,0.019497691610218748
2016-11-28,0.047649942485865626
2016-11-29,0.025680675060937963
2016-11-30,0.011161369602876059
2016-12-01,0.0456444261441904
2016-12-02,-0.019686163614591523
2016-12-05,0.06344584640639872
2016-12-06,-0.00519979561512085
2016-12-07,-0.008803319101460372
2016-12-08,0.02553427963608179
2016-12-09,0.013802467977545252
2016-12-12,-0.06380140916452748
2016-12-13,-0.009409749831128633
2016-12-14,0.01899826861716969
2016-12-15,-0.029943488061155987
2016-12-16,-0.00553292175927067
2016-12-19,-0.00673499331310945
2016-12-20,-0.03803064564412695
2016-12-21,0.08550415044146531
2016-12-22,-0.001129290920136139
2016-12-23,0.03504800178551104
2016-12-27,0.02703440161395454
2016-12-28,0.04493489828731012
2016-12-29,-0.032569979340090094
2016-12-30,-0.02051553596144784
2017-01-03,-0.10660582084495418
2017-01-04,-0.018034248432166833
2017-01-05,0.001836560157707945
2017-01-06,0.0036663867755413193
2017-01-09,-0.05540339587883503
2017-01-10,0.05639709794716441
2017-01-11,-0.01647350131781178
2017-01-12,0.05024812097465281
2017-01-13,0.009746010977535136
2017-01-17,-0.0020473734033223945
2017-01-18,-0.032239125733310114
2017-01-19,0.019987881231447124
2017-01-20,-0.04869359645079119
2017-01-23,0.012172295374129005
2017-01-24,0.011100836574982953
2017-01-25,0.016163456111022878
2017-01-26,0.015005988012811944
2017-01-27,0.0026611658851913855
2017-01-30,-0.04688879928368961
2017-01-31,-0.03558168488013902
2017-02-01,0.016361847337766466
2017-02-02,0.005997491637852015
2017-02-03,-0.03890808630976894
2017-02-06,-0.004244208814201844
2017-02-07,0.02622956176241198
2017-02-08,-0.0012780149437408017
2017-02-09,0.00479849816121769
2017-02-10,-0.03406561968449351
2017-02-13,-0.02966378264523295
2017-02-14,-0.013247294244726149
2017-02-15,0.006884675085537362
2017-02-16,-0.02427345706700801
2017-02-17,-0.007007701571457359
2017-02-21,-0.09527177445502344
2017-02-22,0.010920482658162589
2017-02-23,0.009645098492995885
2017-02-24,0.003821165483258948
2017-02-27,0.025123708562294178
2017-02-28,0.03007792383017982
2017-03-01,0.009012291277377793
2017-03-02,0.0017863079592879139
2017-03-03,0.00820256873070524
2017-03-06,0.026176201878050254
2017-03-07,-0.026542619971143377
2017-03-08,0.027266340073724082
2017-03-09,0.025163720664488354
2017-03-10,0.011432387408548683
2017-03-13,0.011635667230427194
2017-03-14,-0.03450542874328333
2017-03-15,0.014635801008937355
2017-03-16,-0.026501173297758474
2017-03-17,0.01585113873217514
2017-03-20,0.03154678988949944
2017-03-21,0.017099653952001637
2017-03-22,-0.02651148363575928
2017-03-23,0.013284689923999782
2017-03-24,0.008193987538468672
2017-03-27,-0.007802317822354854
2017-03-28,0.014416746295762728
2017-03-29,0.0255167949950581
2017-03-30,0.0050393803669994686
2017-03-31,-0.0003133586729969773
2017-04-03,-0.019435747688872018
2017-04-04,0.05274934806467457
2017-04-05,-0.008199195429603456
2017-04-06,0.019902038143030376
2017-04-07,-0.02101476126613644
2017-04-10,-0.007053051973569979
2017-04-11,-0.02717721525325223
2017-04-12,0.011746012619683999
2017-04-13,0.012550976278062453
2017-04-17,-0.01983262823642895
2017-04-18,-0.005690839480607779
2017-04-19,0.01271858890162636
2017-04-20,-0.0081632726390235
2017-04-21,-0.01836019334924599
2017-04-24,-0.011286709137105388
2017-04-25,-0.007501631448732726
2017-04-26,0.0325336765265507
2017-04-27,0.030872095259985244
2017-04-28,0.011423260245539524
2017-05-01,-0.018620301676644524
2017-05-02,-0.006220834046796964
2017-05-03,0.01032863632554526
2017-05-04,-0.01301109599206407
2017-05-05,0.025109830814859402
2017-05-08,-0.02878141462224193
2017-05-09,0.017339239580010712
2017-05-10,0.020142565001201485
2017-05-11,0.02551636415439007
2017-05-12,0.014218038597539229
2017-05-15,-0.02190421937517195
2017-05-16,-0.03553298263709037
2017-05-17,-0.01176473888146401
2017-05-18,-0.0031328291786105744
2017-05-19,0.02325585228837257
2017-05-22,0.022727236115083427
2017-05-23,-0.03333328082874032
2017-05-24,-0.0031065517704929047
2017-05-25,-0.007790618418692774
2017-05-26,0.016331672590190083
2017-05-30,-0.028121161431477915
2017-05-31,-0.023529374306255013
2017-06-01,-0.020514555566355508
2017-06-02,-0.002991963042582646
2017-06-05,-0.005668542692506495
2017-06-06,0.020120704398151057
2017-06-07,-0.0072321084768461885
2017-06-08,0.0026490514808872323
2017-06-09,0.003632733672835675
2017-06-12,-0.004935868619518002
2017-06-13,-0.019179844799277812
2017-06-14,-0.011126092879065852
2017-06-15,0.04193655058318657
2017-06-16,-0.006217294974259602
2017-06-19,-0.04708590393497425
2017-06-20,0.00449205639398409
2017-06-21,-0.004816022384280694
2017-06-22,0.00034571931497962005
2017-06-23,0.012093934611687507
2017-06-26,0.0334585363296529
2017-06-27,0.0033035978285713696
2017-06-28,0.009878160017729565
2017-06-29,-0.008151241494628758
2017-06-30,-0.00230110761181479
2017-07-03,-0.027677136161671334
2017-07-05,-0.03761438900976799
2017-07-06,0.016901443213183986
2017-07-07,-0.008310224838295577
2017-07-10,0.022695466808829945
2017-07-11,0.040286799082727365
2017-07-12,-0.0203478955158527
2017-07-13,-0.008040177645409985
2017-07-14,0.006416769208397177
2017-07-17,0.013422805905036084
2017-07-18,0.022516582328067525
2017-07-19,-0.007124376284115441
2017-07-20,-0.007501631448732726
2017-07-21,-0.02398946915394007
2017-07-24,-0.023905757070094014
2017-07-25,0.01552262069313759
2017-07-26,-0.006793471768899995
2017-07-27,0.015389902842799064
2017-07-28,-0.009430823642610053
2017-07-31,-0.04998302453222614
2017-08-01,0.008947779588245774
2017-08-02,-0.002837849232683709
2017-08-03,-0.003913253638258007
2017-08-04,-0.009285722618200487
2017-08-07,0.009733305520696733
2017-08-08,0.007497289382602412
2017-08-09,0.02161582910102333
2017-08-10,0.03537981329748874
2017-08-11,-0.0006699682116537709
2017-08-14,-0.0080455679201612
2017-08-15,-0.008110904680432851
2017-08-16,-0.015332142675529292
2017-08-17,0.013494738580637433
2017-08-18,-0.012290889235396674
2017-08-21,0.023850676946439053
2017-08-22,-0.00776502455663175
2017-08-23,-0.0037427418819038216
2017-08-24,0.007172099944938948
2017-08-25,-0.019328560218520474
2017-08-28,0.011410785901679432
2017-08-29,0.012307697072929003
2017-08-30,-0.007429947531808034
2017-08-31,0.034365455701964365
2017-09-01,0.009868411765203922
2017-09-05,-0.031921840951816716
2017-09-06,0.009421304658283614
2017-09-07,-0.006333351135253906
2017-09-08,-0.030526616343629853
2017-09-11,0.020761225121661564
2017-09-12,0.017288094580568014
2017-09-13,0.018993722623770637
2017-09-14,0.003924082786288308
2017-09-15,-0.014983714923442415
2017-09-18,0.040343909347325235
2017-09-19,-0.0076287126912046865
2017-09-20,-0.008968570825706568
2017-09-21,-0.04783451747633538
2017-09-22,0.004412766804624546
2017-09-25,-0.013518147609376419
2017-09-26,-0.00034255825675255647
2017-09-27,0.019191225019668634
2017-09-28,0.01445863589939278
2017-09-29,-0.003314547761358533
2017-10-02,-0.030262747267106094
2017-10-03,-0.007201614967062286
2017-10-04,0.015544067906882564
2017-10-05,-0.00578229918871187
2017-10-06,-0.020526917277238765
2017-10-09,-0.010478509350039134
2017-10-10,0.02047302819289243
2017-10-11,-0.000691834464769947
2017-10-12,0.03461410355272565
2017-10-13,0.003680133048571177
2017-10-16,-0.0179999669392904
2017-10-17,0.005431022901455362
2017-10-18,-0.03646178444641501
2017-10-19,0.006657258016010026
2017-10-20,0.014618885025893924
2017-10-23,0.02607203300138461
2017-10-24,-0.005683704548119506
2017-10-25,-0.018493633887184835
2017-10-26,-0.009934842871206717
2017-10-27,-0.04775086727848665
2017-10-30,0.07776162041459012
2017-10-31,-0.023600866409556165
2017-11-01,-0.0010359188797224306
2017-11-02,0.014517821274404596
2017-11-03,0.016695068398920432
2017-11-06,0.0502681290205671
2017-11-07,0.0057434228158663725
2017-11-08,0.007296955034648667
2017-11-09,0.00787404590327423
2017-11-10,0.004062503515742888
2017-11-13,-0.014316838770051188
2017-11-14,-0.020524173061320705
2017-11-15,-0.007092222566126516
2017-11-16,-0.008766217882384741
2017-11-17,0.014412024480660701
2017-11-20,-0.016144641328603604
2017-11-21,-0.009845740750188292
2017-11-22,-0.016241307738172672
2017-11-24,-0.05222371117805613
2017-11-27,0.04088162496206116
2017-11-28,0.04986335716487744
2017-11-29,0.034157457095900234
2017-11-30,-0.04844284688741862
2017-12-01,0.011900830484789626
2017-12-04,-0.02482855632921077
2017-12-05,-0.02378554883040307
2017-12-06,0.002745331815003471
2017-12-07,-0.05441475825726294
2017-12-08,0.003257351757230298
2017-12-11,0.020202017595669197
2017-12-12,-0.05304105082227428
2017-12-13,0.013816258865245068
2017-12-14,-0.011418011009406315
2017-12-15,-0.026825643179416603
2017-12-18,0.050918796931812116
2017-12-19,-0.01930782349971738
2017-12-20,-0.020430843287958855
2017-12-21,-0.01478954610962735
2017-12-22,0.026558893150485874
2017-12-26,-0.00899893788860906
2017-12-27,0.03594401538219372
2017-12-28,0.0642805418737229
2017-12-29,0.013383676689356028
2018-01-02,0.034879757270030565
2018-01-03,-0.01570683814288465
2018-01-04,-0.04255312065993755
2018-01-05,-0.029513900961588457
2018-01-08,0.014311256086284585
2018-01-09,0.03104058481259364
2018-01-10,-0.005816010194494292
2018-01-11,0.0612526558526143
2018-01-12,0.03761346721675074
2018-01-16,-0.022187530663795307
2018-01-17,0.03291791809754008
2018-01-18,-0.01330452343912003
2018-01-19,-0.0012542955904523145
2018-01-22,0.01224490895853525
2018-01-23,0.06823822275808888
2018-01-24,0.018873419602922326
2018-01-25,-0.0176688615353382
2018-01-26,0.01682625102661084
2018-01-29,0.03594862294058743
2018-01-30,-0.12007714229695254
2018-01-31,-0.06259782530909908
2018-02-01,-0.04641066586848852
2018-02-02,-0.003501397286502783
2018-02-05,-0.0347856565839173
2018-02-06,0.0043684324772454985
2018-02-07,-0.020659716896306746
2018-02-08,-0.0018504353080458502
2018-02-09,-0.04189837410376451
2018-02-12,-0.012383925495304426
2018-02-13,0.016457701629990718
2018-02-14,-0.002698615122667114
2018-02-15,-0.002705825191896216
2018-02-16,-0.008527068456814502
2018-02-20,0.0226739043510924
2018-02-21,0.01643730270201349
2018-02-22,-0.009401977323065913
2018-02-23,-0.003416880306544412
2018-02-26,0.005333310081845344
2018-02-27,0.016673038950676178
2018-02-28,-0.005963485613754149
2018-03-01,0.01162350891173225
2018-03-02,-0.0011119425617996948
2018-03-05,0.003339541063244189
2018-03-06,0.016642040073013842
2018-03-07,0.01018547733410391
2018-03-08,-0.007562084559696647
2018-03-09,-0.00870824711998841
2018-03-12,0.016837482401140358
2018-03-13,0.00287973242193007
2018-03-14,-0.01974158883475363
2018-03-15,-0.01830829487149488
2018-03-16,0.002610954680105193
2018-03-19,-0.013764859141006447
2018-03-20,0.009053160777400926
2018-03-21,-0.01383175384364177
2018-03-22,-0.007960541454194225
2018-03-23,-0.009935048477227815
2018-03-26,0.010420667531512828
2018-03-27,0.02788386301477641
2018-03-28,0.002601252144969868
2018-03-29,0.012972604308572055
2018-04-02,-0.018294896298388097
2018-04-03,0.005218016588529606
2018-04-04,0.007786395342731289
2018-04-05,-0.015820450279549703
2018-04-06,0.009719634897813911
2018-04-09,-0.002961827869905398
2018-04-10,-0.013739390351404923
2018-04-11,0.007153634837695488
2018-04-12,0.004112208074270374
2018-04-13,0.01824265986360074
2018-04-16,0.006215794887137305
2018-04-17,-0.005087273585743346
2018-04-18,0.0003652907121940441
2018-04-19,-0.028842641044083628
2018-04-20,0.029699245727893286
2018-04-23,0.00036507027776933043
2018-04-24,0.014963463223020668
2018-04-25,0.0017979556356246817
2018-04-26,0.012562844818003072
2018-04-27,-0.017724278261939563
2018-04-30,-0.0028870073141419317
2018-05-01,0.014115104658248612
2018-05-02,-0.01713065542134229
2018-05-03,-0.010166985640258197
2018-05-04,-0.005502606205372462
2018-05-07,0.011066016882955276
2018-05-08,-0.0032834092413687177
2018-05-09,0.0018301155989712825
2018-05-10,0.028132956904338924
2018-05-11,-0.0028428917243247254
2018-05-14,0.012829655532734296
2018-05-15,-0.0021112040624781114
2018-05-16,-0.007404763293895611
2018-05-17,0.015630518458340514
2018-05-18,-0.0041973011750390254
2018-05-21,-0.012996116046458672
2018-05-22,0.03487546319809742
2018-05-23,0.0020632881627964395
2018-05-24,0.008922451126237352
2018-05-25,-0.00034019248975003524
2018-05-29,-0.021776078138345922
2018-05-30,0.003478257552437247
2018-05-31,0.023223539855611985
2018-06-01,0.0033875307563611123
2018-06-04,-0.010803452932210744
2018-06-05,-0.013651863802616737
2018-06-06,0.002076056513945934
2018-06-07,0.011740386527900881
2018-06-08,-0.013651863802616737
2018-06-11,0.0204151469545244
2018-06-12,-0.003390976895306541
2018-06-13,0.008166100283936384
2018-06-14,0.0006749426262557812
2018-06-15,0.019224337897916888
2018-06-18,-0.023494406828080572
2018-06-19,-0.017282236619979074
2018-06-20,0.022068927302231423
2018-06-21,0.003711173425626768
2018-06-22,-0.010084024319817808
2018-06-25,-0.007470233095656864
2018-06-26,0.005473757603109419
2018-06-27,0.019394407051998463
2018-06-28,-0.01869158655386083
2018-06-29,-0.005442187793715192
2018-07-02,-0.021203842583400467
2018-07-03,0.002795212101733835
2018-07-05,-0.011498255639887045
2018-07-06,0.007402237453820515
2018-07-09,-0.010496840787028172
2018-07-10,-0.014144257737559451
2018-07-11,0.014705842110124046
2018-07-12,-0.011311440400496031
2018-07-13,-0.016088608859522124
2018-07-16,0.0025435934755442258
2018-07-17,-0.006886572298768989
2018-07-18,-0.006934326036361793
2018-07-19,0.0176406093526853
2018-07-20,-0.00433372469913107
2018-07-23,-0.013057676369216398
2018-07-24,0.00404268893051718
2018-07-25,0.015739378134207227
2018-07-26,0.0018017570632467006
2018-07-27,0.015107933721349553
2018-07-30,-0.008858998983299338
2018-07-31,-0.005362841206232871
2018-08-01,-0.008626947263559614
2018-08-02,0.021029764287177732
2018-08-03,0.013139183619560013
2018-08-06,0.002453547025913938
2018-08-07,0.012937126100674767
2018-08-08,0.01794953607959382
2018-08-09,0.002034602306637101
2018-08-10,-0.0037224765712390306
2018-08-13,-0.00475541404131552
2018-08-14,0.00989762566835517
2018-08-15,-0.006421106013997591
2018-08-16,-0.010884375587430273
2018-08-17,0.013067437039621987
2018-08-20,-0.001697255353896976
2018-08-21,0.013260807390214069
2018-08-22,-0.008053667541774834
2018-08-23,0.0027063250204888423
2018-08-24,-0.015856926972726892
2018-08-27,-0.0140555800531027
2018-08-28,-0.008344899176958354
2018-08-29,0.015077132841030627
2018-08-30,-0.007253854433720841
2018-08-31,0.014613714626075414
2018-09-04,-0.031892983085852866
2018-09-05,-0.009918483309854675
2018-09-06,-0.008228980779795059
2018-09-07,0.001442982826208139
2018-09-10,0.010086411274793816
2018-09-11,0.008559261303710874
2018-09-12,0.0003535811515111842
2018-09-13,-0.004241811219342861
2018-09-14,-0.017749362397436408
2018-09-17,0.016985880742973247
2018-09-18,0.04228862866186245
2018-09-19,-0.008523728134871122
2018-09-20,0.023383795866471324
2018-09-21,0.0003359971428227304
2018-09-24,0.020490463136699333
2018-09-25,0.014483182622660795
2018-09-26,-0.01979237779984211
2018-09-27,0.011585596455273572
2018-09-28,-0.01570683814288465
2018-10-01,0.028590494358721186
2018-10-02,0.02327077761211105
2018-10-03,0.020214823732152887
2018-10-04,-0.020123856605766655
2018-10-05,-0.00695105044289368
2018-10-08,0.03945277662074753
2018-10-09,-0.0003060690336734728
2018-10-10,0.0055112943318209595
2018-10-11,-0.018879426842883462
2018-10-12,-0.01893230059063733
2018-10-15,0.025624830529344278
2018-10-16,-0.0009253611614823409
2018-10-17,0.025007671866556835
2018-10-18,-0.03674698237117191
2018-10-19,0.016260177148436306
2018-10-22,-0.03446153494027948
2018-10-23,0.023581861527887993
2018-10-24,-0.014321296807091155
2018-10-25,0.011370819522852571
2018-10-26,-0.005309169413531323
2018-10-29,0.0
2018-10-30,0.000627972840193447
2018-10-31,0.023219291152471344
2018-11-01,-0.007359684155692214
2018-11-02,0.01451959576818429
2018-11-05,0.08617539563763676
2018-11-06,-0.003364128343123829
2018-11-07,0.0
2018-11-08,-0.0033755509699008313
2018-11-09,0.04967544993179529
2018-11-12,0.018553375597336386
2018-11-13,0.08262928102324119
2018-11-14,0.1794684445643353
2018-11-15,-0.16518499152793342
2018-11-16,0.05794941133403397
2018-11-19,0.10018726351381901
2018-11-20,-0.03765958573603467
2018-11-21,-0.01591853938329335
2018-11-23,-0.03212763851309952
2018-11-26,-0.01392756303564624
2018-11-27,0.0032956540694704106
2018-11-28,0.10628814165755385
2018-11-29,-0.014634197647428127
2018-11-30,-0.007318106018370685
2018-12-03,-0.05919335736474063
2018-12-04,0.027195101995781457
2018-12-06,-0.02916752166415637
2018-12-07,0.037208174180993314
2018-12-10,0.012700570695891145
2018-12-11,-0.030363038311897905
2018-12-12,-0.061493057512922555
2018-12-13,-0.0029013741464113396
2018-12-14,-0.07201749867464935
2018-12-17,-0.0781290289984159
2018-12-18,0.08786846160889983
2018-12-19,-0.02918186212361884
2018-12-20,-0.03837899172746417
2018-12-21,0.06502931723452288
2018-12-24,-0.09145701742854817
2018-12-26,0.021920961937474504
2018-12-27,0.027942415351814853
2018-12-28,-0.09308072223416941
2018-12-31,-0.10990006630678428
2019-01-02,0.0061224105837087706
2019-01-03,-0.00439486534387612
2019-01-04,0.033616291801679354
2019-01-07,-0.032851480807343014
2019-01-08,0.007812500632691899
2019-01-09,0.0057296797782151465
2019-01-10,-0.005026764962663632
2019-01-11,0.04378574321187645
2019-01-14,0.15876092501793337
2019-01-15,-0.025062698574255582
2019-01-16,-0.033418985147223634
2019-01-17,0.008569752756979021
2019-01-18,0.020216819092486515
2019-01-22,-0.12693858024000293
2019-01-23,-0.0197368235304084
2019-01-24,0.03993287156935277
2019-01-25,0.025492093181274766
2019-01-28,-0.08401509194119694
2019-01-29,0.01339746965077282
2019-01-30,-0.032542357484488416
2019-01-31,-0.014015486681307032
2019-02-01,-0.028429256146713544
2019-02-04,-0.02706652619678651
2019-02-05,0.0007518251793137143
2019-02-06,0.0
2019-02-07,-0.041697905740827546
2019-02-08,0.012544031731819727
2019-02-11,0.022841663384526756
2019-02-12,0.017411053940986188
2019-02-13,-0.042038659821475255
2019-02-14,-0.0007767353099205065
2019-02-15,0.02020988989564798
2019-02-19,0.014095215570359088
2019-02-20,-0.009767101226780928
2019-02-21,0.023141164877396703
2019-02-22,0.007415639869668089
2019-02-25,0.04379829138909663
2019-02-26,0.006699595781302525
2019-02-27,-0.01961470889801531
2019-02-28,0.0046445199460267705
2019-03-01,0.01671405786975022
2019-03-04,-0.00069949460097396
2019-03-05,0.00945045479364448
2019-03-06,-0.01490984115651861
2019-03-07,0.008799667808490952
2019-03-08,-0.0003488930714278249
2019-03-11,-0.03246071024103914
2019-03-12,0.004328948478623751
2019-03-13,0.012931039650620813
2019-03-14,0.012411378247956462
2019-03-15,-0.021015741638773178
2019-03-18,0.019677934467733804
2019-03-19,0.008421111806940162
2019-03-20,-0.018789192023181522
2019-03-21,0.0003546687812083782
2019-03-22,-0.02410495420436487
2019-03-25,0.0007265141463277391
2019-03-26,-0.005444683949575424
2019-03-27,-0.00985399646531393
2019-03-28,-0.00036865680705244763
2019-03-29,-0.01843656131472038
2019-04-01,0.017280242237580845
2019-04-02,-0.008862603367178257
2019-04-03,-0.0026080363050023925
2019-04-04,-0.01270084338010391
2019-04-05,0.00794557236473259
2019-04-08,0.016516482652990216
2019-04-09,-0.003323509278559289
2019-04-10,0.00037056909342458866
2019-04-11,-0.013333338042836096
2019-04-12,-0.0015014821509150567
2019-04-15,-0.026315853158898173
2019-04-16,-0.006949763730862424
2019-04-17,-0.021384162591828737
2019-04-18,-0.010727036487326091
2019-04-22,0.013654586249452594
2019-04-23,-0.027337562460899245
2019-04-24,0.0028513114867454448
2019-04-25,0.021121059314516577
2019-04-26,0.020684187366280637
2019-04-29,0.010522194298320908
2019-04-30,-0.006941723068492278
2019-05-01,0.01747566487070351
2019-05-02,-0.01183202300175179
2019-05-03,-0.008497518153747108
2019-05-06,-0.016751065174744006
2019-05-07,0.005150559353239492
2019-05-08,0.028774125315326637
2019-05-09,-0.005747075512830824
2019-05-10,0.009248527615991708
2019-05-13,0.0007636859458299838
2019-05-14,0.01449823260065175
2019-05-15,-0.021812655534727443
2019-05-16,0.014609714479780544
2019-05-17,-0.003031412348691531
2019-05-20,0.01596353274163964
2019-05-21,-0.022446756084779973
2019-05-22,-0.0267891065790391
2019-05-23,0.01376330557096006
2019-05-24,0.007757944295507357
2019-05-28,-0.006158595888958951
2019-05-29,0.019752083461645586
2019-05-30,-0.03266235056279643
2019-05-31,-0.03651352087056581
2019-06-03,-0.020782347154162384
2019-06-04,0.005409809569742574
2019-06-05,-0.015728423068261943
2019-06-06,-0.02270821646762522
2019-06-07,0.005593808995521421
2019-06-10,0.008558074565337304
2019-06-11,0.017819183236858382
2019-06-12,-0.005418929481665669
2019-06-13,-0.025565747023090113
2019-06-14,0.026666681706691397
2019-06-17,-0.00041900540601869096
2019-06-18,-0.024308403735597617
2019-06-19,-0.022336788764012572
2019-06-20,-0.03998246010259976
2019-06-21,0.00045774186065128397
2019-06-24,0.05352235075908385
2019-06-25,0.0021711309157157466
2019-06-26,-0.007365770241767433
2019-06-27,0.014404187675288505
2019-06-28,-0.006884593296251906
2019-07-01,-0.017764352787586257
2019-07-02,-0.011909991568584966
2019-07-03,0.022321407189022757
2019-07-05,0.055895206599592795
2019-07-08,-0.006203418772574243
2019-07-09,0.009155153933762428
2019-07-10,0.00783507372345027
2019-07-11,-0.011456676056755488
2019-07-12,0.015314644447422365
2019-07-15,-0.018344914404525237
2019-07-16,-0.04235880332883013
2019-07-17,-0.0008673432198811337
2019-07-18,-0.007378455155160446
2019-07-19,-0.015741151850537927
2019-07-22,0.027099116251886102
2019-07-23,-0.005190347636351067
2019-07-24,-0.03478257624548586
2019-07-25,0.010810778882343275
2019-07-26,-0.03342248176745943
2019-07-29,-0.012909118988902901
2019-07-30,-0.001868261766001189
2019-07-31,0.04492276666397421
2019-08-01,-0.013882730305883495
2019-08-02,-0.03678467520664319
2019-08-05,-0.024045316839848896
2019-08-06,0.019806825659230087
2019-08-07,-0.013263910724159778
2019-08-08,0.02160349375367332
2019-08-09,-0.004229352844816514
2019-08-12,-0.00660686136955102
2019-08-13,0.019952520157979103
2019-08-14,-0.0018631517380403029
2019-08-15,0.04153067183421988
2019-08-16,-0.014336945894473985
2019-08-19,0.004545450112051208
2019-08-20,0.003619862834880916
2019-08-21,-0.021641055121560115
2019-08-22,-0.00506919632066305
2019-08-23,-0.0032422277638500807
2019-08-26,0.03624538590241544
2019-08-27,-0.012556105878375523
2019-08-28,0.02225250997281547
2019-08-29,0.019991149597018643
2019-08-30,-0.004790905037340143
2019-09-03,0.03194746235516854
2019-09-04,0.036895628376016676
2019-09-05,-0.004089975761264686
2019-09-06,0.02505137993935258
2019-09-09,0.0356570451972269
2019-09-10,-0.0019342802193930142
2019-09-11,-0.010852666185147353
2019-09-12,0.008620625224685208
2019-09-13,0.015540094059560916
2019-09-16,0.025631182157534793
2019-09-17,-0.004848941242759253
2019-09-18,-0.011619152589946946
2019-09-19,-0.03754265224160469
2019-09-20,-0.001576117711512448
2019-09-23,-0.0027624189833131974
2019-09-24,-0.009497400039211179
2019-09-25,-0.00039949161501007246
2019-09-26,-0.02957638585082034
2019-09-27,-0.00988464979079462
2019-09-30,-0.030782079372955184
2019-10-01,-0.02017164501048241
2019-10-02,-0.015768731262262747
2019-10-03,0.03649310989398913
2019-10-04,0.009875483875062763
2019-10-07,-0.02083334389254643
2019-10-08,-0.006513185696707113
2019-10-09,-0.023601458354695293
2019-10-10,-0.007162055799980083
2019-10-11,-0.0018034033446965303
2019-10-14,0.029810291390795385
2019-10-15,0.02587719999962368
2019-10-16,-0.015391198613482482
2019-10-17,0.0065132892219272875
2019-10-18,0.0008627502045019941
2019-10-21,-0.03534483600243965
2019-10-22,0.015192207142501024
2019-10-23,0.004401404109089402
2019-10-24,0.014899175690249233
2019-10-25,-0.006908476912928174
2019-10-28,0.06347832604031622
2019-10-29,0.061733351736205755
2019-10-30,0.03619565086668408
2019-10-31,-0.021553358627616204
2019-11-01,0.03076342302085866
2019-11-04,0.039425244310962615
2019-11-05,0.014533813517293437
2019-11-06,-0.011879776389696284
2019-11-07,-0.01980197769386849
2019-11-08,0.006132741518573237
2019-11-11,-0.054499802272439335
2019-11-12,-0.006067513051088658
2019-11-13,-0.00801226495735441
2019-11-14,0.018076989029993884
2019-11-15,0.015489190865731528
2019-11-18,-0.04538689756844094
2019-11-19,-0.021823848250568822
2019-11-20,0.019521922303469275
2019-11-21,0.003126180912650378
2019-11-22,0.03817688077157366
2019-11-25,-0.050281450229114566
2019-11-26,-0.024101095510336012
2019-11-27,0.012550566215161263
2019-11-29,-0.08796482806311634
2019-12-02,0.02104344559493687
2019-12-03,0.048089303881216905
2019-12-04,-0.01720608585647454
2019-12-05,0.011671578646082592
2019-12-06,-0.03831888479441581
2019-12-09,-0.04370179659729512
2019-12-10,0.0143368390761196
2019-12-11,-0.009275578186131783
2019-12-12,0.03789569192620945
2019-12-13,-0.013745731918388793
2019-12-16,0.01959933633239541
2019-12-17,-0.009397724747440273
2019-12-18,-0.014230268343759955
2019-12-19,-0.005686794124306616
2019-12-20,0.02419712569777821
2019-12-23,-0.048969105950837255
2019-12-24,-0.018970214799634344
2019-12-26,0.05616942121363411
2019-12-27,-0.05928505810751572
2019-12-30,0.012975030791130049
2019-12-31,0.001372270088318528
2020-01-02,-0.030607544810224097
2020-01-03,0.0037700921304677504
2020-01-06,0.0023473595087817323
2020-01-07,0.01264634685224375
2020-01-08,-0.009713186411463903
2020-01-09,0.01167671955639249
2020-01-10,0.0166205056279336
2020-01-13,-0.009082643873763119
2020-01-14,0.0022915282402009574
2020-01-15,-0.030635642236084948
2020-01-16,-0.020283011865598333
2020-01-17,-0.035628254795433745
2020-01-21,-0.05391914075040072
2020-01-22,0.005277039875413392
2020-01-23,0.011023636730679298
2020-01-24,-0.0171339524335129
2020-01-27,0.004754328421276766
2020-01-28,0.016824429907568383
2020-01-29,-0.02947261662785905
2020-01-30,-0.025572711094282163
2020-01-31,0.006560942995668784
2020-02-03,-0.011950003066029335
2020-02-04,0.029136873628585302
2020-02-05,-0.005876088310140748
2020-02-06,0.0005373706401410328
2020-02-07,-0.0021482000677609525
2020-02-10,-0.049515611219634215
2020-02-11,0.012457505534186675
2020-02-12,0.03131990753146008
2020-02-13,-0.009761392002491598
2020-02-14,0.006024116836072846
2020-02-18,0.07838864084084296
2020-02-19,-0.013124636234137177
2020-02-20,-0.017902856809401957
2020-02-21,-0.007812492724042386
2020-02-24,-0.040944855972022576
2020-02-25,0.010946896927421346
2020-02-26,-0.014076893799625956
2020-02-27,-0.03789127209275145
2020-02-28,-0.038812762552170366
2020-03-02,0.04275535988746193
2020-03-03,0.025056895958533554
2020-03-04,0.015000039074157145
2020-03-05,-0.030104031799061293
2020-03-06,-0.03611738832353051
2020-03-09,0.0409836385942739
2020-03-10,0.08886388786549326
2020-03-11,-0.02995866159247218
2020-03-12,-0.019701842208797005
2020-03-13,0.015209124244249583
2020-03-16,-0.02889240344047328
2020-03-17,-0.04738296538057252
2020-03-18,-0.07229612608413061
2020-03-19,0.03117211495491712
2020-03-20,-0.030229788512347366
2020-03-23,-0.0012468667613949602
2020-03-24,0.03183520543511009
2020-03-25,0.0036297894567784983
2020-03-26,-0.013261045128439508
2020-03-27,-0.0018326335036661368
2020-03-30,0.03427179645998013
2020-03-31,-0.02958584013766763
2020-04-01,-0.03231705717037714
2020-04-02,-0.022054169091352382
2020-04-03,0.04445876526216819
2020-04-06,0.06785927921109214
2020-04-07,0.06990182277964951
2020-04-08,-0.03725702256647301
2020-04-09,-0.02804259816614274
2020-04-13,-0.0051933426050139175
2020-04-14,-0.04292343499774576
2020-04-15,-0.03151510746573116
2020-04-16,0.05506879673817111
2020-04-17,0.03973904619699398
2020-04-20,0.09754706318772288
2020-04-21,-0.05353432614099807
2020-04-22,0.06479957815229498
2020-04-23,-0.0639504654972105
2020-04-24,-0.038016530879737
2020-04-27,0.0418098236371669
2020-04-28,-0.013743802132764937
2020-04-29,0.041805979508627855
2020-04-30,0.04280366223191945
2020-05-01,-0.03027194213951745
2020-05-04,0.05449737862554693
2020-05-05,0.07074763184439559
2020-05-06,-0.08903470085116771
2020-05-07,-0.025720140004687586
2020-05-08,-0.03748685173184518
2020-05-11,0.0016456506067838994
2020-05-12,-0.0580503548924578
2020-05-13,-0.06046509919390941
2020-05-14,0.04022273251730524
2020-05-15,-0.020820920131194076
2020-05-18,0.08323205492839536
2020-05-19,0.026360095763235947
2020-05-20,-0.032240444740535
2020-05-21,-0.034443810591183066
2020-05-22,0.012280647940816403
2020-05-26,0.03581746860339852
2020-05-27,-0.039598427580921025
2020-05-28,0.06097562073114626
2020-05-29,0.012041573570433117
2020-06-01,-0.04056242801667209
2020-06-02,0.001691038156312219
2020-06-03,0.024760850192358408
2020-06-04,0.000549174487116888
2020-06-05,-0.021953940985775744
2020-06-08,0.003928220485548417
2020-06-09,-0.012297414177975696
2020-06-10,0.007357109076839841
2020-06-11,0.018539321854505353
2020-06-12,-0.04522891274418994
2020-06-15,-0.03581739973610065
2020-06-16,-0.03295390400416787
2020-06-17,0.014869918953191785
2020-06-18,0.0
2020-06-19,0.018925529855449597
2020-06-22,-0.0029958029616901083
2020-06-23,-0.016226003041556192
2020-06-24,-0.024434919190737148
2020-06-25,-0.07201002462787776
2020-06-26,0.008771937586134149
2020-06-29,0.14314380332173693
2020-06-30,0.02457580779639912
2020-07-01,-0.04568820147363373
2020-07-02,0.037701953091893836
2020-07-06,0.05536336628340477
2020-07-07,0.025136613516913098
2020-07-08,-0.027718573817205105
2020-07-09,-0.02467102909053054
2020-07-10,0.014614897716555886
2020-07-13,-0.0365650895618429
2020-07-14,0.004025352985294717
2020-07-15,0.01832757428220111
2020-07-16,-0.030933603845002433
2020-07-17,-0.002901912413069918
2020-07-20,-0.044819568974471924
2020-07-21,0.02071902450916796
2020-07-22,0.0035821147059573732
2020-07-23,0.06186791951068171
2020-07-24,0.012885155371113566
2020-07-27,-0.04092920477973894
2020-07-28,0.03806227564900655
2020-07-29,0.03000001192092938
2020-07-30,-0.013484345486015403
2020-07-31,-0.01640239007782429
2020-08-03,0.16787106259806284
2020-08-04,0.04378867422139199
2020-08-05,-0.0009120352889925298
2020-08-06,-0.011866738050778314
2020-08-07,0.033718224253986406
2020-08-10,-0.037980251526283815
2020-08-11,0.008360374590671515
2020-08-12,-0.00875175189883759
2020-08-13,0.013940507472627761
2020-08-14,0.07974336894205636
2020-08-17,-0.007215602856974979
2020-08-18,0.033347613984518576
2020-08-19,0.003723650284045643
2020-08-20,-0.03050293345252275
2020-08-21,0.04081630791191837
2020-08-24,0.026552311452584743
2020-08-25,-0.009550310114924798
2020-08-26,-0.0112495441645738
2020-08-27,0.047948001691890285
2020-08-28,0.03024430739818662
2020-08-31,-0.010161817745556134
2020-09-01,-0.03916355876428468
2020-09-02,-0.01622472899817229
2020-09-03,0.0004022234498000099
2020-09-04,0.0406112066894484
2020-09-08,-0.07264295187989078
2020-09-09,0.002499918043616489
2020-09-10,-0.03449706906657535
2020-09-11,-0.023245760603520238
2020-09-14,0.018069585019285794
2020-09-15,0.02251084288504246
2020-09-16,-0.04022016472079282
2020-09-17,-0.09925006996381236
2020-09-18,0.0029383162581499978
2020-09-21,-0.10400393018107812
2020-09-22,-0.0005449845826988042
2020-09-23,0.1586695801226503
2020-09-24,0.05788230895996094
2020-09-25,-0.04848753207594381
2020-09-28,-0.017765249872486955
2020-09-29,0.21894337110696016
2020-09-30,-0.013276125289563123
2020-10-01,0.0
2020-10-02,-0.03521962342506457
2020-10-05,0.07260051206209295
2020-10-06,-0.036328882701250564
2020-10-07,0.03412697076136695
2020-10-08,0.008058383459788487
2020-10-09,0.04339544710379517
2020-10-12,0.05107628898907124
2020-10-13,-0.009024652033840397
2020-10-14,-0.07670756554339642
2020-10-15,0.05273148016246121
2020-10-16,-0.0007207543752602019
2020-10-19,0.007933672690755289
2020-10-20,0.04221825663562817
2020-10-21,0.03776172024113911
2020-10-22,-0.005292766263589654
2020-10-23,-0.011972069742866465
2020-10-26,0.01783910268586464
2020-10-27,-0.0016533981941211362
2020-10-28,-0.007618417191282312
2020-10-29,0.10180242373649495
2020-10-30,0.01605573202012689
2020-11-02,-0.03279669961591436
2020-11-03,-0.05702834314813365
2020-11-04,-0.004249758541760573
2020-11-05,-0.03414316855629962
2020-11-06,-0.01835482747392514
2020-11-09,-0.010041566396849833
2020-11-10,0.0314795086358981
2020-11-11,0.02780604288041988
2020-11-12,-0.01814577042988108
2020-11-13,0.006384346282468867
2020-11-16,-0.09949912195090882
2020-11-17,-0.0018539541681171778
2020-11-18,0.00742941366209382
2020-11-19,-0.044247747155328865
2020-11-20,0.02237657699356399
2020-11-23,0.023018818152847897
2020-11-24,0.02360757303954597
2020-11-25,0.043603534746478045
2020-11-27,-0.018301096330329614
2020-11-30,0.013717916011916964
2020-12-01,-0.0006939122354894245
2020-12-02,-0.03472227051302046
2020-12-03,-0.09820144054565261
2020-12-04,0.027124084175929486
2020-12-07,-0.06563112452180875
2020-12-08,-0.0029093806219989693
2020-12-09,0.017924128428012498
2020-12-10,0.045454572081593536
2020-12-11,0.014884491660392518
2020-12-14,0.035121512495764895
2020-12-15,0.0
2020-12-16,-0.0018642342163028847
2020-12-17,-0.015315699324341181
2020-12-18,0.02427926088429233
2020-12-21,0.0018518059014955845
2020-12-22,0.02772645094235715
2020-12-23,-0.06187047953438052
2020-12-24,-0.03450926043161262
2020-12-28,-0.08459087777146224
2020-12-29,0.070281967974128
2020-12-30,-0.01824080914259385
2020-12-31,0.04830722804038823
2021-01-04,0.01654196720960499
2021-01-05,0.04688097980518058
2021-01-06,0.0051814129857303826
2021-01-07,0.004786454735145496
2021-01-08,-0.010626618869960636
2021-01-11,0.017407381668666844
2021-01-12,0.0021842162386227493
2021-01-13,-0.009444250886318506
2021-01-14,-0.022368943440241096
2021-01-15,0.026631696222165102
2021-01-19,-0.06978443023011704
2021-01-20,-0.0027493988499347477
2021-01-21,-0.018905118797055698
2021-01-22,-0.018064969495150796
2021-01-25,0.06377755216064163
2021-01-26,0.020753228615470576
2021-01-27,0.039156662466513836
2021-01-28,-0.034782592921265953
2021-01-29,-0.03753759075165031
2021-02-01,0.11154447171545612
2021-02-02,-0.0017543425226829168
2021-02-03,-0.019683653326818873
2021-02-04,0.05234847854070401
2021-02-05,-0.024531525760335904
2021-02-08,0.006636414237761734
2021-02-09,-0.01630809570892877
2021-02-10,0.026807751034156446
2021-02-11,-0.01477155020152554
2021-02-12,0.01534167011381582
2021-02-16,0.07451923490231915
2021-02-17,0.028763232364701574
2021-02-18,-0.04255982591518759
2021-02-19,-0.004218043923323922
2021-02-22,-0.03779730754031185
2021-02-23,-0.025059301876829698
2021-02-24,-0.008683521151802709
2021-02-25,-0.026979726234664048
2021-02-26,-0.0021606201184074525
2021-03-01,0.002165298505921731
2021-03-02,0.022326264798994577
2021-03-03,-0.008101444880420972
2021-03-04,-0.024857930973756992
2021-03-05,-0.01638750016388002
2021-03-08,-0.013698608371661258
2021-03-09,-0.0007507858236887044
2021-03-10,0.01126971151619971
2021-03-11,-0.008915278681392858
2021-03-12,-0.02548728584663129
2021-03-15,-0.044615362043210816
2021-03-16,0.03140099423620213
2021-03-17,-0.01327085066761391
2021-03-18,-0.018591838445767506
2021-03-19,0.021765473760117615
2021-03-22,0.018540406210695526
2021-03-23,-0.028659999872572617
2021-03-24,0.003987237190562043
2021-03-25,0.020651329666534934
2021-03-26,-0.005058370343102858
2021-03-29,0.011341433224846709
2021-03-30,0.014307788616941819
2021-03-31,-0.005718592077794793
2021-04-01,0.011886464123626705
2021-04-05,-0.04850322998910106
2021-04-06,-0.021903556405840297
2021-04-07,0.026058586704029274
2021-04-08,0.0007936878869925224
2021-04-09,0.001586022356704353
2021-04-12,0.01385593250734396
2021-04-13,0.022647343560040722
2021-04-14,-0.0003817974558124604
2021-04-15,0.015278824059111518
2021-04-16,0.008276927934441236
2021-04-19,0.02574627015048403
2021-04-20,-0.00800293699765342
2021-04-21,-0.01283464827838987
2021-04-22,0.02117390864600388
2021-04-23,-0.006911623464828098
2021-04-26,0.021978000864594893
2021-04-27,0.029749084523916336
2021-04-28,0.01809956403339852
2021-04-29,-0.00478630399763158
2021-04-30,0.006870484656400722
2021-05-03,0.01194134626373855
2021-05-04,0.0003371299709187259
2021-05-05,-0.009774197436618559
2021-05-06,-0.003403672766032928
2021-05-07,0.010245891961531806
2021-05-10,-0.008789730687752129
2021-05-11,0.00784447562100854
2021-05-12,0.0047377928070684305
2021-05-13,0.0013472375767584754
2021-05-14,-0.004036355103657185
2021-05-17,0.04998311503660324
2021-05-18,-0.031199705584876503
2021-05-19,-0.015936286831790603
2021-05-20,-0.013157906379201334
2021-05-21,-0.00649574486000104
2021-05-24,-0.006882306132912075
2021-05-25,0.009355575050180587
2021-05-26,0.02437344941990527
2021-05-27,-0.008713144494204461
2021-05-28,0.00946589481807103
2021-06-01,0.039517758910115885
2021-06-02,-0.009342797362648203
2021-06-03,-0.011056961880552496
2021-06-04,0.018414993855683903
2021-06-07,-0.008718098619073689
2021-06-08,0.018892537133306186
2021-06-09,0.0003196699213698917
2021-06-10,0.006391812481841397
2021-06-11,0.04668151085455685
2021-06-14,0.016990289506414458
2021-06-15,-0.03341288443306645
2021-06-16,0.003395036404824525
2021-06-17,0.0006152240863346314
2021-06-18,-0.011681557505820672
2021-06-21,-0.007464986024518061
2021-06-22,0.02099652540969732
2021-06-23,0.02302027319052513
2021-06-24,0.02550256212349189
2021-06-25,0.022820382988966825
2021-06-28,0.03461099820251756
2021-06-29,0.003594141850679078
2021-06-30,0.0055096364451752144
2021-07-01,0.0030136760812606855
2021-07-02,0.010652836435412594
2021-07-06,-0.0170270170130985
2021-07-07,-0.01127306209686163
2021-07-08,0.02558398463619005
2021-07-09,-0.003796078932324476
2021-07-12,0.020413730859430324
2021-07-13,-0.014137095831547875
2021-07-14,-0.009740263091282508
2021-07-15,-0.01256830675845666
2021-07-16,0.01660208672327168
2021-07-19,0.028579210224510154
2021-07-20,0.025668135095447964
2021-07-21,0.021413876330632187
2021-07-22,0.011113834480058982
2021-07-23,0.014239361307384346
2021-07-26,0.010344900079711783
2021-07-27,-0.0319357076614083
2021-07-28,0.018383327486444445
2021-07-29,0.0037091656611698554
2021-07-30,-0.035723079670219926
2021-08-02,0.0053653316972563925
2021-08-03,0.023379926039950538
2021-08-04,0.03253043048792836
2021-08-05,-0.004329034612322702
2021-08-06,0.0
2021-08-09,-0.019323653692280396
2021-08-10,0.007142926772492508
2021-08-11,-0.007336808059935196
2021-08-12,-0.031042110629979525
2021-08-13,-0.018306642536662143
2021-08-16,0.02201503154708173
2021-08-17,-0.027622960784071893
2021-08-18,0.003909331592842236
2021-08-19,-0.005711338109421038
2021-08-20,0.005483067176023315
2021-08-23,0.024409208244168923
2021-08-24,-0.012420792300306571
2021-08-25,0.0002567161095570203
2021-08-26,0.07364637808413876
2021-08-27,0.044455035760507355
2021-08-30,-0.014874155359878904
2021-08-31,0.016724745545615205
2021-09-01,0.054375125418961945
2021-09-02,0.005633808055830913
2021-09-03,0.015298449113017032
2021-09-07,-0.030560283673589206
2021-09-08,0.0757443534774771
2021-09-09,0.023809544603050625
2021-09-10,-0.018485377183773855
2021-09-13,0.05933570927882781
2021-09-14,0.005543927085390088
2021-09-15,0.03802277577232216
2021-09-16,-0.022893772733822648
2021-09-17,-0.043111530914510254
2021-09-20,-0.023506343802298546
2021-09-21,-0.036108385226638284
2021-09-22,0.0
2021-09-23,0.0355879313056755
2021-09-24,0.03295820736820754
2021-09-27,0.11011673140921796
2021-09-28,0.023659346723048147
2021-09-29,-0.06231806858503597
2021-09-30,0.07120683761993396
2021-10-01,-0.0422703495150476
2021-10-04,0.026161209657552087
2021-10-05,0.09469303214028102
2021-10-06,-0.10091882564794741
2021-10-07,0.0003523973522976398
2021-10-08,-0.0197287277880569
2021-10-11,-0.039532841826904086
2021-10-12,0.029934580080410278
2021-10-13,0.01544051523704737
2021-10-14,0.017352351088621765
2021-10-15,-0.04870757169976814
2021-10-18,-0.07781885687410584
2021-10-19,0.019843652077653928
2021-10-20,0.016116403002012447
2021-10-21,-0.010638356743547184
2021-10-22,0.032258151725022666
2021-10-25,0.11704536536426602
2021-10-26,-0.002712749177338658
2021-10-27,0.05440329366229757
2021-10-28,-0.06772010105380089
2021-10-29,-0.06157038094109446
2021-11-01,-0.04423152280219245
2021-11-02,0.068646346991448
2021-11-03,0.023096402675657046
2021-11-04,0.008112875343162962
2021-11-05,-0.034989552711569116
2021-11-08,-0.01613483530704385
2021-11-09,-0.08255020277221015
2021-11-10,-0.019883505782572253
2021-11-11,0.0551229604707868
2021-11-12,-0.06952811551812721
2021-11-15,0.0471718460047843
2021-11-16,0.031891536991422775
2021-11-17,-0.06973151590556326
2021-11-18,0.01785713578492598
2021-11-19,0.03325175611189568
2021-11-22,-0.05449161298522176
2021-11-23,0.03716850532909577
2021-11-24,0.020334171934403678
2021-11-25,0.010063164930526503
2021-11-26,0.06407502859020231
2021-11-29,-0.10886725394585595
2021-11-30,-0.05912652943501773
2021-12-01,-0.0676592995828954
2021-12-02,-0.04744003503823713
2021-12-03,0.0187376066138345
2021-12-06,-0.11495641532932233
2021-12-07,0.01394582415440282
2021-12-08,0.028856557208660982
2021-12-09,-0.00026216669051892794
2021-12-10,0.0291033204507698
2021-12-13,-0.033375807274688474
2021-12-14,-0.012387963217177944
2021-12-15,0.014678427292545537
2021-12-16,-0.009468704081535328
2021-12-17,-0.020180556173689634
2021-12-20,0.03902440411186103
2021-12-21,0.009128807094998415
2021-12-22,0.027655754379439346
2021-12-23,-0.0616197483976455
2021-12-27,0.08818011281013916
2021-12-28,-0.0012315552983714895
2021-12-29,-0.007644799458510487
2021-12-30,-0.11505965204160717
2021-12-31,0.0474585524276816
2022-01-03,0.022788213863893292
2022-01-04,-0.025688086008173072
2022-01-05,0.0443906272570227
2022-01-06,-0.01803192524293884
2022-01-07,0.027282227740151432
2022-01-10,0.041624134682391345
2022-01-11,0.0416769003316817
2022-01-12,0.1430924432253493
2022-01-13,-0.12085647692042312
2022-01-14,-0.0018735121870979698
2022-01-18,0.004927242617023708
2022-01-19,-0.05883722986000384
2022-01-20,-0.05680974541084172
2022-01-21,0.05181484069726072
2022-01-24,0.0070017197854985724
2022-01-25,0.006456424933787952
2022-01-26,0.05526769765300377
2022-01-27,0.46481176972812
2022-01-28,-0.2595371048958809
2022-01-31,0.05065749872953074
2022-02-01,-0.025235975200946115
2022-02-02,0.15786150524977538
2022-02-03,-0.11143427088771718
2022-02-04,-0.0646481145665655
2022-02-07,-0.07436573722705841
2022-02-08,0.003780782447885045
2022-02-09,-0.0562618437568122
2022-02-10,-0.01247186732008465
2022-02-11,-0.004546634347570744
2022-02-14,0.06445069472306653
2022-02-15,0.026460084980448606
2022-02-16,0.09544815437120446
2022-02-17,-0.04897179271159913
2022-02-18,-0.01226032714897729
2022-02-22,0.015120719644194036
2022-02-23,0.027790128050596996
2022-02-24,-0.011897102195802534
2022-02-25,-0.021453601801292077
2022-02-28,-0.015212492835441127
2022-03-01,0.038845980404613734
2022-03-02,0.04132957174538032
2022-03-03,-0.008399823844621235
2022-03-04,0.06226168240909202
2022-03-07,-0.036483177515187815
2022-03-08,-0.06331475710806
2022-03-09,-0.00022088083315807694
2022-03-10,0.023199297070812364
2022-03-11,0.02029796195620004
2022-03-14,-0.014179875897198158
2022-03-15,-0.01932163004192855
2022-03-16,0.03940462160444014
2022-03-17,0.050968748688145604
2022-03-18,-0.02545087392119172
2022-03-21,0.007608509136192154
2022-03-22,0.05857136670771679
2022-03-23,0.008675550038164337
2022-03-24,0.03230125245402071
2022-03-25,0.03147566664942136
2022-03-28,-0.01130859828708386
2022-03-29,-0.031227293854713345
2022-03-30,0.05041230418600651
2022-03-31,0.006601280850109248
2022-04-01,0.013824811961191674
2022-04-04,-0.0013985834434629973
2022-04-05,0.05602244006393886
2022-04-06,-0.0004973904786401695
2022-04-07,0.05473551354983952
2022-04-08,-0.012737903041364462
2022-04-11,0.058139575510104624
2022-04-12,0.005569727796547852
2022-04-13,0.04745514928822425
2022-04-14,0.04330426809791854
2022-04-18,0.07123287223834551
2022-04-19,-0.08235294619807432
2022-04-20,-0.033305506758083525
2022-04-21,0.0028830880076997634
2022-04-22,-0.06080205150334961
2022-04-25,0.020661192307464882
2022-04-26,0.02714046361097644
2022-04-27,0.06087595613682817
2022-04-28,-0.05215359523527685
2022-04-29,0.05168408043013373
2022-05-02,0.031888452226992214
2022-05-03,0.064080280623934
2022-05-04,0.057958255706414
2022-05-05,0.04373143579153882
2022-05-06,-0.08425364587965023
2022-05-09,-0.12644537739499062
2022-05-10,0.051095958557380916
2022-05-11,0.03452940144896499
2022-05-12,0.012958112413862688
2022-05-13,-0.009820356418376752
2022-05-16,0.03823564404688451
2022-05-17,0.04374058020343008
2022-05-18,0.007707144805409127
2022-05-19,-0.007170222203379706
2022-05-20,-0.027082262678514102
2022-05-23,0.08177659740149412
2022-05-24,0.005946830914446366
2022-05-25,0.019895429757372574
2022-05-26,-0.007022598074260311
2022-05-27,-0.02031878715922708
2022-05-31,-0.06668955688950717
2022-06-01,0.06764881650721755
2022-06-02,-0.024264080048104875
2022-06-03,0.004478504224996627
2022-06-06,0.09374631098779895
2022-06-07,-0.0031108485318155354
2022-06-08,-0.06391906257706315
2022-06-09,0.030348307631049565
2022-06-10,-0.012607376138054294
2022-06-13,-0.027231657072092852
2022-06-14,-0.16494366852324271
2022-06-15,0.03213241652895715
2022-06-16,0.005929939126789074
2022-06-17,-0.06966779770682474
2022-06-20,-0.036002305353918684
2022-06-21,0.01703022473819016
2022-06-22,0.007344258703486206
2022-06-23,-0.09025954738153952
2022-06-24,-0.0030453684696369887
2022-06-27,0.045176872477104
2022-06-28,0.0076911538674531155
2022-06-29,-0.008090363660569144
2022-06-30,-0.16528167661165893
2022-07-01,0.05641597432674872
2022-07-05,-0.036125698934672545
2022-07-06,-0.0023537090645685543
2022-07-07,0.14283115603668883
2022-07-08,-0.04176592255231537
2022-07-11,0.06496523095269047
2022-07-12,-0.04092748313168182
2022-07-13,0.08534804701801546
2022-07-14,-0.013305460209511843
2022-07-15,0.06303028717951764
2022-07-18,0.06599206259126755
